user_id,user_email,category_id,category_name,amount,movement_type,date,base_income,income_frequency
1,sebasggc11006@gmail.com,12,Inversiones,10000000.0,investment,2026-04-30,1000000.0,monthly
2,camilo.morap@gmail.com,12,Inversiones,250000.0,investment,2026-04-23,2000000.0,monthly
1,sebasggc11006@gmail.com,12,Inversiones,500000.0,investment,2026-04-23,1000000.0,monthly
1,sebasggc11006@gmail.com,11,Ingresos,250000.0,income,2026-04-23,1000000.0,monthly
2,camilo.morap@gmail.com,10,Suscripciones,50000.0,expense,2026-04-23,2000000.0,monthly
1,sebasggc11006@gmail.com,2,Alimentacion,250000.0,expense,2026-04-23,1000000.0,monthly
2,camilo.morap@gmail.com,4,Vivienda,200000.0,expense,2026-04-23,2000000.0,monthly
1,sebasggc11006@gmail.com,3,Transporte,20000.0,expense,2026-04-23,1000000.0,monthly
2,camilo.morap@gmail.com,2,Alimentacion,250000.0,expense,2026-04-17,2000000.0,monthly
2,camilo.morap@gmail.com,3,Transporte,300000.0,expense,2026-04-17,2000000.0,monthly
2,camilo.morap@gmail.com,2,Alimentacion,250000.0,expense,2026-04-17,2000000.0,monthly
2,camilo.morap@gmail.com,9,Compras,200000.0,expense,2026-04-17,2000000.0,monthly
1,sebasggc11006@gmail.com,12,Inversiones,200000.0,investment,2026-04-17,1000000.0,monthly
1,sebasggc11006@gmail.com,11,Ingresos,700000.0,investment,2026-04-15,1000000.0,monthly
1,sebasggc11006@gmail.com,12,Inversiones,700000.0,income,2026-04-15,1000000.0,monthly
1,sebasggc11006@gmail.com,10,Suscripciones,100000.0,expense,2026-04-15,1000000.0,monthly
1,sebasggc11006@gmail.com,11,Ingresos,200000.0,income,2026-04-15,1000000.0,monthly
1,synthetic_user_1@example.com,0,Ingreso Base,1710.12,income,2025-11-08,1767.59,monthly
1,synthetic_user_1@example.com,0,Inversion,58.94,investment,2025-11-30,1767.59,monthly
1,synthetic_user_1@example.com,0,Salud,160.79,expense,2025-11-13,1767.59,monthly
1,synthetic_user_1@example.com,0,Salud,80.85,expense,2025-11-04,1767.59,monthly
1,synthetic_user_1@example.com,0,Suscripciones,145.01,expense,2025-11-05,1767.59,monthly
1,synthetic_user_1@example.com,0,Ingresos,136.82,expense,2025-11-23,1767.59,monthly
1,synthetic_user_1@example.com,0,Otro,124.09,expense,2025-11-23,1767.59,monthly
1,synthetic_user_1@example.com,0,Servicios,150.25,expense,2025-11-11,1767.59,monthly
1,synthetic_user_1@example.com,0,Gastos generales,142.37,expense,2025-11-22,1767.59,monthly
1,synthetic_user_1@example.com,0,Ingreso adicional,140.42,expense,2025-11-01,1767.59,monthly
1,synthetic_user_1@example.com,0,Ingresos,101.51,expense,2025-11-16,1767.59,monthly
1,synthetic_user_1@example.com,0,Ocio,103.33,expense,2025-11-13,1767.59,monthly
1,synthetic_user_1@example.com,0,Gastos generales,79.16,expense,2025-11-18,1767.59,monthly
1,synthetic_user_1@example.com,0,Ocio,100.88,expense,2025-11-13,1767.59,monthly
1,synthetic_user_1@example.com,0,Ingreso Base,1790.61,income,2025-12-08,1767.59,monthly
1,synthetic_user_1@example.com,0,Inversion,76.82,investment,2025-12-12,1767.59,monthly
1,synthetic_user_1@example.com,0,Servicios,90.03,expense,2025-12-10,1767.59,monthly
1,synthetic_user_1@example.com,0,Vivienda,95.82,expense,2025-12-12,1767.59,monthly
1,synthetic_user_1@example.com,0,Otro,61.22,expense,2025-12-23,1767.59,monthly
1,synthetic_user_1@example.com,0,Servicios,108.07,expense,2025-12-02,1767.59,monthly
1,synthetic_user_1@example.com,0,Suscripciones,87.15,expense,2025-12-14,1767.59,monthly
1,synthetic_user_1@example.com,0,Suscripciones,91.48,expense,2025-12-22,1767.59,monthly
1,synthetic_user_1@example.com,0,Otro,78.53,expense,2025-12-10,1767.59,monthly
1,synthetic_user_1@example.com,0,Gastos generales,58.92,expense,2025-12-01,1767.59,monthly
1,synthetic_user_1@example.com,0,Salud,85.6,expense,2025-12-25,1767.59,monthly
1,synthetic_user_1@example.com,0,Alimentacion,119.24,expense,2025-12-14,1767.59,monthly
1,synthetic_user_1@example.com,0,Salud,99.22,expense,2025-12-07,1767.59,monthly
1,synthetic_user_1@example.com,0,Compras,40.87,expense,2025-12-09,1767.59,monthly
1,synthetic_user_1@example.com,0,Gastos generales,54.26,expense,2025-12-10,1767.59,monthly
1,synthetic_user_1@example.com,0,rappi,69.58,expense,2025-12-26,1767.59,monthly
1,synthetic_user_1@example.com,0,Ingreso Base,1714.12,income,2026-01-07,1767.59,monthly
1,synthetic_user_1@example.com,0,Inversion,82.93,investment,2026-01-15,1767.59,monthly
1,synthetic_user_1@example.com,0,Ingresos,54.04,expense,2026-01-20,1767.59,monthly
1,synthetic_user_1@example.com,0,Gastos generales,71.26,expense,2026-01-08,1767.59,monthly
1,synthetic_user_1@example.com,0,Salud,31.06,expense,2026-01-20,1767.59,monthly
1,synthetic_user_1@example.com,0,Ocio,63.87,expense,2026-01-09,1767.59,monthly
1,synthetic_user_1@example.com,0,Otro,83.16,expense,2026-01-14,1767.59,monthly
1,synthetic_user_1@example.com,0,Salud,81.71,expense,2026-01-20,1767.59,monthly
1,synthetic_user_1@example.com,0,Ocio,74.14,expense,2026-01-17,1767.59,monthly
1,synthetic_user_1@example.com,0,Salud,87.45,expense,2026-01-03,1767.59,monthly
1,synthetic_user_1@example.com,0,Salud,105.26,expense,2026-01-18,1767.59,monthly
1,synthetic_user_1@example.com,0,Gastos generales,46.65,expense,2026-01-04,1767.59,monthly
1,synthetic_user_1@example.com,0,Transporte,54.25,expense,2026-01-27,1767.59,monthly
1,synthetic_user_1@example.com,0,Servicios,99.47,expense,2026-01-16,1767.59,monthly
1,synthetic_user_1@example.com,0,Gastos generales,38.49,expense,2026-01-12,1767.59,monthly
1,synthetic_user_1@example.com,0,Ingreso adicional,105.34,expense,2026-01-14,1767.59,monthly
1,synthetic_user_1@example.com,0,Salud,165.45,expense,2026-01-12,1767.59,monthly
1,synthetic_user_1@example.com,0,Ocio,19.34,expense,2026-01-26,1767.59,monthly
1,synthetic_user_1@example.com,0,Servicios,57.54,expense,2026-01-15,1767.59,monthly
1,synthetic_user_1@example.com,0,Ingreso Base,1681.04,income,2026-02-06,1767.59,monthly
1,synthetic_user_1@example.com,0,Inversion,62.74,investment,2026-02-20,1767.59,monthly
1,synthetic_user_1@example.com,0,Otro,106.26,expense,2026-02-23,1767.59,monthly
1,synthetic_user_1@example.com,0,Educacion,45.27,expense,2026-02-18,1767.59,monthly
1,synthetic_user_1@example.com,0,Servicios,123.93,expense,2026-02-19,1767.59,monthly
1,synthetic_user_1@example.com,0,Ingresos,117.88,expense,2026-02-09,1767.59,monthly
1,synthetic_user_1@example.com,0,rappi,64.97,expense,2026-02-03,1767.59,monthly
1,synthetic_user_1@example.com,0,Gastos generales,83.47,expense,2026-02-15,1767.59,monthly
1,synthetic_user_1@example.com,0,Otro,146.37,expense,2026-02-11,1767.59,monthly
1,synthetic_user_1@example.com,0,Servicios,150.12,expense,2026-02-18,1767.59,monthly
1,synthetic_user_1@example.com,0,Salud,111.0,expense,2026-02-08,1767.59,monthly
1,synthetic_user_1@example.com,0,rappi,130.59,expense,2026-02-15,1767.59,monthly
1,synthetic_user_1@example.com,0,Salud,61.23,expense,2026-02-02,1767.59,monthly
1,synthetic_user_1@example.com,0,Otro,176.17,expense,2026-02-23,1767.59,monthly
1,synthetic_user_1@example.com,0,Ingreso Base,1750.82,income,2026-03-08,1767.59,monthly
1,synthetic_user_1@example.com,0,Inversion,71.08,investment,2026-03-30,1767.59,monthly
1,synthetic_user_1@example.com,0,Ingreso adicional,92.4,expense,2026-03-09,1767.59,monthly
1,synthetic_user_1@example.com,0,Salud,124.87,expense,2026-03-20,1767.59,monthly
1,synthetic_user_1@example.com,0,Servicios,60.93,expense,2026-03-21,1767.59,monthly
1,synthetic_user_1@example.com,0,Vivienda,172.14,expense,2026-03-02,1767.59,monthly
1,synthetic_user_1@example.com,0,Alimentacion,93.47,expense,2026-03-23,1767.59,monthly
1,synthetic_user_1@example.com,0,Compras,65.48,expense,2026-03-08,1767.59,monthly
1,synthetic_user_1@example.com,0,Ingreso adicional,93.03,expense,2026-03-09,1767.59,monthly
1,synthetic_user_1@example.com,0,Salud,101.97,expense,2026-03-26,1767.59,monthly
1,synthetic_user_1@example.com,0,Vivienda,111.8,expense,2026-03-01,1767.59,monthly
1,synthetic_user_1@example.com,0,Suscripciones,29.0,expense,2026-03-09,1767.59,monthly
1,synthetic_user_1@example.com,0,Ingresos,61.15,expense,2026-03-14,1767.59,monthly
1,synthetic_user_1@example.com,0,Transporte,95.37,expense,2026-03-01,1767.59,monthly
1,synthetic_user_1@example.com,0,Ingresos,109.48,expense,2026-03-20,1767.59,monthly
1,synthetic_user_1@example.com,0,Ingreso Base,1699.13,income,2026-04-07,1767.59,monthly
1,synthetic_user_1@example.com,0,Inversion,60.97,investment,2026-04-12,1767.59,monthly
1,synthetic_user_1@example.com,0,Suscripciones,155.29,expense,2026-04-15,1767.59,monthly
1,synthetic_user_1@example.com,0,rappi,96.69,expense,2026-04-08,1767.59,monthly
1,synthetic_user_1@example.com,0,Educacion,111.72,expense,2026-04-23,1767.59,monthly
1,synthetic_user_1@example.com,0,Gastos generales,113.66,expense,2026-04-03,1767.59,monthly
1,synthetic_user_1@example.com,0,rappi,175.54,expense,2026-04-05,1767.59,monthly
1,synthetic_user_1@example.com,0,Ingreso adicional,50.17,expense,2026-04-26,1767.59,monthly
1,synthetic_user_1@example.com,0,Ingreso adicional,116.94,expense,2026-04-18,1767.59,monthly
1,synthetic_user_1@example.com,0,Otro,80.54,expense,2026-04-03,1767.59,monthly
1,synthetic_user_1@example.com,0,Vivienda,98.99,expense,2026-04-21,1767.59,monthly
1,synthetic_user_1@example.com,0,Otro,188.08,expense,2026-04-17,1767.59,monthly
1,synthetic_user_1@example.com,0,Salud,72.18,expense,2026-04-04,1767.59,monthly
1,synthetic_user_1@example.com,0,Otro,50.03,expense,2026-04-18,1767.59,monthly
1,synthetic_user_1@example.com,0,Servicios,56.77,expense,2026-04-27,1767.59,monthly
2,synthetic_user_2@example.com,0,Ingreso Base,2664.84,income,2025-11-08,2610.3,monthly
2,synthetic_user_2@example.com,0,Inversion,406.52,investment,2025-11-27,2610.3,monthly
2,synthetic_user_2@example.com,0,Alimentacion,257.51,expense,2025-11-23,2610.3,monthly
2,synthetic_user_2@example.com,0,Alimentacion,292.62,expense,2025-11-22,2610.3,monthly
2,synthetic_user_2@example.com,0,rappi,182.8,expense,2025-11-25,2610.3,monthly
2,synthetic_user_2@example.com,0,Ingreso adicional,223.93,expense,2025-11-17,2610.3,monthly
2,synthetic_user_2@example.com,0,Alimentacion,200.03,expense,2025-11-22,2610.3,monthly
2,synthetic_user_2@example.com,0,Educacion,335.33,expense,2025-11-23,2610.3,monthly
2,synthetic_user_2@example.com,0,Servicios,233.67,expense,2025-11-13,2610.3,monthly
2,synthetic_user_2@example.com,0,Transporte,190.62,expense,2025-11-12,2610.3,monthly
2,synthetic_user_2@example.com,0,Salud,355.42,expense,2025-11-13,2610.3,monthly
2,synthetic_user_2@example.com,0,Ingreso Base,2290.0,income,2025-12-08,2610.3,monthly
2,synthetic_user_2@example.com,0,Inversion,526.93,investment,2025-12-27,2610.3,monthly
2,synthetic_user_2@example.com,0,Servicios,96.43,expense,2025-12-07,2610.3,monthly
2,synthetic_user_2@example.com,0,Otro,186.71,expense,2025-12-09,2610.3,monthly
2,synthetic_user_2@example.com,0,Educacion,219.54,expense,2025-12-13,2610.3,monthly
2,synthetic_user_2@example.com,0,Otro,178.78,expense,2025-12-15,2610.3,monthly
2,synthetic_user_2@example.com,0,Otro,138.18,expense,2025-12-21,2610.3,monthly
2,synthetic_user_2@example.com,0,Vivienda,209.17,expense,2025-12-18,2610.3,monthly
2,synthetic_user_2@example.com,0,Alimentacion,197.73,expense,2025-12-14,2610.3,monthly
2,synthetic_user_2@example.com,0,Alimentacion,219.2,expense,2025-12-24,2610.3,monthly
2,synthetic_user_2@example.com,0,Alimentacion,255.04,expense,2025-12-16,2610.3,monthly
2,synthetic_user_2@example.com,0,Otro,150.85,expense,2025-12-03,2610.3,monthly
2,synthetic_user_2@example.com,0,Otro,125.94,expense,2025-12-11,2610.3,monthly
2,synthetic_user_2@example.com,0,Ingreso Base,2743.43,income,2026-01-07,2610.3,monthly
2,synthetic_user_2@example.com,0,Inversion,463.03,investment,2026-01-23,2610.3,monthly
2,synthetic_user_2@example.com,0,Transporte,60.62,expense,2026-01-26,2610.3,monthly
2,synthetic_user_2@example.com,0,Alimentacion,119.14,expense,2026-01-04,2610.3,monthly
2,synthetic_user_2@example.com,0,Ocio,19.47,expense,2026-01-16,2610.3,monthly
2,synthetic_user_2@example.com,0,Ocio,109.95,expense,2026-01-25,2610.3,monthly
2,synthetic_user_2@example.com,0,Educacion,28.21,expense,2026-01-22,2610.3,monthly
2,synthetic_user_2@example.com,0,Otro,129.81,expense,2026-01-22,2610.3,monthly
2,synthetic_user_2@example.com,0,Alimentacion,121.29,expense,2026-01-04,2610.3,monthly
2,synthetic_user_2@example.com,0,Salud,85.33,expense,2026-01-06,2610.3,monthly
2,synthetic_user_2@example.com,0,Vivienda,116.11,expense,2026-01-19,2610.3,monthly
2,synthetic_user_2@example.com,0,Ingreso adicional,117.54,expense,2026-01-22,2610.3,monthly
2,synthetic_user_2@example.com,0,Vivienda,101.35,expense,2026-01-10,2610.3,monthly
2,synthetic_user_2@example.com,0,Alimentacion,145.47,expense,2026-01-15,2610.3,monthly
2,synthetic_user_2@example.com,0,Servicios,163.91,expense,2026-01-12,2610.3,monthly
2,synthetic_user_2@example.com,0,Ocio,75.71,expense,2026-01-10,2610.3,monthly
2,synthetic_user_2@example.com,0,Educacion,107.63,expense,2026-01-22,2610.3,monthly
2,synthetic_user_2@example.com,0,rappi,139.99,expense,2026-01-23,2610.3,monthly
2,synthetic_user_2@example.com,0,Alimentacion,196.3,expense,2026-01-26,2610.3,monthly
2,synthetic_user_2@example.com,0,Compras,30.49,expense,2026-01-13,2610.3,monthly
2,synthetic_user_2@example.com,0,Suscripciones,111.32,expense,2026-01-16,2610.3,monthly
2,synthetic_user_2@example.com,0,Ingreso Base,2883.77,income,2026-02-06,2610.3,monthly
2,synthetic_user_2@example.com,0,Inversion,384.49,investment,2026-02-18,2610.3,monthly
2,synthetic_user_2@example.com,0,Educacion,139.42,expense,2026-02-01,2610.3,monthly
2,synthetic_user_2@example.com,0,Otro,213.83,expense,2026-02-09,2610.3,monthly
2,synthetic_user_2@example.com,0,Alimentacion,34.05,expense,2026-02-02,2610.3,monthly
2,synthetic_user_2@example.com,0,Vivienda,226.55,expense,2026-02-24,2610.3,monthly
2,synthetic_user_2@example.com,0,Alimentacion,204.23,expense,2026-02-17,2610.3,monthly
2,synthetic_user_2@example.com,0,Otro,231.47,expense,2026-02-03,2610.3,monthly
2,synthetic_user_2@example.com,0,Transporte,182.14,expense,2026-02-24,2610.3,monthly
2,synthetic_user_2@example.com,0,Alimentacion,167.25,expense,2026-02-21,2610.3,monthly
2,synthetic_user_2@example.com,0,Compras,176.14,expense,2026-02-01,2610.3,monthly
2,synthetic_user_2@example.com,0,Alimentacion,56.09,expense,2026-02-01,2610.3,monthly
2,synthetic_user_2@example.com,0,Ingreso adicional,91.6,expense,2026-02-08,2610.3,monthly
2,synthetic_user_2@example.com,0,Ingreso Base,2468.66,income,2026-03-08,2610.3,monthly
2,synthetic_user_2@example.com,0,Inversion,556.96,investment,2026-03-29,2610.3,monthly
2,synthetic_user_2@example.com,0,Ingreso adicional,133.98,expense,2026-03-26,2610.3,monthly
2,synthetic_user_2@example.com,0,Otro,94.07,expense,2026-03-04,2610.3,monthly
2,synthetic_user_2@example.com,0,Educacion,143.09,expense,2026-03-04,2610.3,monthly
2,synthetic_user_2@example.com,0,Compras,67.61,expense,2026-03-13,2610.3,monthly
2,synthetic_user_2@example.com,0,Ingresos,65.86,expense,2026-03-05,2610.3,monthly
2,synthetic_user_2@example.com,0,Vivienda,124.14,expense,2026-03-15,2610.3,monthly
2,synthetic_user_2@example.com,0,Compras,109.99,expense,2026-03-27,2610.3,monthly
2,synthetic_user_2@example.com,0,Compras,112.81,expense,2026-03-06,2610.3,monthly
2,synthetic_user_2@example.com,0,Suscripciones,128.44,expense,2026-03-24,2610.3,monthly
2,synthetic_user_2@example.com,0,Alimentacion,78.06,expense,2026-03-11,2610.3,monthly
2,synthetic_user_2@example.com,0,Educacion,111.2,expense,2026-03-27,2610.3,monthly
2,synthetic_user_2@example.com,0,Compras,107.78,expense,2026-03-13,2610.3,monthly
2,synthetic_user_2@example.com,0,Otro,84.65,expense,2026-03-04,2610.3,monthly
2,synthetic_user_2@example.com,0,Ocio,133.22,expense,2026-03-07,2610.3,monthly
2,synthetic_user_2@example.com,0,Otro,109.66,expense,2026-03-18,2610.3,monthly
2,synthetic_user_2@example.com,0,Educacion,108.47,expense,2026-03-25,2610.3,monthly
2,synthetic_user_2@example.com,0,Alimentacion,98.85,expense,2026-03-13,2610.3,monthly
2,synthetic_user_2@example.com,0,Vivienda,133.53,expense,2026-03-17,2610.3,monthly
2,synthetic_user_2@example.com,0,Compras,95.57,expense,2026-03-12,2610.3,monthly
2,synthetic_user_2@example.com,0,Ingreso Base,2675.85,income,2026-04-07,2610.3,monthly
2,synthetic_user_2@example.com,0,Inversion,437.5,investment,2026-04-28,2610.3,monthly
2,synthetic_user_2@example.com,0,Ocio,119.37,expense,2026-04-25,2610.3,monthly
2,synthetic_user_2@example.com,0,Salud,336.09,expense,2026-04-01,2610.3,monthly
2,synthetic_user_2@example.com,0,Transporte,130.39,expense,2026-04-10,2610.3,monthly
2,synthetic_user_2@example.com,0,Suscripciones,178.47,expense,2026-04-16,2610.3,monthly
2,synthetic_user_2@example.com,0,Compras,242.58,expense,2026-04-07,2610.3,monthly
2,synthetic_user_2@example.com,0,Ocio,117.63,expense,2026-04-22,2610.3,monthly
2,synthetic_user_2@example.com,0,Compras,382.94,expense,2026-04-26,2610.3,monthly
2,synthetic_user_2@example.com,0,Ingresos,205.14,expense,2026-04-14,2610.3,monthly
2,synthetic_user_2@example.com,0,Otro,194.62,expense,2026-04-20,2610.3,monthly
2,synthetic_user_2@example.com,0,Ingreso adicional,229.18,expense,2026-04-15,2610.3,monthly
3,synthetic_user_3@example.com,0,Ingreso Base,1279.13,income,2025-11-08,1131.65,monthly
3,synthetic_user_3@example.com,0,Inversion,109.92,investment,2025-11-15,1131.65,monthly
3,synthetic_user_3@example.com,0,rappi,47.61,expense,2025-11-14,1131.65,monthly
3,synthetic_user_3@example.com,0,Salud,77.66,expense,2025-11-13,1131.65,monthly
3,synthetic_user_3@example.com,0,Suscripciones,55.81,expense,2025-11-13,1131.65,monthly
3,synthetic_user_3@example.com,0,Alimentacion,33.93,expense,2025-11-13,1131.65,monthly
3,synthetic_user_3@example.com,0,Otro,59.36,expense,2025-11-18,1131.65,monthly
3,synthetic_user_3@example.com,0,Transporte,41.27,expense,2025-11-07,1131.65,monthly
3,synthetic_user_3@example.com,0,Compras,7.41,expense,2025-11-01,1131.65,monthly
3,synthetic_user_3@example.com,0,Transporte,36.02,expense,2025-11-03,1131.65,monthly
3,synthetic_user_3@example.com,0,Compras,47.83,expense,2025-11-11,1131.65,monthly
3,synthetic_user_3@example.com,0,Ingresos,54.81,expense,2025-11-19,1131.65,monthly
3,synthetic_user_3@example.com,0,Vivienda,64.0,expense,2025-11-24,1131.65,monthly
3,synthetic_user_3@example.com,0,Ingreso adicional,61.26,expense,2025-11-10,1131.65,monthly
3,synthetic_user_3@example.com,0,Ingresos,88.24,expense,2025-11-10,1131.65,monthly
3,synthetic_user_3@example.com,0,Otro,37.35,expense,2025-11-14,1131.65,monthly
3,synthetic_user_3@example.com,0,Ingreso adicional,28.39,expense,2025-11-16,1131.65,monthly
3,synthetic_user_3@example.com,0,Ocio,34.88,expense,2025-11-14,1131.65,monthly
3,synthetic_user_3@example.com,0,Salud,57.2,expense,2025-11-17,1131.65,monthly
3,synthetic_user_3@example.com,0,Alimentacion,67.53,expense,2025-11-18,1131.65,monthly
3,synthetic_user_3@example.com,0,Ingreso Base,1198.6,income,2025-12-08,1131.65,monthly
3,synthetic_user_3@example.com,0,Inversion,123.72,investment,2025-12-24,1131.65,monthly
3,synthetic_user_3@example.com,0,Salud,48.41,expense,2025-12-04,1131.65,monthly
3,synthetic_user_3@example.com,0,Gastos generales,49.61,expense,2025-12-17,1131.65,monthly
3,synthetic_user_3@example.com,0,Suscripciones,48.44,expense,2025-12-20,1131.65,monthly
3,synthetic_user_3@example.com,0,Compras,65.58,expense,2025-12-27,1131.65,monthly
3,synthetic_user_3@example.com,0,Ingresos,51.25,expense,2025-12-14,1131.65,monthly
3,synthetic_user_3@example.com,0,Otro,40.6,expense,2025-12-20,1131.65,monthly
3,synthetic_user_3@example.com,0,Ingreso adicional,56.94,expense,2025-12-14,1131.65,monthly
3,synthetic_user_3@example.com,0,Salud,31.8,expense,2025-12-20,1131.65,monthly
3,synthetic_user_3@example.com,0,Compras,71.47,expense,2025-12-03,1131.65,monthly
3,synthetic_user_3@example.com,0,Transporte,74.87,expense,2025-12-27,1131.65,monthly
3,synthetic_user_3@example.com,0,Suscripciones,38.5,expense,2025-12-01,1131.65,monthly
3,synthetic_user_3@example.com,0,Gastos generales,38.5,expense,2025-12-04,1131.65,monthly
3,synthetic_user_3@example.com,0,Salud,58.53,expense,2025-12-24,1131.65,monthly
3,synthetic_user_3@example.com,0,rappi,53.72,expense,2025-12-13,1131.65,monthly
3,synthetic_user_3@example.com,0,Ingresos,66.01,expense,2025-12-06,1131.65,monthly
3,synthetic_user_3@example.com,0,Ingresos,54.13,expense,2025-12-15,1131.65,monthly
3,synthetic_user_3@example.com,0,Ingreso adicional,52.62,expense,2025-12-02,1131.65,monthly
3,synthetic_user_3@example.com,0,Gastos generales,28.61,expense,2025-12-11,1131.65,monthly
3,synthetic_user_3@example.com,0,Suscripciones,22.3,expense,2025-12-18,1131.65,monthly
3,synthetic_user_3@example.com,0,Ingreso Base,1058.63,income,2026-01-07,1131.65,monthly
3,synthetic_user_3@example.com,0,Inversion,83.92,investment,2026-01-27,1131.65,monthly
3,synthetic_user_3@example.com,0,Gastos generales,49.53,expense,2026-01-22,1131.65,monthly
3,synthetic_user_3@example.com,0,Compras,53.46,expense,2026-01-12,1131.65,monthly
3,synthetic_user_3@example.com,0,Educacion,49.4,expense,2026-01-01,1131.65,monthly
3,synthetic_user_3@example.com,0,Gastos generales,51.35,expense,2026-01-19,1131.65,monthly
3,synthetic_user_3@example.com,0,Suscripciones,39.86,expense,2026-01-25,1131.65,monthly
3,synthetic_user_3@example.com,0,Ingreso adicional,99.94,expense,2026-01-22,1131.65,monthly
3,synthetic_user_3@example.com,0,Transporte,19.56,expense,2026-01-24,1131.65,monthly
3,synthetic_user_3@example.com,0,Salud,56.95,expense,2026-01-15,1131.65,monthly
3,synthetic_user_3@example.com,0,Transporte,76.57,expense,2026-01-24,1131.65,monthly
3,synthetic_user_3@example.com,0,Vivienda,29.58,expense,2026-01-12,1131.65,monthly
3,synthetic_user_3@example.com,0,rappi,67.34,expense,2026-01-22,1131.65,monthly
3,synthetic_user_3@example.com,0,Salud,60.22,expense,2026-01-04,1131.65,monthly
3,synthetic_user_3@example.com,0,Ingreso Base,974.97,income,2026-02-06,1131.65,monthly
3,synthetic_user_3@example.com,0,Inversion,107.37,investment,2026-02-21,1131.65,monthly
3,synthetic_user_3@example.com,0,Salud,50.58,expense,2026-02-25,1131.65,monthly
3,synthetic_user_3@example.com,0,Vivienda,32.67,expense,2026-02-10,1131.65,monthly
3,synthetic_user_3@example.com,0,Gastos generales,37.19,expense,2026-02-06,1131.65,monthly
3,synthetic_user_3@example.com,0,Compras,77.29,expense,2026-02-13,1131.65,monthly
3,synthetic_user_3@example.com,0,Otro,53.59,expense,2026-02-12,1131.65,monthly
3,synthetic_user_3@example.com,0,Ocio,47.34,expense,2026-02-10,1131.65,monthly
3,synthetic_user_3@example.com,0,Transporte,22.81,expense,2026-02-25,1131.65,monthly
3,synthetic_user_3@example.com,0,Otro,43.86,expense,2026-02-27,1131.65,monthly
3,synthetic_user_3@example.com,0,Compras,59.18,expense,2026-02-21,1131.65,monthly
3,synthetic_user_3@example.com,0,Transporte,28.57,expense,2026-02-09,1131.65,monthly
3,synthetic_user_3@example.com,0,Alimentacion,99.82,expense,2026-02-09,1131.65,monthly
3,synthetic_user_3@example.com,0,Ocio,61.4,expense,2026-02-16,1131.65,monthly
3,synthetic_user_3@example.com,0,Salud,65.97,expense,2026-02-22,1131.65,monthly
3,synthetic_user_3@example.com,0,Ingreso Base,1244.98,income,2026-03-08,1131.65,monthly
3,synthetic_user_3@example.com,0,Inversion,118.9,investment,2026-03-16,1131.65,monthly
3,synthetic_user_3@example.com,0,Otro,44.47,expense,2026-03-13,1131.65,monthly
3,synthetic_user_3@example.com,0,Ocio,80.85,expense,2026-03-05,1131.65,monthly
3,synthetic_user_3@example.com,0,Compras,44.67,expense,2026-03-22,1131.65,monthly
3,synthetic_user_3@example.com,0,Salud,70.57,expense,2026-03-14,1131.65,monthly
3,synthetic_user_3@example.com,0,Otro,37.11,expense,2026-03-08,1131.65,monthly
3,synthetic_user_3@example.com,0,Transporte,34.54,expense,2026-03-02,1131.65,monthly
3,synthetic_user_3@example.com,0,Salud,48.88,expense,2026-03-22,1131.65,monthly
3,synthetic_user_3@example.com,0,Gastos generales,33.28,expense,2026-03-09,1131.65,monthly
3,synthetic_user_3@example.com,0,Salud,72.4,expense,2026-03-25,1131.65,monthly
3,synthetic_user_3@example.com,0,Transporte,63.17,expense,2026-03-19,1131.65,monthly
3,synthetic_user_3@example.com,0,Salud,64.84,expense,2026-03-05,1131.65,monthly
3,synthetic_user_3@example.com,0,Alimentacion,33.2,expense,2026-03-01,1131.65,monthly
3,synthetic_user_3@example.com,0,Gastos generales,48.7,expense,2026-03-08,1131.65,monthly
3,synthetic_user_3@example.com,0,Vivienda,65.56,expense,2026-03-14,1131.65,monthly
3,synthetic_user_3@example.com,0,Ingresos,33.44,expense,2026-03-15,1131.65,monthly
3,synthetic_user_3@example.com,0,Vivienda,9.77,expense,2026-03-08,1131.65,monthly
3,synthetic_user_3@example.com,0,Salud,35.31,expense,2026-03-10,1131.65,monthly
3,synthetic_user_3@example.com,0,Ingreso Base,1157.24,income,2026-04-07,1131.65,monthly
3,synthetic_user_3@example.com,0,Inversion,142.32,investment,2026-04-15,1131.65,monthly
3,synthetic_user_3@example.com,0,Salud,74.25,expense,2026-04-02,1131.65,monthly
3,synthetic_user_3@example.com,0,Alimentacion,76.56,expense,2026-04-09,1131.65,monthly
3,synthetic_user_3@example.com,0,Otro,67.63,expense,2026-04-04,1131.65,monthly
3,synthetic_user_3@example.com,0,Transporte,82.46,expense,2026-04-05,1131.65,monthly
3,synthetic_user_3@example.com,0,Compras,86.92,expense,2026-04-03,1131.65,monthly
3,synthetic_user_3@example.com,0,Ocio,40.68,expense,2026-04-19,1131.65,monthly
3,synthetic_user_3@example.com,0,Gastos generales,85.3,expense,2026-04-23,1131.65,monthly
3,synthetic_user_3@example.com,0,Compras,75.82,expense,2026-04-25,1131.65,monthly
3,synthetic_user_3@example.com,0,Ingreso adicional,64.28,expense,2026-04-21,1131.65,monthly
3,synthetic_user_3@example.com,0,Otro,40.81,expense,2026-04-27,1131.65,monthly
3,synthetic_user_3@example.com,0,rappi,89.99,expense,2026-04-17,1131.65,monthly
3,synthetic_user_3@example.com,0,Ingreso adicional,83.56,expense,2026-04-15,1131.65,monthly
3,synthetic_user_3@example.com,0,Compras,92.58,expense,2026-04-22,1131.65,monthly
4,synthetic_user_4@example.com,0,Ingreso Base,2029.18,income,2025-11-08,1949.45,monthly
4,synthetic_user_4@example.com,0,Inversion,239.8,investment,2025-12-02,1949.45,monthly
4,synthetic_user_4@example.com,0,Gastos generales,112.87,expense,2025-11-05,1949.45,monthly
4,synthetic_user_4@example.com,0,Ingresos,84.42,expense,2025-11-07,1949.45,monthly
4,synthetic_user_4@example.com,0,Compras,51.03,expense,2025-11-15,1949.45,monthly
4,synthetic_user_4@example.com,0,Suscripciones,121.54,expense,2025-11-11,1949.45,monthly
4,synthetic_user_4@example.com,0,Ocio,79.33,expense,2025-11-20,1949.45,monthly
4,synthetic_user_4@example.com,0,Servicios,89.72,expense,2025-11-27,1949.45,monthly
4,synthetic_user_4@example.com,0,Gastos generales,66.07,expense,2025-11-10,1949.45,monthly
4,synthetic_user_4@example.com,0,Servicios,64.58,expense,2025-11-15,1949.45,monthly
4,synthetic_user_4@example.com,0,Ingreso adicional,71.31,expense,2025-11-05,1949.45,monthly
4,synthetic_user_4@example.com,0,Transporte,49.38,expense,2025-11-19,1949.45,monthly
4,synthetic_user_4@example.com,0,Vivienda,126.01,expense,2025-11-25,1949.45,monthly
4,synthetic_user_4@example.com,0,Ingreso adicional,48.7,expense,2025-11-24,1949.45,monthly
4,synthetic_user_4@example.com,0,Salud,27.9,expense,2025-11-18,1949.45,monthly
4,synthetic_user_4@example.com,0,Servicios,79.76,expense,2025-11-24,1949.45,monthly
4,synthetic_user_4@example.com,0,Suscripciones,3.78,expense,2025-11-15,1949.45,monthly
4,synthetic_user_4@example.com,0,Compras,49.72,expense,2025-11-22,1949.45,monthly
4,synthetic_user_4@example.com,0,Ingreso adicional,60.87,expense,2025-11-24,1949.45,monthly
4,synthetic_user_4@example.com,0,Alimentacion,125.71,expense,2025-11-22,1949.45,monthly
4,synthetic_user_4@example.com,0,Ingreso Base,2236.01,income,2025-12-08,1949.45,monthly
4,synthetic_user_4@example.com,0,Inversion,228.6,investment,2025-12-15,1949.45,monthly
4,synthetic_user_4@example.com,0,Servicios,141.35,expense,2025-12-26,1949.45,monthly
4,synthetic_user_4@example.com,0,Servicios,98.26,expense,2025-12-24,1949.45,monthly
4,synthetic_user_4@example.com,0,Compras,113.34,expense,2025-12-11,1949.45,monthly
4,synthetic_user_4@example.com,0,Compras,75.68,expense,2025-12-12,1949.45,monthly
4,synthetic_user_4@example.com,0,Salud,115.12,expense,2025-12-10,1949.45,monthly
4,synthetic_user_4@example.com,0,Servicios,87.35,expense,2025-12-11,1949.45,monthly
4,synthetic_user_4@example.com,0,Vivienda,100.11,expense,2025-12-02,1949.45,monthly
4,synthetic_user_4@example.com,0,Otro,56.43,expense,2025-12-10,1949.45,monthly
4,synthetic_user_4@example.com,0,Alimentacion,85.1,expense,2025-12-16,1949.45,monthly
4,synthetic_user_4@example.com,0,Vivienda,112.71,expense,2025-12-24,1949.45,monthly
4,synthetic_user_4@example.com,0,Vivienda,74.28,expense,2025-12-02,1949.45,monthly
4,synthetic_user_4@example.com,0,Vivienda,95.57,expense,2025-12-13,1949.45,monthly
4,synthetic_user_4@example.com,0,Salud,109.4,expense,2025-12-07,1949.45,monthly
4,synthetic_user_4@example.com,0,Educacion,26.12,expense,2025-12-18,1949.45,monthly
4,synthetic_user_4@example.com,0,Vivienda,80.06,expense,2025-12-09,1949.45,monthly
4,synthetic_user_4@example.com,0,Ingresos,93.92,expense,2025-12-21,1949.45,monthly
4,synthetic_user_4@example.com,0,rappi,52.43,expense,2025-12-10,1949.45,monthly
4,synthetic_user_4@example.com,0,Gastos generales,95.88,expense,2025-12-26,1949.45,monthly
4,synthetic_user_4@example.com,0,Vivienda,73.53,expense,2025-12-12,1949.45,monthly
4,synthetic_user_4@example.com,0,Ingreso Base,1683.71,income,2026-01-07,1949.45,monthly
4,synthetic_user_4@example.com,0,Inversion,153.79,investment,2026-01-12,1949.45,monthly
4,synthetic_user_4@example.com,0,Vivienda,105.05,expense,2026-01-15,1949.45,monthly
4,synthetic_user_4@example.com,0,Vivienda,142.46,expense,2026-01-11,1949.45,monthly
4,synthetic_user_4@example.com,0,Suscripciones,121.35,expense,2026-01-16,1949.45,monthly
4,synthetic_user_4@example.com,0,Servicios,118.05,expense,2026-01-03,1949.45,monthly
4,synthetic_user_4@example.com,0,Suscripciones,162.41,expense,2026-01-21,1949.45,monthly
4,synthetic_user_4@example.com,0,Ingreso adicional,179.88,expense,2026-01-07,1949.45,monthly
4,synthetic_user_4@example.com,0,Alimentacion,106.21,expense,2026-01-25,1949.45,monthly
4,synthetic_user_4@example.com,0,Ingresos,75.8,expense,2026-01-18,1949.45,monthly
4,synthetic_user_4@example.com,0,Salud,80.6,expense,2026-01-12,1949.45,monthly
4,synthetic_user_4@example.com,0,Suscripciones,146.46,expense,2026-01-16,1949.45,monthly
4,synthetic_user_4@example.com,0,Vivienda,123.22,expense,2026-01-24,1949.45,monthly
4,synthetic_user_4@example.com,0,Vivienda,34.02,expense,2026-01-08,1949.45,monthly
4,synthetic_user_4@example.com,0,Ingreso Base,1814.24,income,2026-02-06,1949.45,monthly
4,synthetic_user_4@example.com,0,Inversion,203.58,investment,2026-02-12,1949.45,monthly
4,synthetic_user_4@example.com,0,Ocio,280.08,expense,2026-02-21,1949.45,monthly
4,synthetic_user_4@example.com,0,Ocio,192.24,expense,2026-02-23,1949.45,monthly
4,synthetic_user_4@example.com,0,Alimentacion,167.85,expense,2026-02-12,1949.45,monthly
4,synthetic_user_4@example.com,0,Otro,237.2,expense,2026-02-23,1949.45,monthly
4,synthetic_user_4@example.com,0,Vivienda,202.75,expense,2026-02-26,1949.45,monthly
4,synthetic_user_4@example.com,0,Vivienda,162.23,expense,2026-02-24,1949.45,monthly
4,synthetic_user_4@example.com,0,Alimentacion,180.15,expense,2026-02-01,1949.45,monthly
4,synthetic_user_4@example.com,0,Vivienda,196.85,expense,2026-02-02,1949.45,monthly
4,synthetic_user_4@example.com,0,Ingreso Base,1994.58,income,2026-03-08,1949.45,monthly
4,synthetic_user_4@example.com,0,Inversion,203.06,investment,2026-03-21,1949.45,monthly
4,synthetic_user_4@example.com,0,rappi,111.64,expense,2026-03-06,1949.45,monthly
4,synthetic_user_4@example.com,0,Suscripciones,37.76,expense,2026-03-23,1949.45,monthly
4,synthetic_user_4@example.com,0,Ingreso adicional,57.44,expense,2026-03-05,1949.45,monthly
4,synthetic_user_4@example.com,0,Gastos generales,146.28,expense,2026-03-02,1949.45,monthly
4,synthetic_user_4@example.com,0,Compras,98.14,expense,2026-03-22,1949.45,monthly
4,synthetic_user_4@example.com,0,Suscripciones,154.92,expense,2026-03-06,1949.45,monthly
4,synthetic_user_4@example.com,0,Salud,94.36,expense,2026-03-25,1949.45,monthly
4,synthetic_user_4@example.com,0,Gastos generales,50.34,expense,2026-03-08,1949.45,monthly
4,synthetic_user_4@example.com,0,Gastos generales,130.63,expense,2026-03-08,1949.45,monthly
4,synthetic_user_4@example.com,0,Alimentacion,88.29,expense,2026-03-22,1949.45,monthly
4,synthetic_user_4@example.com,0,Servicios,119.84,expense,2026-03-18,1949.45,monthly
4,synthetic_user_4@example.com,0,Vivienda,61.67,expense,2026-03-20,1949.45,monthly
4,synthetic_user_4@example.com,0,Suscripciones,48.51,expense,2026-03-13,1949.45,monthly
4,synthetic_user_4@example.com,0,Salud,114.46,expense,2026-03-15,1949.45,monthly
4,synthetic_user_4@example.com,0,Vivienda,124.01,expense,2026-03-10,1949.45,monthly
4,synthetic_user_4@example.com,0,Ingreso Base,2007.84,income,2026-04-07,1949.45,monthly
4,synthetic_user_4@example.com,0,Inversion,247.88,investment,2026-05-01,1949.45,monthly
4,synthetic_user_4@example.com,0,Ingreso adicional,101.74,expense,2026-04-21,1949.45,monthly
4,synthetic_user_4@example.com,0,Vivienda,174.33,expense,2026-04-18,1949.45,monthly
4,synthetic_user_4@example.com,0,Servicios,167.63,expense,2026-04-11,1949.45,monthly
4,synthetic_user_4@example.com,0,Ocio,145.31,expense,2026-04-11,1949.45,monthly
4,synthetic_user_4@example.com,0,Ocio,119.4,expense,2026-04-09,1949.45,monthly
4,synthetic_user_4@example.com,0,Suscripciones,84.36,expense,2026-04-12,1949.45,monthly
4,synthetic_user_4@example.com,0,Servicios,139.89,expense,2026-04-07,1949.45,monthly
4,synthetic_user_4@example.com,0,Alimentacion,141.37,expense,2026-04-04,1949.45,monthly
4,synthetic_user_4@example.com,0,Suscripciones,144.88,expense,2026-04-09,1949.45,monthly
4,synthetic_user_4@example.com,0,Vivienda,172.83,expense,2026-04-01,1949.45,monthly
4,synthetic_user_4@example.com,0,Suscripciones,46.64,expense,2026-04-21,1949.45,monthly
4,synthetic_user_4@example.com,0,Suscripciones,116.19,expense,2026-04-07,1949.45,monthly
4,synthetic_user_4@example.com,0,Vivienda,100.35,expense,2026-04-08,1949.45,monthly
5,synthetic_user_5@example.com,0,Ingreso Base,1757.76,income,2025-11-08,1786.93,monthly
5,synthetic_user_5@example.com,0,Inversion,166.41,investment,2025-11-17,1786.93,monthly
5,synthetic_user_5@example.com,0,Educacion,228.51,expense,2025-11-13,1786.93,monthly
5,synthetic_user_5@example.com,0,Suscripciones,171.77,expense,2025-11-09,1786.93,monthly
5,synthetic_user_5@example.com,0,Compras,141.55,expense,2025-11-07,1786.93,monthly
5,synthetic_user_5@example.com,0,Vivienda,125.36,expense,2025-11-08,1786.93,monthly
5,synthetic_user_5@example.com,0,Transporte,146.55,expense,2025-11-24,1786.93,monthly
5,synthetic_user_5@example.com,0,Servicios,174.11,expense,2025-11-04,1786.93,monthly
5,synthetic_user_5@example.com,0,Transporte,139.24,expense,2025-11-23,1786.93,monthly
5,synthetic_user_5@example.com,0,Alimentacion,137.51,expense,2025-11-13,1786.93,monthly
5,synthetic_user_5@example.com,0,Vivienda,161.91,expense,2025-11-27,1786.93,monthly
5,synthetic_user_5@example.com,0,Ingreso Base,1975.49,income,2025-12-08,1786.93,monthly
5,synthetic_user_5@example.com,0,Inversion,256.22,investment,2025-12-30,1786.93,monthly
5,synthetic_user_5@example.com,0,rappi,86.67,expense,2025-12-26,1786.93,monthly
5,synthetic_user_5@example.com,0,Ingresos,81.5,expense,2025-12-04,1786.93,monthly
5,synthetic_user_5@example.com,0,Otro,68.11,expense,2025-12-13,1786.93,monthly
5,synthetic_user_5@example.com,0,Ingreso adicional,98.34,expense,2025-12-04,1786.93,monthly
5,synthetic_user_5@example.com,0,Salud,62.76,expense,2025-12-07,1786.93,monthly
5,synthetic_user_5@example.com,0,Suscripciones,84.87,expense,2025-12-14,1786.93,monthly
5,synthetic_user_5@example.com,0,rappi,114.65,expense,2025-12-03,1786.93,monthly
5,synthetic_user_5@example.com,0,Suscripciones,107.46,expense,2025-12-03,1786.93,monthly
5,synthetic_user_5@example.com,0,Servicios,111.91,expense,2025-12-05,1786.93,monthly
5,synthetic_user_5@example.com,0,Gastos generales,94.53,expense,2025-12-12,1786.93,monthly
5,synthetic_user_5@example.com,0,Servicios,99.69,expense,2025-12-19,1786.93,monthly
5,synthetic_user_5@example.com,0,Ingreso adicional,116.85,expense,2025-12-23,1786.93,monthly
5,synthetic_user_5@example.com,0,Servicios,122.09,expense,2025-12-20,1786.93,monthly
5,synthetic_user_5@example.com,0,Educacion,72.89,expense,2025-12-22,1786.93,monthly
5,synthetic_user_5@example.com,0,Transporte,81.98,expense,2025-12-25,1786.93,monthly
5,synthetic_user_5@example.com,0,Transporte,89.76,expense,2025-12-03,1786.93,monthly
5,synthetic_user_5@example.com,0,Gastos generales,92.56,expense,2025-12-07,1786.93,monthly
5,synthetic_user_5@example.com,0,Salud,73.02,expense,2025-12-01,1786.93,monthly
5,synthetic_user_5@example.com,0,Gastos generales,72.04,expense,2025-12-21,1786.93,monthly
5,synthetic_user_5@example.com,0,Ingreso Base,1772.86,income,2026-01-07,1786.93,monthly
5,synthetic_user_5@example.com,0,Inversion,156.23,investment,2026-01-28,1786.93,monthly
5,synthetic_user_5@example.com,0,Ingreso adicional,153.98,expense,2026-01-24,1786.93,monthly
5,synthetic_user_5@example.com,0,Ingreso adicional,253.8,expense,2026-01-12,1786.93,monthly
5,synthetic_user_5@example.com,0,Suscripciones,173.69,expense,2026-01-11,1786.93,monthly
5,synthetic_user_5@example.com,0,Ingresos,164.55,expense,2026-01-15,1786.93,monthly
5,synthetic_user_5@example.com,0,Educacion,29.16,expense,2026-01-21,1786.93,monthly
5,synthetic_user_5@example.com,0,Vivienda,136.98,expense,2026-01-18,1786.93,monthly
5,synthetic_user_5@example.com,0,Alimentacion,198.66,expense,2026-01-21,1786.93,monthly
5,synthetic_user_5@example.com,0,Transporte,231.79,expense,2026-01-02,1786.93,monthly
5,synthetic_user_5@example.com,0,Ingreso Base,1813.24,income,2026-02-06,1786.93,monthly
5,synthetic_user_5@example.com,0,Inversion,200.32,investment,2026-02-27,1786.93,monthly
5,synthetic_user_5@example.com,0,Suscripciones,96.5,expense,2026-02-04,1786.93,monthly
5,synthetic_user_5@example.com,0,Salud,77.29,expense,2026-02-26,1786.93,monthly
5,synthetic_user_5@example.com,0,Otro,38.14,expense,2026-02-27,1786.93,monthly
5,synthetic_user_5@example.com,0,Vivienda,67.23,expense,2026-02-26,1786.93,monthly
5,synthetic_user_5@example.com,0,Suscripciones,50.07,expense,2026-02-08,1786.93,monthly
5,synthetic_user_5@example.com,0,Compras,145.05,expense,2026-02-11,1786.93,monthly
5,synthetic_user_5@example.com,0,Gastos generales,67.22,expense,2026-02-20,1786.93,monthly
5,synthetic_user_5@example.com,0,Compras,24.61,expense,2026-02-17,1786.93,monthly
5,synthetic_user_5@example.com,0,Salud,74.91,expense,2026-02-08,1786.93,monthly
5,synthetic_user_5@example.com,0,Ingreso adicional,56.23,expense,2026-02-05,1786.93,monthly
5,synthetic_user_5@example.com,0,Vivienda,88.77,expense,2026-02-11,1786.93,monthly
5,synthetic_user_5@example.com,0,Servicios,100.83,expense,2026-02-18,1786.93,monthly
5,synthetic_user_5@example.com,0,Gastos generales,76.96,expense,2026-02-19,1786.93,monthly
5,synthetic_user_5@example.com,0,Vivienda,68.53,expense,2026-02-21,1786.93,monthly
5,synthetic_user_5@example.com,0,Transporte,73.36,expense,2026-02-18,1786.93,monthly
5,synthetic_user_5@example.com,0,Educacion,105.05,expense,2026-02-23,1786.93,monthly
5,synthetic_user_5@example.com,0,Gastos generales,130.6,expense,2026-02-26,1786.93,monthly
5,synthetic_user_5@example.com,0,Compras,43.37,expense,2026-02-09,1786.93,monthly
5,synthetic_user_5@example.com,0,Ingreso Base,1999.21,income,2026-03-08,1786.93,monthly
5,synthetic_user_5@example.com,0,Inversion,146.01,investment,2026-03-25,1786.93,monthly
5,synthetic_user_5@example.com,0,Salud,146.94,expense,2026-03-06,1786.93,monthly
5,synthetic_user_5@example.com,0,Transporte,98.08,expense,2026-03-05,1786.93,monthly
5,synthetic_user_5@example.com,0,Servicios,87.63,expense,2026-03-09,1786.93,monthly
5,synthetic_user_5@example.com,0,Servicios,141.34,expense,2026-03-26,1786.93,monthly
5,synthetic_user_5@example.com,0,Vivienda,119.28,expense,2026-03-17,1786.93,monthly
5,synthetic_user_5@example.com,0,rappi,6.77,expense,2026-03-21,1786.93,monthly
5,synthetic_user_5@example.com,0,Alimentacion,25.11,expense,2026-03-03,1786.93,monthly
5,synthetic_user_5@example.com,0,Alimentacion,188.22,expense,2026-03-26,1786.93,monthly
5,synthetic_user_5@example.com,0,Ingreso adicional,146.51,expense,2026-03-21,1786.93,monthly
5,synthetic_user_5@example.com,0,rappi,86.65,expense,2026-03-06,1786.93,monthly
5,synthetic_user_5@example.com,0,Servicios,101.45,expense,2026-03-11,1786.93,monthly
5,synthetic_user_5@example.com,0,Compras,153.6,expense,2026-03-25,1786.93,monthly
5,synthetic_user_5@example.com,0,Ingreso Base,1626.43,income,2026-04-07,1786.93,monthly
5,synthetic_user_5@example.com,0,Inversion,114.99,investment,2026-04-13,1786.93,monthly
5,synthetic_user_5@example.com,0,rappi,91.84,expense,2026-04-14,1786.93,monthly
5,synthetic_user_5@example.com,0,Salud,63.87,expense,2026-04-13,1786.93,monthly
5,synthetic_user_5@example.com,0,Servicios,108.76,expense,2026-04-04,1786.93,monthly
5,synthetic_user_5@example.com,0,Alimentacion,129.72,expense,2026-04-01,1786.93,monthly
5,synthetic_user_5@example.com,0,Servicios,72.2,expense,2026-04-16,1786.93,monthly
5,synthetic_user_5@example.com,0,Salud,91.25,expense,2026-04-11,1786.93,monthly
5,synthetic_user_5@example.com,0,rappi,83.63,expense,2026-04-26,1786.93,monthly
5,synthetic_user_5@example.com,0,Servicios,119.87,expense,2026-04-27,1786.93,monthly
5,synthetic_user_5@example.com,0,Educacion,98.7,expense,2026-04-16,1786.93,monthly
5,synthetic_user_5@example.com,0,Compras,69.09,expense,2026-04-27,1786.93,monthly
5,synthetic_user_5@example.com,0,Salud,144.44,expense,2026-04-10,1786.93,monthly
5,synthetic_user_5@example.com,0,Transporte,120.89,expense,2026-04-27,1786.93,monthly
5,synthetic_user_5@example.com,0,Vivienda,74.86,expense,2026-04-11,1786.93,monthly
5,synthetic_user_5@example.com,0,Ingresos,85.41,expense,2026-04-15,1786.93,monthly
6,synthetic_user_6@example.com,0,Ingreso Base,1782.27,income,2025-11-08,1964.14,monthly
6,synthetic_user_6@example.com,0,Inversion,152.46,investment,2025-11-29,1964.14,monthly
6,synthetic_user_6@example.com,0,Salud,6.33,expense,2025-11-24,1964.14,monthly
6,synthetic_user_6@example.com,0,Ingresos,88.62,expense,2025-11-07,1964.14,monthly
6,synthetic_user_6@example.com,0,Otro,44.97,expense,2025-11-16,1964.14,monthly
6,synthetic_user_6@example.com,0,Salud,2.0,expense,2025-11-04,1964.14,monthly
6,synthetic_user_6@example.com,0,Gastos generales,89.88,expense,2025-11-12,1964.14,monthly
6,synthetic_user_6@example.com,0,Ingresos,79.89,expense,2025-11-20,1964.14,monthly
6,synthetic_user_6@example.com,0,Ingreso adicional,64.76,expense,2025-11-09,1964.14,monthly
6,synthetic_user_6@example.com,0,Ocio,32.79,expense,2025-11-12,1964.14,monthly
6,synthetic_user_6@example.com,0,Gastos generales,55.84,expense,2025-11-19,1964.14,monthly
6,synthetic_user_6@example.com,0,Salud,30.85,expense,2025-11-04,1964.14,monthly
6,synthetic_user_6@example.com,0,Salud,77.12,expense,2025-11-02,1964.14,monthly
6,synthetic_user_6@example.com,0,Transporte,66.73,expense,2025-11-16,1964.14,monthly
6,synthetic_user_6@example.com,0,Servicios,43.02,expense,2025-11-06,1964.14,monthly
6,synthetic_user_6@example.com,0,Otro,76.55,expense,2025-11-07,1964.14,monthly
6,synthetic_user_6@example.com,0,Otro,81.5,expense,2025-11-22,1964.14,monthly
6,synthetic_user_6@example.com,0,Suscripciones,137.41,expense,2025-11-24,1964.14,monthly
6,synthetic_user_6@example.com,0,Salud,80.49,expense,2025-11-18,1964.14,monthly
6,synthetic_user_6@example.com,0,Gastos generales,56.69,expense,2025-11-10,1964.14,monthly
6,synthetic_user_6@example.com,0,Otro,77.97,expense,2025-11-27,1964.14,monthly
6,synthetic_user_6@example.com,0,Ingreso Base,1849.08,income,2025-12-08,1964.14,monthly
6,synthetic_user_6@example.com,0,Inversion,231.93,investment,2025-12-22,1964.14,monthly
6,synthetic_user_6@example.com,0,Gastos generales,91.81,expense,2025-12-21,1964.14,monthly
6,synthetic_user_6@example.com,0,Gastos generales,96.17,expense,2025-12-23,1964.14,monthly
6,synthetic_user_6@example.com,0,Ingresos,89.19,expense,2025-12-20,1964.14,monthly
6,synthetic_user_6@example.com,0,Ingreso adicional,65.26,expense,2025-12-15,1964.14,monthly
6,synthetic_user_6@example.com,0,Salud,66.14,expense,2025-12-27,1964.14,monthly
6,synthetic_user_6@example.com,0,Otro,100.0,expense,2025-12-02,1964.14,monthly
6,synthetic_user_6@example.com,0,Alimentacion,86.75,expense,2025-12-06,1964.14,monthly
6,synthetic_user_6@example.com,0,Gastos generales,110.48,expense,2025-12-27,1964.14,monthly
6,synthetic_user_6@example.com,0,Suscripciones,35.1,expense,2025-12-04,1964.14,monthly
6,synthetic_user_6@example.com,0,Ingresos,32.62,expense,2025-12-27,1964.14,monthly
6,synthetic_user_6@example.com,0,Gastos generales,86.42,expense,2025-12-09,1964.14,monthly
6,synthetic_user_6@example.com,0,Ocio,84.41,expense,2025-12-15,1964.14,monthly
6,synthetic_user_6@example.com,0,Otro,109.94,expense,2025-12-21,1964.14,monthly
6,synthetic_user_6@example.com,0,Salud,71.96,expense,2025-12-14,1964.14,monthly
6,synthetic_user_6@example.com,0,Servicios,79.03,expense,2025-12-04,1964.14,monthly
6,synthetic_user_6@example.com,0,Gastos generales,85.65,expense,2025-12-03,1964.14,monthly
6,synthetic_user_6@example.com,0,Salud,58.11,expense,2025-12-23,1964.14,monthly
6,synthetic_user_6@example.com,0,Gastos generales,89.08,expense,2025-12-17,1964.14,monthly
6,synthetic_user_6@example.com,0,Ingreso Base,1670.12,income,2026-01-07,1964.14,monthly
6,synthetic_user_6@example.com,0,Inversion,242.99,investment,2026-01-28,1964.14,monthly
6,synthetic_user_6@example.com,0,Ocio,149.86,expense,2026-01-24,1964.14,monthly
6,synthetic_user_6@example.com,0,Transporte,109.93,expense,2026-01-27,1964.14,monthly
6,synthetic_user_6@example.com,0,Gastos generales,102.48,expense,2026-01-05,1964.14,monthly
6,synthetic_user_6@example.com,0,Ocio,135.67,expense,2026-01-06,1964.14,monthly
6,synthetic_user_6@example.com,0,Ocio,123.92,expense,2026-01-22,1964.14,monthly
6,synthetic_user_6@example.com,0,Suscripciones,223.3,expense,2026-01-06,1964.14,monthly
6,synthetic_user_6@example.com,0,Ingresos,180.29,expense,2026-01-04,1964.14,monthly
6,synthetic_user_6@example.com,0,Gastos generales,223.28,expense,2026-01-10,1964.14,monthly
6,synthetic_user_6@example.com,0,Salud,167.42,expense,2026-01-23,1964.14,monthly
6,synthetic_user_6@example.com,0,Suscripciones,115.01,expense,2026-01-11,1964.14,monthly
6,synthetic_user_6@example.com,0,Ingreso Base,2025.51,income,2026-02-06,1964.14,monthly
6,synthetic_user_6@example.com,0,Inversion,274.9,investment,2026-02-13,1964.14,monthly
6,synthetic_user_6@example.com,0,Suscripciones,130.1,expense,2026-02-22,1964.14,monthly
6,synthetic_user_6@example.com,0,Suscripciones,127.27,expense,2026-02-07,1964.14,monthly
6,synthetic_user_6@example.com,0,Otro,67.16,expense,2026-02-23,1964.14,monthly
6,synthetic_user_6@example.com,0,Salud,109.01,expense,2026-02-03,1964.14,monthly
6,synthetic_user_6@example.com,0,Ocio,84.71,expense,2026-02-08,1964.14,monthly
6,synthetic_user_6@example.com,0,Salud,140.74,expense,2026-02-27,1964.14,monthly
6,synthetic_user_6@example.com,0,Salud,113.45,expense,2026-02-20,1964.14,monthly
6,synthetic_user_6@example.com,0,Transporte,95.34,expense,2026-02-17,1964.14,monthly
6,synthetic_user_6@example.com,0,Gastos generales,183.99,expense,2026-02-01,1964.14,monthly
6,synthetic_user_6@example.com,0,Ingreso adicional,79.21,expense,2026-02-13,1964.14,monthly
6,synthetic_user_6@example.com,0,Gastos generales,118.81,expense,2026-02-20,1964.14,monthly
6,synthetic_user_6@example.com,0,Suscripciones,153.17,expense,2026-02-18,1964.14,monthly
6,synthetic_user_6@example.com,0,Suscripciones,183.05,expense,2026-02-21,1964.14,monthly
6,synthetic_user_6@example.com,0,Servicios,113.33,expense,2026-02-18,1964.14,monthly
6,synthetic_user_6@example.com,0,Suscripciones,74.5,expense,2026-02-20,1964.14,monthly
6,synthetic_user_6@example.com,0,Ingreso Base,2036.38,income,2026-03-08,1964.14,monthly
6,synthetic_user_6@example.com,0,Inversion,258.56,investment,2026-03-19,1964.14,monthly
6,synthetic_user_6@example.com,0,Suscripciones,64.95,expense,2026-03-14,1964.14,monthly
6,synthetic_user_6@example.com,0,Transporte,46.57,expense,2026-03-10,1964.14,monthly
6,synthetic_user_6@example.com,0,Alimentacion,125.7,expense,2026-03-04,1964.14,monthly
6,synthetic_user_6@example.com,0,Suscripciones,117.7,expense,2026-03-20,1964.14,monthly
6,synthetic_user_6@example.com,0,Gastos generales,60.58,expense,2026-03-08,1964.14,monthly
6,synthetic_user_6@example.com,0,Gastos generales,203.26,expense,2026-03-11,1964.14,monthly
6,synthetic_user_6@example.com,0,Ocio,131.48,expense,2026-03-08,1964.14,monthly
6,synthetic_user_6@example.com,0,Suscripciones,161.39,expense,2026-03-23,1964.14,monthly
6,synthetic_user_6@example.com,0,Servicios,64.37,expense,2026-03-05,1964.14,monthly
6,synthetic_user_6@example.com,0,Gastos generales,134.37,expense,2026-03-07,1964.14,monthly
6,synthetic_user_6@example.com,0,Gastos generales,98.23,expense,2026-03-09,1964.14,monthly
6,synthetic_user_6@example.com,0,Suscripciones,110.36,expense,2026-03-12,1964.14,monthly
6,synthetic_user_6@example.com,0,Ingreso Base,2014.87,income,2026-04-07,1964.14,monthly
6,synthetic_user_6@example.com,0,Inversion,164.47,investment,2026-04-20,1964.14,monthly
6,synthetic_user_6@example.com,0,Salud,132.93,expense,2026-04-23,1964.14,monthly
6,synthetic_user_6@example.com,0,Transporte,245.49,expense,2026-04-05,1964.14,monthly
6,synthetic_user_6@example.com,0,Salud,196.31,expense,2026-04-05,1964.14,monthly
6,synthetic_user_6@example.com,0,Transporte,164.07,expense,2026-04-05,1964.14,monthly
6,synthetic_user_6@example.com,0,Vivienda,170.67,expense,2026-04-09,1964.14,monthly
6,synthetic_user_6@example.com,0,Salud,219.93,expense,2026-04-24,1964.14,monthly
6,synthetic_user_6@example.com,0,Transporte,179.15,expense,2026-04-10,1964.14,monthly
6,synthetic_user_6@example.com,0,Otro,244.71,expense,2026-04-17,1964.14,monthly
6,synthetic_user_6@example.com,0,Ingresos,91.17,expense,2026-04-18,1964.14,monthly
7,synthetic_user_7@example.com,0,Ingreso Base,524.4,income,2025-11-08,550.0,monthly
7,synthetic_user_7@example.com,0,Inversion,34.33,investment,2025-11-12,550.0,monthly
7,synthetic_user_7@example.com,0,Compras,17.65,expense,2025-11-20,550.0,monthly
7,synthetic_user_7@example.com,0,Ingresos,22.61,expense,2025-11-05,550.0,monthly
7,synthetic_user_7@example.com,0,Otro,25.05,expense,2025-11-09,550.0,monthly
7,synthetic_user_7@example.com,0,Ingresos,15.84,expense,2025-11-19,550.0,monthly
7,synthetic_user_7@example.com,0,Servicios,13.94,expense,2025-11-16,550.0,monthly
7,synthetic_user_7@example.com,0,Salud,10.33,expense,2025-11-08,550.0,monthly
7,synthetic_user_7@example.com,0,Servicios,21.98,expense,2025-11-17,550.0,monthly
7,synthetic_user_7@example.com,0,Salud,11.47,expense,2025-11-21,550.0,monthly
7,synthetic_user_7@example.com,0,Vivienda,24.1,expense,2025-11-16,550.0,monthly
7,synthetic_user_7@example.com,0,rappi,26.8,expense,2025-11-16,550.0,monthly
7,synthetic_user_7@example.com,0,Vivienda,22.55,expense,2025-11-20,550.0,monthly
7,synthetic_user_7@example.com,0,Alimentacion,22.84,expense,2025-11-22,550.0,monthly
7,synthetic_user_7@example.com,0,Suscripciones,3.88,expense,2025-11-07,550.0,monthly
7,synthetic_user_7@example.com,0,Vivienda,19.97,expense,2025-11-06,550.0,monthly
7,synthetic_user_7@example.com,0,Salud,11.84,expense,2025-11-15,550.0,monthly
7,synthetic_user_7@example.com,0,Compras,27.07,expense,2025-11-18,550.0,monthly
7,synthetic_user_7@example.com,0,Salud,26.59,expense,2025-11-07,550.0,monthly
7,synthetic_user_7@example.com,0,Servicios,14.76,expense,2025-11-25,550.0,monthly
7,synthetic_user_7@example.com,0,Ingreso Base,547.58,income,2025-12-08,550.0,monthly
7,synthetic_user_7@example.com,0,Inversion,47.44,investment,2025-12-20,550.0,monthly
7,synthetic_user_7@example.com,0,Vivienda,30.64,expense,2025-12-11,550.0,monthly
7,synthetic_user_7@example.com,0,Servicios,36.89,expense,2025-12-13,550.0,monthly
7,synthetic_user_7@example.com,0,Ingreso adicional,29.76,expense,2025-12-18,550.0,monthly
7,synthetic_user_7@example.com,0,Servicios,33.96,expense,2025-12-08,550.0,monthly
7,synthetic_user_7@example.com,0,Alimentacion,26.14,expense,2025-12-14,550.0,monthly
7,synthetic_user_7@example.com,0,Vivienda,12.6,expense,2025-12-11,550.0,monthly
7,synthetic_user_7@example.com,0,Salud,25.12,expense,2025-12-03,550.0,monthly
7,synthetic_user_7@example.com,0,Educacion,43.87,expense,2025-12-05,550.0,monthly
7,synthetic_user_7@example.com,0,Vivienda,36.86,expense,2025-12-17,550.0,monthly
7,synthetic_user_7@example.com,0,Ingresos,54.08,expense,2025-12-23,550.0,monthly
7,synthetic_user_7@example.com,0,Alimentacion,47.76,expense,2025-12-15,550.0,monthly
7,synthetic_user_7@example.com,0,Educacion,36.29,expense,2025-12-09,550.0,monthly
7,synthetic_user_7@example.com,0,Alimentacion,37.98,expense,2025-12-05,550.0,monthly
7,synthetic_user_7@example.com,0,Ingreso Base,472.33,income,2026-01-07,550.0,monthly
7,synthetic_user_7@example.com,0,Inversion,39.86,investment,2026-01-30,550.0,monthly
7,synthetic_user_7@example.com,0,Salud,22.94,expense,2026-01-24,550.0,monthly
7,synthetic_user_7@example.com,0,Ingresos,6.66,expense,2026-01-12,550.0,monthly
7,synthetic_user_7@example.com,0,Vivienda,49.26,expense,2026-01-04,550.0,monthly
7,synthetic_user_7@example.com,0,Salud,68.53,expense,2026-01-24,550.0,monthly
7,synthetic_user_7@example.com,0,Ingresos,39.6,expense,2026-01-11,550.0,monthly
7,synthetic_user_7@example.com,0,Servicios,57.6,expense,2026-01-08,550.0,monthly
7,synthetic_user_7@example.com,0,Salud,21.28,expense,2026-01-19,550.0,monthly
7,synthetic_user_7@example.com,0,Ingresos,17.96,expense,2026-01-01,550.0,monthly
7,synthetic_user_7@example.com,0,Ingreso Base,555.66,income,2026-02-06,550.0,monthly
7,synthetic_user_7@example.com,0,Inversion,54.95,investment,2026-02-24,550.0,monthly
7,synthetic_user_7@example.com,0,Educacion,62.26,expense,2026-02-10,550.0,monthly
7,synthetic_user_7@example.com,0,Otro,28.49,expense,2026-02-17,550.0,monthly
7,synthetic_user_7@example.com,0,Ingresos,41.73,expense,2026-02-12,550.0,monthly
7,synthetic_user_7@example.com,0,Ingresos,36.7,expense,2026-02-17,550.0,monthly
7,synthetic_user_7@example.com,0,Ingresos,44.01,expense,2026-02-27,550.0,monthly
7,synthetic_user_7@example.com,0,Ingresos,16.04,expense,2026-02-07,550.0,monthly
7,synthetic_user_7@example.com,0,Ocio,28.08,expense,2026-02-17,550.0,monthly
7,synthetic_user_7@example.com,0,Gastos generales,17.59,expense,2026-02-25,550.0,monthly
7,synthetic_user_7@example.com,0,Educacion,54.55,expense,2026-02-20,550.0,monthly
7,synthetic_user_7@example.com,0,Alimentacion,46.58,expense,2026-02-23,550.0,monthly
7,synthetic_user_7@example.com,0,Gastos generales,36.0,expense,2026-02-24,550.0,monthly
7,synthetic_user_7@example.com,0,Otro,30.67,expense,2026-02-10,550.0,monthly
7,synthetic_user_7@example.com,0,Ingreso Base,543.17,income,2026-03-08,550.0,monthly
7,synthetic_user_7@example.com,0,Inversion,27.76,investment,2026-03-27,550.0,monthly
7,synthetic_user_7@example.com,0,Ingresos,24.63,expense,2026-03-21,550.0,monthly
7,synthetic_user_7@example.com,0,Salud,37.08,expense,2026-03-22,550.0,monthly
7,synthetic_user_7@example.com,0,Vivienda,47.71,expense,2026-03-07,550.0,monthly
7,synthetic_user_7@example.com,0,Otro,36.64,expense,2026-03-03,550.0,monthly
7,synthetic_user_7@example.com,0,Suscripciones,48.24,expense,2026-03-18,550.0,monthly
7,synthetic_user_7@example.com,0,Salud,37.27,expense,2026-03-02,550.0,monthly
7,synthetic_user_7@example.com,0,Vivienda,41.87,expense,2026-03-18,550.0,monthly
7,synthetic_user_7@example.com,0,Ingresos,8.33,expense,2026-03-27,550.0,monthly
7,synthetic_user_7@example.com,0,Alimentacion,28.39,expense,2026-03-16,550.0,monthly
7,synthetic_user_7@example.com,0,Ingresos,35.2,expense,2026-03-23,550.0,monthly
7,synthetic_user_7@example.com,0,Ingreso Base,576.68,income,2026-04-07,550.0,monthly
7,synthetic_user_7@example.com,0,Inversion,29.83,investment,2026-04-17,550.0,monthly
7,synthetic_user_7@example.com,0,Alimentacion,40.05,expense,2026-04-03,550.0,monthly
7,synthetic_user_7@example.com,0,Otro,73.59,expense,2026-04-01,550.0,monthly
7,synthetic_user_7@example.com,0,Ingresos,42.55,expense,2026-04-04,550.0,monthly
7,synthetic_user_7@example.com,0,Ingresos,53.17,expense,2026-04-12,550.0,monthly
7,synthetic_user_7@example.com,0,Educacion,48.45,expense,2026-04-24,550.0,monthly
7,synthetic_user_7@example.com,0,Suscripciones,42.79,expense,2026-04-20,550.0,monthly
7,synthetic_user_7@example.com,0,Salud,48.91,expense,2026-04-10,550.0,monthly
7,synthetic_user_7@example.com,0,Ingresos,54.55,expense,2026-04-12,550.0,monthly
7,synthetic_user_7@example.com,0,Servicios,61.96,expense,2026-04-05,550.0,monthly
8,synthetic_user_8@example.com,0,Ingreso Base,957.19,income,2025-11-08,878.51,monthly
8,synthetic_user_8@example.com,0,Inversion,108.35,investment,2025-12-01,878.51,monthly
8,synthetic_user_8@example.com,0,Salud,35.84,expense,2025-11-27,878.51,monthly
8,synthetic_user_8@example.com,0,Alimentacion,61.82,expense,2025-11-20,878.51,monthly
8,synthetic_user_8@example.com,0,Salud,38.78,expense,2025-11-10,878.51,monthly
8,synthetic_user_8@example.com,0,Salud,83.46,expense,2025-11-14,878.51,monthly
8,synthetic_user_8@example.com,0,Salud,66.22,expense,2025-11-12,878.51,monthly
8,synthetic_user_8@example.com,0,Alimentacion,59.61,expense,2025-11-06,878.51,monthly
8,synthetic_user_8@example.com,0,Salud,53.36,expense,2025-11-15,878.51,monthly
8,synthetic_user_8@example.com,0,Gastos generales,52.79,expense,2025-11-20,878.51,monthly
8,synthetic_user_8@example.com,0,Transporte,47.75,expense,2025-11-27,878.51,monthly
8,synthetic_user_8@example.com,0,Salud,69.23,expense,2025-11-05,878.51,monthly
8,synthetic_user_8@example.com,0,Salud,51.03,expense,2025-11-08,878.51,monthly
8,synthetic_user_8@example.com,0,Servicios,69.96,expense,2025-11-21,878.51,monthly
8,synthetic_user_8@example.com,0,Salud,60.63,expense,2025-11-14,878.51,monthly
8,synthetic_user_8@example.com,0,Ingreso Base,741.26,income,2025-12-08,878.51,monthly
8,synthetic_user_8@example.com,0,Inversion,47.94,investment,2025-12-29,878.51,monthly
8,synthetic_user_8@example.com,0,Servicios,39.9,expense,2025-12-08,878.51,monthly
8,synthetic_user_8@example.com,0,Salud,46.54,expense,2025-12-01,878.51,monthly
8,synthetic_user_8@example.com,0,Salud,34.11,expense,2025-12-27,878.51,monthly
8,synthetic_user_8@example.com,0,Ingresos,47.95,expense,2025-12-09,878.51,monthly
8,synthetic_user_8@example.com,0,Salud,25.8,expense,2025-12-06,878.51,monthly
8,synthetic_user_8@example.com,0,Servicios,49.17,expense,2025-12-07,878.51,monthly
8,synthetic_user_8@example.com,0,rappi,34.57,expense,2025-12-27,878.51,monthly
8,synthetic_user_8@example.com,0,Compras,38.38,expense,2025-12-02,878.51,monthly
8,synthetic_user_8@example.com,0,Salud,45.39,expense,2025-12-09,878.51,monthly
8,synthetic_user_8@example.com,0,Salud,40.56,expense,2025-12-12,878.51,monthly
8,synthetic_user_8@example.com,0,Ocio,25.51,expense,2025-12-12,878.51,monthly
8,synthetic_user_8@example.com,0,Servicios,37.76,expense,2025-12-12,878.51,monthly
8,synthetic_user_8@example.com,0,Ingresos,20.01,expense,2025-12-06,878.51,monthly
8,synthetic_user_8@example.com,0,Servicios,38.05,expense,2025-12-27,878.51,monthly
8,synthetic_user_8@example.com,0,Gastos generales,46.5,expense,2025-12-15,878.51,monthly
8,synthetic_user_8@example.com,0,Vivienda,40.72,expense,2025-12-25,878.51,monthly
8,synthetic_user_8@example.com,0,Ingreso Base,925.74,income,2026-01-07,878.51,monthly
8,synthetic_user_8@example.com,0,Inversion,108.31,investment,2026-01-16,878.51,monthly
8,synthetic_user_8@example.com,0,Gastos generales,54.3,expense,2026-01-16,878.51,monthly
8,synthetic_user_8@example.com,0,Transporte,19.82,expense,2026-01-07,878.51,monthly
8,synthetic_user_8@example.com,0,Salud,59.51,expense,2026-01-13,878.51,monthly
8,synthetic_user_8@example.com,0,Compras,43.65,expense,2026-01-04,878.51,monthly
8,synthetic_user_8@example.com,0,Vivienda,49.14,expense,2026-01-01,878.51,monthly
8,synthetic_user_8@example.com,0,Salud,42.89,expense,2026-01-25,878.51,monthly
8,synthetic_user_8@example.com,0,Salud,30.85,expense,2026-01-06,878.51,monthly
8,synthetic_user_8@example.com,0,Salud,24.52,expense,2026-01-24,878.51,monthly
8,synthetic_user_8@example.com,0,Servicios,65.11,expense,2026-01-14,878.51,monthly
8,synthetic_user_8@example.com,0,Servicios,16.58,expense,2026-01-20,878.51,monthly
8,synthetic_user_8@example.com,0,Servicios,33.1,expense,2026-01-02,878.51,monthly
8,synthetic_user_8@example.com,0,Gastos generales,11.19,expense,2026-01-15,878.51,monthly
8,synthetic_user_8@example.com,0,Salud,42.38,expense,2026-01-18,878.51,monthly
8,synthetic_user_8@example.com,0,Compras,47.23,expense,2026-01-02,878.51,monthly
8,synthetic_user_8@example.com,0,Salud,23.5,expense,2026-01-03,878.51,monthly
8,synthetic_user_8@example.com,0,Servicios,35.79,expense,2026-01-24,878.51,monthly
8,synthetic_user_8@example.com,0,Salud,45.96,expense,2026-01-07,878.51,monthly
8,synthetic_user_8@example.com,0,Vivienda,24.36,expense,2026-01-16,878.51,monthly
8,synthetic_user_8@example.com,0,Vivienda,48.08,expense,2026-01-25,878.51,monthly
8,synthetic_user_8@example.com,0,Ingreso Base,869.37,income,2026-02-06,878.51,monthly
8,synthetic_user_8@example.com,0,Inversion,104.39,investment,2026-02-20,878.51,monthly
8,synthetic_user_8@example.com,0,Gastos generales,39.1,expense,2026-02-20,878.51,monthly
8,synthetic_user_8@example.com,0,Ingreso adicional,26.79,expense,2026-02-27,878.51,monthly
8,synthetic_user_8@example.com,0,Salud,44.47,expense,2026-02-02,878.51,monthly
8,synthetic_user_8@example.com,0,Salud,2.0,expense,2026-02-23,878.51,monthly
8,synthetic_user_8@example.com,0,Salud,50.75,expense,2026-02-14,878.51,monthly
8,synthetic_user_8@example.com,0,Ocio,22.64,expense,2026-02-05,878.51,monthly
8,synthetic_user_8@example.com,0,Educacion,11.66,expense,2026-02-15,878.51,monthly
8,synthetic_user_8@example.com,0,Salud,21.33,expense,2026-02-13,878.51,monthly
8,synthetic_user_8@example.com,0,Otro,23.65,expense,2026-02-01,878.51,monthly
8,synthetic_user_8@example.com,0,Vivienda,14.34,expense,2026-02-10,878.51,monthly
8,synthetic_user_8@example.com,0,Salud,25.7,expense,2026-02-15,878.51,monthly
8,synthetic_user_8@example.com,0,Servicios,58.43,expense,2026-02-20,878.51,monthly
8,synthetic_user_8@example.com,0,Servicios,21.73,expense,2026-02-22,878.51,monthly
8,synthetic_user_8@example.com,0,Salud,20.24,expense,2026-02-07,878.51,monthly
8,synthetic_user_8@example.com,0,Servicios,20.86,expense,2026-02-18,878.51,monthly
8,synthetic_user_8@example.com,0,Transporte,13.23,expense,2026-02-27,878.51,monthly
8,synthetic_user_8@example.com,0,Salud,25.09,expense,2026-02-09,878.51,monthly
8,synthetic_user_8@example.com,0,Salud,37.9,expense,2026-02-02,878.51,monthly
8,synthetic_user_8@example.com,0,Servicios,13.58,expense,2026-02-01,878.51,monthly
8,synthetic_user_8@example.com,0,Ingreso Base,893.64,income,2026-03-08,878.51,monthly
8,synthetic_user_8@example.com,0,Inversion,75.92,investment,2026-03-29,878.51,monthly
8,synthetic_user_8@example.com,0,Otro,81.42,expense,2026-03-13,878.51,monthly
8,synthetic_user_8@example.com,0,Transporte,96.01,expense,2026-03-19,878.51,monthly
8,synthetic_user_8@example.com,0,Transporte,83.04,expense,2026-03-14,878.51,monthly
8,synthetic_user_8@example.com,0,Salud,106.4,expense,2026-03-15,878.51,monthly
8,synthetic_user_8@example.com,0,Transporte,76.75,expense,2026-03-08,878.51,monthly
8,synthetic_user_8@example.com,0,Salud,83.05,expense,2026-03-08,878.51,monthly
8,synthetic_user_8@example.com,0,Gastos generales,145.64,expense,2026-03-08,878.51,monthly
8,synthetic_user_8@example.com,0,Servicios,115.63,expense,2026-03-21,878.51,monthly
8,synthetic_user_8@example.com,0,Ingreso Base,893.78,income,2026-04-07,878.51,monthly
8,synthetic_user_8@example.com,0,Inversion,125.58,investment,2026-04-12,878.51,monthly
8,synthetic_user_8@example.com,0,Servicios,48.37,expense,2026-04-13,878.51,monthly
8,synthetic_user_8@example.com,0,Servicios,55.03,expense,2026-04-06,878.51,monthly
8,synthetic_user_8@example.com,0,Gastos generales,64.75,expense,2026-04-17,878.51,monthly
8,synthetic_user_8@example.com,0,Servicios,43.06,expense,2026-04-20,878.51,monthly
8,synthetic_user_8@example.com,0,Compras,72.25,expense,2026-04-03,878.51,monthly
8,synthetic_user_8@example.com,0,Gastos generales,81.31,expense,2026-04-07,878.51,monthly
8,synthetic_user_8@example.com,0,Servicios,67.03,expense,2026-04-21,878.51,monthly
8,synthetic_user_8@example.com,0,Salud,49.01,expense,2026-04-27,878.51,monthly
8,synthetic_user_8@example.com,0,Gastos generales,46.09,expense,2026-04-27,878.51,monthly
8,synthetic_user_8@example.com,0,Salud,65.91,expense,2026-04-22,878.51,monthly
8,synthetic_user_8@example.com,0,rappi,58.44,expense,2026-04-10,878.51,monthly
8,synthetic_user_8@example.com,0,Salud,86.14,expense,2026-04-14,878.51,monthly
9,synthetic_user_9@example.com,0,Ingreso Base,952.26,income,2025-11-08,904.5,monthly
9,synthetic_user_9@example.com,0,Inversion,199.02,investment,2025-11-18,904.5,monthly
9,synthetic_user_9@example.com,0,Salud,32.88,expense,2025-11-13,904.5,monthly
9,synthetic_user_9@example.com,0,Ingresos,60.05,expense,2025-11-02,904.5,monthly
9,synthetic_user_9@example.com,0,Servicios,64.94,expense,2025-11-25,904.5,monthly
9,synthetic_user_9@example.com,0,Compras,72.08,expense,2025-11-26,904.5,monthly
9,synthetic_user_9@example.com,0,Otro,51.96,expense,2025-11-07,904.5,monthly
9,synthetic_user_9@example.com,0,Otro,42.01,expense,2025-11-07,904.5,monthly
9,synthetic_user_9@example.com,0,Ingreso adicional,31.08,expense,2025-11-17,904.5,monthly
9,synthetic_user_9@example.com,0,rappi,82.34,expense,2025-11-15,904.5,monthly
9,synthetic_user_9@example.com,0,Suscripciones,45.35,expense,2025-11-05,904.5,monthly
9,synthetic_user_9@example.com,0,Transporte,68.54,expense,2025-11-10,904.5,monthly
9,synthetic_user_9@example.com,0,rappi,47.41,expense,2025-11-01,904.5,monthly
9,synthetic_user_9@example.com,0,Gastos generales,25.36,expense,2025-11-21,904.5,monthly
9,synthetic_user_9@example.com,0,Vivienda,52.01,expense,2025-11-07,904.5,monthly
9,synthetic_user_9@example.com,0,Ingreso Base,811.44,income,2025-12-08,904.5,monthly
9,synthetic_user_9@example.com,0,Inversion,121.75,investment,2025-12-20,904.5,monthly
9,synthetic_user_9@example.com,0,Servicios,31.68,expense,2025-12-09,904.5,monthly
9,synthetic_user_9@example.com,0,Gastos generales,27.67,expense,2025-12-03,904.5,monthly
9,synthetic_user_9@example.com,0,Otro,64.25,expense,2025-12-10,904.5,monthly
9,synthetic_user_9@example.com,0,Suscripciones,39.2,expense,2025-12-26,904.5,monthly
9,synthetic_user_9@example.com,0,Vivienda,54.92,expense,2025-12-02,904.5,monthly
9,synthetic_user_9@example.com,0,Otro,49.28,expense,2025-12-21,904.5,monthly
9,synthetic_user_9@example.com,0,Educacion,48.65,expense,2025-12-20,904.5,monthly
9,synthetic_user_9@example.com,0,Vivienda,33.54,expense,2025-12-22,904.5,monthly
9,synthetic_user_9@example.com,0,Alimentacion,73.0,expense,2025-12-13,904.5,monthly
9,synthetic_user_9@example.com,0,Alimentacion,35.06,expense,2025-12-21,904.5,monthly
9,synthetic_user_9@example.com,0,Gastos generales,42.36,expense,2025-12-20,904.5,monthly
9,synthetic_user_9@example.com,0,Ingresos,29.46,expense,2025-12-22,904.5,monthly
9,synthetic_user_9@example.com,0,Ingreso Base,846.75,income,2026-01-07,904.5,monthly
9,synthetic_user_9@example.com,0,Inversion,133.34,investment,2026-01-31,904.5,monthly
9,synthetic_user_9@example.com,0,Gastos generales,65.09,expense,2026-01-13,904.5,monthly
9,synthetic_user_9@example.com,0,Salud,44.56,expense,2026-01-08,904.5,monthly
9,synthetic_user_9@example.com,0,Otro,51.0,expense,2026-01-24,904.5,monthly
9,synthetic_user_9@example.com,0,Salud,58.85,expense,2026-01-25,904.5,monthly
9,synthetic_user_9@example.com,0,Suscripciones,34.92,expense,2026-01-13,904.5,monthly
9,synthetic_user_9@example.com,0,Suscripciones,52.5,expense,2026-01-07,904.5,monthly
9,synthetic_user_9@example.com,0,Servicios,39.92,expense,2026-01-15,904.5,monthly
9,synthetic_user_9@example.com,0,Otro,50.83,expense,2026-01-12,904.5,monthly
9,synthetic_user_9@example.com,0,rappi,42.48,expense,2026-01-14,904.5,monthly
9,synthetic_user_9@example.com,0,Otro,42.94,expense,2026-01-27,904.5,monthly
9,synthetic_user_9@example.com,0,Suscripciones,63.95,expense,2026-01-07,904.5,monthly
9,synthetic_user_9@example.com,0,Ingresos,47.44,expense,2026-01-23,904.5,monthly
9,synthetic_user_9@example.com,0,Ingreso Base,880.47,income,2026-02-06,904.5,monthly
9,synthetic_user_9@example.com,0,Inversion,186.24,investment,2026-02-16,904.5,monthly
9,synthetic_user_9@example.com,0,Ingreso adicional,32.92,expense,2026-02-10,904.5,monthly
9,synthetic_user_9@example.com,0,Otro,38.07,expense,2026-02-17,904.5,monthly
9,synthetic_user_9@example.com,0,Suscripciones,42.78,expense,2026-02-02,904.5,monthly
9,synthetic_user_9@example.com,0,Alimentacion,26.96,expense,2026-02-18,904.5,monthly
9,synthetic_user_9@example.com,0,Otro,53.16,expense,2026-02-08,904.5,monthly
9,synthetic_user_9@example.com,0,Ingresos,54.36,expense,2026-02-09,904.5,monthly
9,synthetic_user_9@example.com,0,Educacion,35.62,expense,2026-02-20,904.5,monthly
9,synthetic_user_9@example.com,0,rappi,52.82,expense,2026-02-03,904.5,monthly
9,synthetic_user_9@example.com,0,Otro,53.67,expense,2026-02-21,904.5,monthly
9,synthetic_user_9@example.com,0,Alimentacion,87.74,expense,2026-02-25,904.5,monthly
9,synthetic_user_9@example.com,0,rappi,32.23,expense,2026-02-10,904.5,monthly
9,synthetic_user_9@example.com,0,Servicios,26.93,expense,2026-02-09,904.5,monthly
9,synthetic_user_9@example.com,0,Salud,24.75,expense,2026-02-15,904.5,monthly
9,synthetic_user_9@example.com,0,Vivienda,51.29,expense,2026-02-25,904.5,monthly
9,synthetic_user_9@example.com,0,Ingreso Base,941.24,income,2026-03-08,904.5,monthly
9,synthetic_user_9@example.com,0,Inversion,159.36,investment,2026-03-13,904.5,monthly
9,synthetic_user_9@example.com,0,Servicios,47.33,expense,2026-03-13,904.5,monthly
9,synthetic_user_9@example.com,0,rappi,16.53,expense,2026-03-03,904.5,monthly
9,synthetic_user_9@example.com,0,Otro,41.77,expense,2026-03-23,904.5,monthly
9,synthetic_user_9@example.com,0,Salud,52.23,expense,2026-03-09,904.5,monthly
9,synthetic_user_9@example.com,0,Vivienda,29.15,expense,2026-03-13,904.5,monthly
9,synthetic_user_9@example.com,0,Vivienda,46.37,expense,2026-03-10,904.5,monthly
9,synthetic_user_9@example.com,0,Transporte,40.86,expense,2026-03-09,904.5,monthly
9,synthetic_user_9@example.com,0,Salud,30.99,expense,2026-03-17,904.5,monthly
9,synthetic_user_9@example.com,0,Suscripciones,40.91,expense,2026-03-01,904.5,monthly
9,synthetic_user_9@example.com,0,Ingresos,60.53,expense,2026-03-11,904.5,monthly
9,synthetic_user_9@example.com,0,Suscripciones,36.56,expense,2026-03-25,904.5,monthly
9,synthetic_user_9@example.com,0,Gastos generales,36.9,expense,2026-03-22,904.5,monthly
9,synthetic_user_9@example.com,0,Ingreso adicional,58.95,expense,2026-03-22,904.5,monthly
9,synthetic_user_9@example.com,0,Alimentacion,30.16,expense,2026-03-13,904.5,monthly
9,synthetic_user_9@example.com,0,Alimentacion,43.85,expense,2026-03-01,904.5,monthly
9,synthetic_user_9@example.com,0,Ingreso Base,857.52,income,2026-04-07,904.5,monthly
9,synthetic_user_9@example.com,0,Inversion,91.07,investment,2026-04-21,904.5,monthly
9,synthetic_user_9@example.com,0,Ingreso adicional,41.01,expense,2026-04-17,904.5,monthly
9,synthetic_user_9@example.com,0,Otro,24.16,expense,2026-04-02,904.5,monthly
9,synthetic_user_9@example.com,0,Ingresos,48.02,expense,2026-04-01,904.5,monthly
9,synthetic_user_9@example.com,0,Otro,43.73,expense,2026-04-14,904.5,monthly
9,synthetic_user_9@example.com,0,Transporte,21.5,expense,2026-04-12,904.5,monthly
9,synthetic_user_9@example.com,0,Ingreso adicional,26.66,expense,2026-04-19,904.5,monthly
9,synthetic_user_9@example.com,0,Otro,38.51,expense,2026-04-03,904.5,monthly
9,synthetic_user_9@example.com,0,Transporte,35.45,expense,2026-04-06,904.5,monthly
9,synthetic_user_9@example.com,0,Ingreso adicional,19.98,expense,2026-04-27,904.5,monthly
9,synthetic_user_9@example.com,0,Vivienda,46.78,expense,2026-04-19,904.5,monthly
9,synthetic_user_9@example.com,0,Ingreso adicional,29.21,expense,2026-04-02,904.5,monthly
9,synthetic_user_9@example.com,0,Gastos generales,56.35,expense,2026-04-27,904.5,monthly
9,synthetic_user_9@example.com,0,Otro,49.38,expense,2026-04-26,904.5,monthly
9,synthetic_user_9@example.com,0,Compras,54.48,expense,2026-04-03,904.5,monthly
9,synthetic_user_9@example.com,0,Suscripciones,43.29,expense,2026-04-09,904.5,monthly
10,synthetic_user_10@example.com,0,Ingreso Base,2397.11,income,2025-11-08,2196.52,monthly
10,synthetic_user_10@example.com,0,Inversion,303.43,investment,2025-12-01,2196.52,monthly
10,synthetic_user_10@example.com,0,Ingreso adicional,260.19,expense,2025-11-27,2196.52,monthly
10,synthetic_user_10@example.com,0,Otro,160.02,expense,2025-11-24,2196.52,monthly
10,synthetic_user_10@example.com,0,Gastos generales,161.22,expense,2025-11-15,2196.52,monthly
10,synthetic_user_10@example.com,0,Servicios,165.09,expense,2025-11-24,2196.52,monthly
10,synthetic_user_10@example.com,0,Ocio,161.01,expense,2025-11-24,2196.52,monthly
10,synthetic_user_10@example.com,0,Ocio,285.55,expense,2025-11-14,2196.52,monthly
10,synthetic_user_10@example.com,0,Transporte,253.12,expense,2025-11-26,2196.52,monthly
10,synthetic_user_10@example.com,0,Ocio,199.34,expense,2025-11-02,2196.52,monthly
10,synthetic_user_10@example.com,0,Ingresos,221.01,expense,2025-11-21,2196.52,monthly
10,synthetic_user_10@example.com,0,Ocio,351.39,expense,2025-11-08,2196.52,monthly
10,synthetic_user_10@example.com,0,Ocio,224.71,expense,2025-11-12,2196.52,monthly
10,synthetic_user_10@example.com,0,Ingreso Base,2396.89,income,2025-12-08,2196.52,monthly
10,synthetic_user_10@example.com,0,Inversion,245.14,investment,2025-12-18,2196.52,monthly
10,synthetic_user_10@example.com,0,Transporte,24.76,expense,2025-12-10,2196.52,monthly
10,synthetic_user_10@example.com,0,Suscripciones,126.65,expense,2025-12-13,2196.52,monthly
10,synthetic_user_10@example.com,0,Otro,53.21,expense,2025-12-19,2196.52,monthly
10,synthetic_user_10@example.com,0,Transporte,117.99,expense,2025-12-04,2196.52,monthly
10,synthetic_user_10@example.com,0,Otro,237.46,expense,2025-12-02,2196.52,monthly
10,synthetic_user_10@example.com,0,Alimentacion,164.18,expense,2025-12-03,2196.52,monthly
10,synthetic_user_10@example.com,0,Suscripciones,111.32,expense,2025-12-02,2196.52,monthly
10,synthetic_user_10@example.com,0,Educacion,111.38,expense,2025-12-09,2196.52,monthly
10,synthetic_user_10@example.com,0,rappi,111.9,expense,2025-12-17,2196.52,monthly
10,synthetic_user_10@example.com,0,Vivienda,183.48,expense,2025-12-11,2196.52,monthly
10,synthetic_user_10@example.com,0,Suscripciones,145.93,expense,2025-12-15,2196.52,monthly
10,synthetic_user_10@example.com,0,Ingreso adicional,127.85,expense,2025-12-11,2196.52,monthly
10,synthetic_user_10@example.com,0,Servicios,125.82,expense,2025-12-22,2196.52,monthly
10,synthetic_user_10@example.com,0,Educacion,171.0,expense,2025-12-15,2196.52,monthly
10,synthetic_user_10@example.com,0,Ingresos,76.86,expense,2025-12-26,2196.52,monthly
10,synthetic_user_10@example.com,0,Ocio,139.91,expense,2025-12-25,2196.52,monthly
10,synthetic_user_10@example.com,0,Transporte,167.17,expense,2025-12-14,2196.52,monthly
10,synthetic_user_10@example.com,0,Ocio,81.75,expense,2025-12-23,2196.52,monthly
10,synthetic_user_10@example.com,0,Ingreso Base,2003.11,income,2026-01-07,2196.52,monthly
10,synthetic_user_10@example.com,0,Inversion,194.64,investment,2026-01-30,2196.52,monthly
10,synthetic_user_10@example.com,0,Transporte,92.29,expense,2026-01-21,2196.52,monthly
10,synthetic_user_10@example.com,0,Ingreso adicional,124.71,expense,2026-01-02,2196.52,monthly
10,synthetic_user_10@example.com,0,Ingresos,102.4,expense,2026-01-19,2196.52,monthly
10,synthetic_user_10@example.com,0,Otro,135.5,expense,2026-01-24,2196.52,monthly
10,synthetic_user_10@example.com,0,Educacion,131.49,expense,2026-01-16,2196.52,monthly
10,synthetic_user_10@example.com,0,Otro,44.96,expense,2026-01-06,2196.52,monthly
10,synthetic_user_10@example.com,0,Ocio,103.98,expense,2026-01-18,2196.52,monthly
10,synthetic_user_10@example.com,0,rappi,132.32,expense,2026-01-01,2196.52,monthly
10,synthetic_user_10@example.com,0,Ocio,72.18,expense,2026-01-06,2196.52,monthly
10,synthetic_user_10@example.com,0,Suscripciones,89.0,expense,2026-01-14,2196.52,monthly
10,synthetic_user_10@example.com,0,Suscripciones,127.89,expense,2026-01-11,2196.52,monthly
10,synthetic_user_10@example.com,0,Ingresos,142.67,expense,2026-01-06,2196.52,monthly
10,synthetic_user_10@example.com,0,Otro,72.99,expense,2026-01-18,2196.52,monthly
10,synthetic_user_10@example.com,0,Transporte,116.65,expense,2026-01-23,2196.52,monthly
10,synthetic_user_10@example.com,0,Otro,85.46,expense,2026-01-15,2196.52,monthly
10,synthetic_user_10@example.com,0,Transporte,165.14,expense,2026-01-05,2196.52,monthly
10,synthetic_user_10@example.com,0,Ingreso adicional,147.56,expense,2026-01-06,2196.52,monthly
10,synthetic_user_10@example.com,0,Ingreso Base,2434.94,income,2026-02-06,2196.52,monthly
10,synthetic_user_10@example.com,0,Inversion,211.44,investment,2026-02-15,2196.52,monthly
10,synthetic_user_10@example.com,0,Ocio,30.73,expense,2026-02-01,2196.52,monthly
10,synthetic_user_10@example.com,0,Ocio,282.71,expense,2026-02-20,2196.52,monthly
10,synthetic_user_10@example.com,0,Alimentacion,188.54,expense,2026-02-11,2196.52,monthly
10,synthetic_user_10@example.com,0,Ocio,144.49,expense,2026-02-06,2196.52,monthly
10,synthetic_user_10@example.com,0,Ocio,300.4,expense,2026-02-26,2196.52,monthly
10,synthetic_user_10@example.com,0,Educacion,115.79,expense,2026-02-03,2196.52,monthly
10,synthetic_user_10@example.com,0,Ocio,166.21,expense,2026-02-22,2196.52,monthly
10,synthetic_user_10@example.com,0,Transporte,73.05,expense,2026-02-22,2196.52,monthly
10,synthetic_user_10@example.com,0,Otro,199.94,expense,2026-02-06,2196.52,monthly
10,synthetic_user_10@example.com,0,Otro,186.53,expense,2026-02-02,2196.52,monthly
10,synthetic_user_10@example.com,0,Ocio,118.83,expense,2026-02-18,2196.52,monthly
10,synthetic_user_10@example.com,0,Otro,351.19,expense,2026-02-06,2196.52,monthly
10,synthetic_user_10@example.com,0,Ingreso Base,2130.43,income,2026-03-08,2196.52,monthly
10,synthetic_user_10@example.com,0,Inversion,197.47,investment,2026-03-27,2196.52,monthly
10,synthetic_user_10@example.com,0,Otro,81.34,expense,2026-03-23,2196.52,monthly
10,synthetic_user_10@example.com,0,Otro,70.84,expense,2026-03-02,2196.52,monthly
10,synthetic_user_10@example.com,0,Ocio,103.78,expense,2026-03-24,2196.52,monthly
10,synthetic_user_10@example.com,0,Ocio,34.39,expense,2026-03-13,2196.52,monthly
10,synthetic_user_10@example.com,0,Transporte,55.33,expense,2026-03-09,2196.52,monthly
10,synthetic_user_10@example.com,0,Transporte,57.86,expense,2026-03-23,2196.52,monthly
10,synthetic_user_10@example.com,0,Ocio,72.76,expense,2026-03-10,2196.52,monthly
10,synthetic_user_10@example.com,0,Compras,124.33,expense,2026-03-05,2196.52,monthly
10,synthetic_user_10@example.com,0,Ingresos,84.0,expense,2026-03-12,2196.52,monthly
10,synthetic_user_10@example.com,0,Otro,121.54,expense,2026-03-05,2196.52,monthly
10,synthetic_user_10@example.com,0,Otro,101.87,expense,2026-03-15,2196.52,monthly
10,synthetic_user_10@example.com,0,Ingresos,127.93,expense,2026-03-17,2196.52,monthly
10,synthetic_user_10@example.com,0,Gastos generales,165.8,expense,2026-03-25,2196.52,monthly
10,synthetic_user_10@example.com,0,Otro,99.27,expense,2026-03-16,2196.52,monthly
10,synthetic_user_10@example.com,0,Gastos generales,96.45,expense,2026-03-09,2196.52,monthly
10,synthetic_user_10@example.com,0,Ocio,150.04,expense,2026-03-14,2196.52,monthly
10,synthetic_user_10@example.com,0,Salud,108.81,expense,2026-03-24,2196.52,monthly
10,synthetic_user_10@example.com,0,Otro,75.36,expense,2026-03-11,2196.52,monthly
10,synthetic_user_10@example.com,0,Educacion,73.19,expense,2026-03-15,2196.52,monthly
10,synthetic_user_10@example.com,0,Ingreso Base,2584.98,income,2026-04-07,2196.52,monthly
10,synthetic_user_10@example.com,0,Inversion,257.32,investment,2026-04-21,2196.52,monthly
10,synthetic_user_10@example.com,0,Educacion,196.37,expense,2026-04-26,2196.52,monthly
10,synthetic_user_10@example.com,0,Gastos generales,148.49,expense,2026-04-07,2196.52,monthly
10,synthetic_user_10@example.com,0,Alimentacion,195.68,expense,2026-04-13,2196.52,monthly
10,synthetic_user_10@example.com,0,Ingresos,210.48,expense,2026-04-07,2196.52,monthly
10,synthetic_user_10@example.com,0,Suscripciones,121.41,expense,2026-04-14,2196.52,monthly
10,synthetic_user_10@example.com,0,Alimentacion,219.49,expense,2026-04-13,2196.52,monthly
10,synthetic_user_10@example.com,0,rappi,142.4,expense,2026-04-18,2196.52,monthly
10,synthetic_user_10@example.com,0,Ocio,136.9,expense,2026-04-13,2196.52,monthly
10,synthetic_user_10@example.com,0,Ocio,53.01,expense,2026-04-23,2196.52,monthly
10,synthetic_user_10@example.com,0,Ingreso adicional,223.17,expense,2026-04-26,2196.52,monthly
10,synthetic_user_10@example.com,0,Otro,125.96,expense,2026-04-04,2196.52,monthly
10,synthetic_user_10@example.com,0,Otro,228.57,expense,2026-04-20,2196.52,monthly
10,synthetic_user_10@example.com,0,Gastos generales,118.28,expense,2026-04-06,2196.52,monthly
10,synthetic_user_10@example.com,0,Educacion,109.97,expense,2026-04-06,2196.52,monthly
10,synthetic_user_10@example.com,0,Ocio,148.29,expense,2026-04-13,2196.52,monthly
10,synthetic_user_10@example.com,0,Otro,127.85,expense,2026-04-24,2196.52,monthly
10,synthetic_user_10@example.com,0,Educacion,94.22,expense,2026-04-04,2196.52,monthly
11,synthetic_user_11@example.com,0,Ingreso Base,605.45,income,2025-11-08,707.94,monthly
11,synthetic_user_11@example.com,0,Inversion,69.26,investment,2025-11-25,707.94,monthly
11,synthetic_user_11@example.com,0,Gastos generales,68.74,expense,2025-11-23,707.94,monthly
11,synthetic_user_11@example.com,0,Ingresos,51.17,expense,2025-11-24,707.94,monthly
11,synthetic_user_11@example.com,0,Suscripciones,29.54,expense,2025-11-17,707.94,monthly
11,synthetic_user_11@example.com,0,Otro,29.1,expense,2025-11-06,707.94,monthly
11,synthetic_user_11@example.com,0,Ingreso adicional,43.64,expense,2025-11-27,707.94,monthly
11,synthetic_user_11@example.com,0,Otro,61.03,expense,2025-11-16,707.94,monthly
11,synthetic_user_11@example.com,0,Otro,67.72,expense,2025-11-25,707.94,monthly
11,synthetic_user_11@example.com,0,Ingreso adicional,31.63,expense,2025-11-22,707.94,monthly
11,synthetic_user_11@example.com,0,rappi,52.59,expense,2025-11-07,707.94,monthly
11,synthetic_user_11@example.com,0,Ingreso adicional,31.8,expense,2025-11-22,707.94,monthly
11,synthetic_user_11@example.com,0,Ingreso Base,778.05,income,2025-12-08,707.94,monthly
11,synthetic_user_11@example.com,0,Inversion,86.04,investment,2025-12-20,707.94,monthly
11,synthetic_user_11@example.com,0,Alimentacion,33.31,expense,2025-12-09,707.94,monthly
11,synthetic_user_11@example.com,0,Suscripciones,44.36,expense,2025-12-23,707.94,monthly
11,synthetic_user_11@example.com,0,Servicios,28.09,expense,2025-12-16,707.94,monthly
11,synthetic_user_11@example.com,0,Otro,53.55,expense,2025-12-22,707.94,monthly
11,synthetic_user_11@example.com,0,Ingresos,16.71,expense,2025-12-09,707.94,monthly
11,synthetic_user_11@example.com,0,Suscripciones,35.55,expense,2025-12-17,707.94,monthly
11,synthetic_user_11@example.com,0,Suscripciones,31.32,expense,2025-12-07,707.94,monthly
11,synthetic_user_11@example.com,0,Suscripciones,29.95,expense,2025-12-14,707.94,monthly
11,synthetic_user_11@example.com,0,Ingreso adicional,31.23,expense,2025-12-18,707.94,monthly
11,synthetic_user_11@example.com,0,Otro,44.46,expense,2025-12-22,707.94,monthly
11,synthetic_user_11@example.com,0,Ingresos,39.05,expense,2025-12-22,707.94,monthly
11,synthetic_user_11@example.com,0,Vivienda,29.28,expense,2025-12-20,707.94,monthly
11,synthetic_user_11@example.com,0,Salud,42.67,expense,2025-12-05,707.94,monthly
11,synthetic_user_11@example.com,0,Ocio,41.42,expense,2025-12-26,707.94,monthly
11,synthetic_user_11@example.com,0,Ingreso Base,772.52,income,2026-01-07,707.94,monthly
11,synthetic_user_11@example.com,0,Inversion,100.3,investment,2026-01-21,707.94,monthly
11,synthetic_user_11@example.com,0,Suscripciones,88.87,expense,2026-01-23,707.94,monthly
11,synthetic_user_11@example.com,0,Suscripciones,69.58,expense,2026-01-19,707.94,monthly
11,synthetic_user_11@example.com,0,Otro,47.28,expense,2026-01-01,707.94,monthly
11,synthetic_user_11@example.com,0,Otro,113.91,expense,2026-01-13,707.94,monthly
11,synthetic_user_11@example.com,0,Transporte,79.3,expense,2026-01-22,707.94,monthly
11,synthetic_user_11@example.com,0,Servicios,23.14,expense,2026-01-27,707.94,monthly
11,synthetic_user_11@example.com,0,Otro,50.62,expense,2026-01-09,707.94,monthly
11,synthetic_user_11@example.com,0,rappi,78.71,expense,2026-01-14,707.94,monthly
11,synthetic_user_11@example.com,0,Ingreso Base,654.11,income,2026-02-06,707.94,monthly
11,synthetic_user_11@example.com,0,Inversion,65.94,investment,2026-03-01,707.94,monthly
11,synthetic_user_11@example.com,0,Ocio,21.47,expense,2026-02-12,707.94,monthly
11,synthetic_user_11@example.com,0,Ingreso adicional,24.3,expense,2026-02-05,707.94,monthly
11,synthetic_user_11@example.com,0,Transporte,24.54,expense,2026-02-14,707.94,monthly
11,synthetic_user_11@example.com,0,Gastos generales,21.92,expense,2026-02-25,707.94,monthly
11,synthetic_user_11@example.com,0,Ingresos,43.3,expense,2026-02-15,707.94,monthly
11,synthetic_user_11@example.com,0,Suscripciones,26.17,expense,2026-02-08,707.94,monthly
11,synthetic_user_11@example.com,0,Suscripciones,44.63,expense,2026-02-03,707.94,monthly
11,synthetic_user_11@example.com,0,Alimentacion,33.26,expense,2026-02-16,707.94,monthly
11,synthetic_user_11@example.com,0,Transporte,26.36,expense,2026-02-24,707.94,monthly
11,synthetic_user_11@example.com,0,Ingreso adicional,13.44,expense,2026-02-10,707.94,monthly
11,synthetic_user_11@example.com,0,Transporte,10.67,expense,2026-02-27,707.94,monthly
11,synthetic_user_11@example.com,0,Vivienda,9.1,expense,2026-02-01,707.94,monthly
11,synthetic_user_11@example.com,0,Otro,18.07,expense,2026-02-16,707.94,monthly
11,synthetic_user_11@example.com,0,Otro,42.92,expense,2026-02-24,707.94,monthly
11,synthetic_user_11@example.com,0,Ingreso adicional,33.68,expense,2026-02-16,707.94,monthly
11,synthetic_user_11@example.com,0,Ingreso adicional,19.81,expense,2026-02-15,707.94,monthly
11,synthetic_user_11@example.com,0,Alimentacion,17.25,expense,2026-02-01,707.94,monthly
11,synthetic_user_11@example.com,0,Ingreso Base,775.12,income,2026-03-08,707.94,monthly
11,synthetic_user_11@example.com,0,Inversion,84.48,investment,2026-03-12,707.94,monthly
11,synthetic_user_11@example.com,0,Otro,2.0,expense,2026-03-19,707.94,monthly
11,synthetic_user_11@example.com,0,Transporte,61.47,expense,2026-03-06,707.94,monthly
11,synthetic_user_11@example.com,0,Gastos generales,62.35,expense,2026-03-24,707.94,monthly
11,synthetic_user_11@example.com,0,Ocio,60.83,expense,2026-03-15,707.94,monthly
11,synthetic_user_11@example.com,0,Educacion,67.77,expense,2026-03-14,707.94,monthly
11,synthetic_user_11@example.com,0,Alimentacion,39.22,expense,2026-03-03,707.94,monthly
11,synthetic_user_11@example.com,0,Ocio,24.38,expense,2026-03-18,707.94,monthly
11,synthetic_user_11@example.com,0,Ingreso adicional,50.67,expense,2026-03-20,707.94,monthly
11,synthetic_user_11@example.com,0,rappi,60.19,expense,2026-03-15,707.94,monthly
11,synthetic_user_11@example.com,0,Ingreso Base,812.22,income,2026-04-07,707.94,monthly
11,synthetic_user_11@example.com,0,Inversion,63.46,investment,2026-04-20,707.94,monthly
11,synthetic_user_11@example.com,0,rappi,61.06,expense,2026-04-03,707.94,monthly
11,synthetic_user_11@example.com,0,Ingresos,32.33,expense,2026-04-16,707.94,monthly
11,synthetic_user_11@example.com,0,Ingreso adicional,34.59,expense,2026-04-10,707.94,monthly
11,synthetic_user_11@example.com,0,Suscripciones,26.26,expense,2026-04-27,707.94,monthly
11,synthetic_user_11@example.com,0,Ingresos,26.55,expense,2026-04-08,707.94,monthly
11,synthetic_user_11@example.com,0,Ocio,53.41,expense,2026-04-07,707.94,monthly
11,synthetic_user_11@example.com,0,Transporte,31.42,expense,2026-04-01,707.94,monthly
11,synthetic_user_11@example.com,0,Otro,23.57,expense,2026-04-02,707.94,monthly
11,synthetic_user_11@example.com,0,Gastos generales,32.45,expense,2026-04-13,707.94,monthly
11,synthetic_user_11@example.com,0,Educacion,52.31,expense,2026-04-16,707.94,monthly
11,synthetic_user_11@example.com,0,Suscripciones,46.38,expense,2026-04-21,707.94,monthly
11,synthetic_user_11@example.com,0,Ingreso adicional,49.52,expense,2026-04-08,707.94,monthly
11,synthetic_user_11@example.com,0,rappi,15.95,expense,2026-04-26,707.94,monthly
11,synthetic_user_11@example.com,0,Suscripciones,30.45,expense,2026-04-20,707.94,monthly
11,synthetic_user_11@example.com,0,Otro,13.2,expense,2026-04-04,707.94,monthly
11,synthetic_user_11@example.com,0,Suscripciones,48.14,expense,2026-04-06,707.94,monthly
12,synthetic_user_12@example.com,0,Ingreso Base,2297.68,income,2025-11-08,2132.25,monthly
12,synthetic_user_12@example.com,0,Inversion,278.23,investment,2025-11-25,2132.25,monthly
12,synthetic_user_12@example.com,0,Otro,134.54,expense,2025-11-21,2132.25,monthly
12,synthetic_user_12@example.com,0,Salud,142.39,expense,2025-11-17,2132.25,monthly
12,synthetic_user_12@example.com,0,Alimentacion,103.16,expense,2025-11-24,2132.25,monthly
12,synthetic_user_12@example.com,0,Alimentacion,110.06,expense,2025-11-06,2132.25,monthly
12,synthetic_user_12@example.com,0,Salud,129.85,expense,2025-11-04,2132.25,monthly
12,synthetic_user_12@example.com,0,Alimentacion,165.59,expense,2025-11-05,2132.25,monthly
12,synthetic_user_12@example.com,0,Alimentacion,168.52,expense,2025-11-09,2132.25,monthly
12,synthetic_user_12@example.com,0,Gastos generales,160.78,expense,2025-11-06,2132.25,monthly
12,synthetic_user_12@example.com,0,Alimentacion,129.94,expense,2025-11-06,2132.25,monthly
12,synthetic_user_12@example.com,0,rappi,218.53,expense,2025-11-04,2132.25,monthly
12,synthetic_user_12@example.com,0,Educacion,244.87,expense,2025-11-20,2132.25,monthly
12,synthetic_user_12@example.com,0,rappi,174.41,expense,2025-11-03,2132.25,monthly
12,synthetic_user_12@example.com,0,Educacion,152.33,expense,2025-11-04,2132.25,monthly
12,synthetic_user_12@example.com,0,Otro,140.18,expense,2025-11-11,2132.25,monthly
12,synthetic_user_12@example.com,0,Ingreso Base,2336.32,income,2025-12-08,2132.25,monthly
12,synthetic_user_12@example.com,0,Inversion,244.43,investment,2025-12-25,2132.25,monthly
12,synthetic_user_12@example.com,0,rappi,148.39,expense,2025-12-12,2132.25,monthly
12,synthetic_user_12@example.com,0,Salud,77.03,expense,2025-12-25,2132.25,monthly
12,synthetic_user_12@example.com,0,Alimentacion,95.66,expense,2025-12-05,2132.25,monthly
12,synthetic_user_12@example.com,0,Salud,116.1,expense,2025-12-19,2132.25,monthly
12,synthetic_user_12@example.com,0,Alimentacion,182.99,expense,2025-12-24,2132.25,monthly
12,synthetic_user_12@example.com,0,Compras,192.07,expense,2025-12-01,2132.25,monthly
12,synthetic_user_12@example.com,0,Gastos generales,128.45,expense,2025-12-04,2132.25,monthly
12,synthetic_user_12@example.com,0,Alimentacion,58.44,expense,2025-12-19,2132.25,monthly
12,synthetic_user_12@example.com,0,Ocio,88.52,expense,2025-12-13,2132.25,monthly
12,synthetic_user_12@example.com,0,Compras,67.72,expense,2025-12-10,2132.25,monthly
12,synthetic_user_12@example.com,0,Alimentacion,190.05,expense,2025-12-20,2132.25,monthly
12,synthetic_user_12@example.com,0,Ocio,41.99,expense,2025-12-24,2132.25,monthly
12,synthetic_user_12@example.com,0,Alimentacion,75.78,expense,2025-12-25,2132.25,monthly
12,synthetic_user_12@example.com,0,Gastos generales,24.46,expense,2025-12-07,2132.25,monthly
12,synthetic_user_12@example.com,0,Alimentacion,99.33,expense,2025-12-27,2132.25,monthly
12,synthetic_user_12@example.com,0,Ingreso Base,2199.87,income,2026-01-07,2132.25,monthly
12,synthetic_user_12@example.com,0,Inversion,240.59,investment,2026-01-13,2132.25,monthly
12,synthetic_user_12@example.com,0,Ingresos,271.48,expense,2026-01-09,2132.25,monthly
12,synthetic_user_12@example.com,0,Ingreso adicional,213.8,expense,2026-01-03,2132.25,monthly
12,synthetic_user_12@example.com,0,Alimentacion,165.53,expense,2026-01-21,2132.25,monthly
12,synthetic_user_12@example.com,0,Salud,136.57,expense,2026-01-19,2132.25,monthly
12,synthetic_user_12@example.com,0,Gastos generales,147.21,expense,2026-01-05,2132.25,monthly
12,synthetic_user_12@example.com,0,rappi,109.51,expense,2026-01-21,2132.25,monthly
12,synthetic_user_12@example.com,0,Alimentacion,133.45,expense,2026-01-16,2132.25,monthly
12,synthetic_user_12@example.com,0,Alimentacion,154.28,expense,2026-01-05,2132.25,monthly
12,synthetic_user_12@example.com,0,Alimentacion,155.89,expense,2026-01-16,2132.25,monthly
12,synthetic_user_12@example.com,0,Ingreso Base,2062.5,income,2026-02-06,2132.25,monthly
12,synthetic_user_12@example.com,0,Inversion,214.33,investment,2026-02-14,2132.25,monthly
12,synthetic_user_12@example.com,0,Salud,48.98,expense,2026-02-06,2132.25,monthly
12,synthetic_user_12@example.com,0,Compras,143.42,expense,2026-02-18,2132.25,monthly
12,synthetic_user_12@example.com,0,Ingreso adicional,17.28,expense,2026-02-23,2132.25,monthly
12,synthetic_user_12@example.com,0,Alimentacion,133.88,expense,2026-02-08,2132.25,monthly
12,synthetic_user_12@example.com,0,Alimentacion,54.47,expense,2026-02-14,2132.25,monthly
12,synthetic_user_12@example.com,0,Salud,92.53,expense,2026-02-02,2132.25,monthly
12,synthetic_user_12@example.com,0,Educacion,65.95,expense,2026-02-26,2132.25,monthly
12,synthetic_user_12@example.com,0,Alimentacion,110.16,expense,2026-02-23,2132.25,monthly
12,synthetic_user_12@example.com,0,Salud,44.35,expense,2026-02-23,2132.25,monthly
12,synthetic_user_12@example.com,0,Alimentacion,112.27,expense,2026-02-18,2132.25,monthly
12,synthetic_user_12@example.com,0,Alimentacion,117.98,expense,2026-02-18,2132.25,monthly
12,synthetic_user_12@example.com,0,Alimentacion,31.61,expense,2026-02-17,2132.25,monthly
12,synthetic_user_12@example.com,0,Alimentacion,73.39,expense,2026-02-18,2132.25,monthly
12,synthetic_user_12@example.com,0,Alimentacion,124.37,expense,2026-02-16,2132.25,monthly
12,synthetic_user_12@example.com,0,Suscripciones,76.69,expense,2026-02-09,2132.25,monthly
12,synthetic_user_12@example.com,0,Suscripciones,134.62,expense,2026-02-25,2132.25,monthly
12,synthetic_user_12@example.com,0,Alimentacion,107.88,expense,2026-02-21,2132.25,monthly
12,synthetic_user_12@example.com,0,Alimentacion,108.76,expense,2026-02-26,2132.25,monthly
12,synthetic_user_12@example.com,0,Alimentacion,75.63,expense,2026-02-10,2132.25,monthly
12,synthetic_user_12@example.com,0,Ingreso Base,1769.23,income,2026-03-08,2132.25,monthly
12,synthetic_user_12@example.com,0,Inversion,145.22,investment,2026-03-27,2132.25,monthly
12,synthetic_user_12@example.com,0,Alimentacion,148.81,expense,2026-03-09,2132.25,monthly
12,synthetic_user_12@example.com,0,Ingreso adicional,76.34,expense,2026-03-18,2132.25,monthly
12,synthetic_user_12@example.com,0,Ingresos,102.91,expense,2026-03-11,2132.25,monthly
12,synthetic_user_12@example.com,0,Alimentacion,59.84,expense,2026-03-05,2132.25,monthly
12,synthetic_user_12@example.com,0,Compras,240.91,expense,2026-03-27,2132.25,monthly
12,synthetic_user_12@example.com,0,Gastos generales,190.88,expense,2026-03-16,2132.25,monthly
12,synthetic_user_12@example.com,0,Transporte,110.5,expense,2026-03-18,2132.25,monthly
12,synthetic_user_12@example.com,0,Suscripciones,155.48,expense,2026-03-11,2132.25,monthly
12,synthetic_user_12@example.com,0,rappi,100.51,expense,2026-03-21,2132.25,monthly
12,synthetic_user_12@example.com,0,Ocio,109.2,expense,2026-03-22,2132.25,monthly
12,synthetic_user_12@example.com,0,Ingreso Base,2116.94,income,2026-04-07,2132.25,monthly
12,synthetic_user_12@example.com,0,Inversion,285.62,investment,2026-04-15,2132.25,monthly
12,synthetic_user_12@example.com,0,Suscripciones,51.89,expense,2026-04-18,2132.25,monthly
12,synthetic_user_12@example.com,0,Salud,148.19,expense,2026-04-06,2132.25,monthly
12,synthetic_user_12@example.com,0,Alimentacion,106.06,expense,2026-04-05,2132.25,monthly
12,synthetic_user_12@example.com,0,Educacion,120.76,expense,2026-04-04,2132.25,monthly
12,synthetic_user_12@example.com,0,Ingreso adicional,182.16,expense,2026-04-07,2132.25,monthly
12,synthetic_user_12@example.com,0,Salud,71.37,expense,2026-04-18,2132.25,monthly
12,synthetic_user_12@example.com,0,Compras,127.03,expense,2026-04-05,2132.25,monthly
12,synthetic_user_12@example.com,0,Gastos generales,142.11,expense,2026-04-02,2132.25,monthly
12,synthetic_user_12@example.com,0,Compras,43.95,expense,2026-04-23,2132.25,monthly
12,synthetic_user_12@example.com,0,Ingreso adicional,82.04,expense,2026-04-01,2132.25,monthly
12,synthetic_user_12@example.com,0,Educacion,88.78,expense,2026-04-17,2132.25,monthly
12,synthetic_user_12@example.com,0,Alimentacion,181.09,expense,2026-04-07,2132.25,monthly
12,synthetic_user_12@example.com,0,Suscripciones,102.43,expense,2026-04-18,2132.25,monthly
12,synthetic_user_12@example.com,0,Alimentacion,78.38,expense,2026-04-13,2132.25,monthly
12,synthetic_user_12@example.com,0,Salud,111.56,expense,2026-04-13,2132.25,monthly
12,synthetic_user_12@example.com,0,Ingreso adicional,79.62,expense,2026-04-05,2132.25,monthly
12,synthetic_user_12@example.com,0,Otro,150.96,expense,2026-04-23,2132.25,monthly
13,synthetic_user_13@example.com,0,Ingreso Base,1810.02,income,2025-11-08,1821.06,monthly
13,synthetic_user_13@example.com,0,Inversion,81.53,investment,2025-11-27,1821.06,monthly
13,synthetic_user_13@example.com,0,Salud,66.38,expense,2025-11-15,1821.06,monthly
13,synthetic_user_13@example.com,0,Gastos generales,113.57,expense,2025-11-03,1821.06,monthly
13,synthetic_user_13@example.com,0,Ingreso adicional,150.49,expense,2025-11-16,1821.06,monthly
13,synthetic_user_13@example.com,0,Ingreso adicional,80.05,expense,2025-11-02,1821.06,monthly
13,synthetic_user_13@example.com,0,Servicios,92.35,expense,2025-11-13,1821.06,monthly
13,synthetic_user_13@example.com,0,Gastos generales,104.45,expense,2025-11-27,1821.06,monthly
13,synthetic_user_13@example.com,0,Suscripciones,35.08,expense,2025-11-02,1821.06,monthly
13,synthetic_user_13@example.com,0,Otro,55.46,expense,2025-11-20,1821.06,monthly
13,synthetic_user_13@example.com,0,Gastos generales,30.68,expense,2025-11-09,1821.06,monthly
13,synthetic_user_13@example.com,0,Transporte,66.61,expense,2025-11-10,1821.06,monthly
13,synthetic_user_13@example.com,0,Servicios,86.48,expense,2025-11-24,1821.06,monthly
13,synthetic_user_13@example.com,0,Otro,101.03,expense,2025-11-02,1821.06,monthly
13,synthetic_user_13@example.com,0,rappi,54.08,expense,2025-11-26,1821.06,monthly
13,synthetic_user_13@example.com,0,Ingreso adicional,115.27,expense,2025-11-04,1821.06,monthly
13,synthetic_user_13@example.com,0,Ingresos,106.69,expense,2025-11-02,1821.06,monthly
13,synthetic_user_13@example.com,0,Alimentacion,47.56,expense,2025-11-06,1821.06,monthly
13,synthetic_user_13@example.com,0,rappi,61.19,expense,2025-11-05,1821.06,monthly
13,synthetic_user_13@example.com,0,rappi,50.92,expense,2025-11-20,1821.06,monthly
13,synthetic_user_13@example.com,0,Gastos generales,102.23,expense,2025-11-20,1821.06,monthly
13,synthetic_user_13@example.com,0,Ingreso Base,1810.76,income,2025-12-08,1821.06,monthly
13,synthetic_user_13@example.com,0,Inversion,90.46,investment,2025-12-19,1821.06,monthly
13,synthetic_user_13@example.com,0,Vivienda,54.49,expense,2025-12-26,1821.06,monthly
13,synthetic_user_13@example.com,0,Vivienda,109.79,expense,2025-12-27,1821.06,monthly
13,synthetic_user_13@example.com,0,Ingreso adicional,129.48,expense,2025-12-03,1821.06,monthly
13,synthetic_user_13@example.com,0,Transporte,128.37,expense,2025-12-08,1821.06,monthly
13,synthetic_user_13@example.com,0,Gastos generales,71.47,expense,2025-12-06,1821.06,monthly
13,synthetic_user_13@example.com,0,Ingresos,113.35,expense,2025-12-21,1821.06,monthly
13,synthetic_user_13@example.com,0,Ocio,121.04,expense,2025-12-11,1821.06,monthly
13,synthetic_user_13@example.com,0,Transporte,121.42,expense,2025-12-15,1821.06,monthly
13,synthetic_user_13@example.com,0,Otro,75.02,expense,2025-12-21,1821.06,monthly
13,synthetic_user_13@example.com,0,Suscripciones,125.46,expense,2025-12-23,1821.06,monthly
13,synthetic_user_13@example.com,0,Gastos generales,78.73,expense,2025-12-12,1821.06,monthly
13,synthetic_user_13@example.com,0,Transporte,60.59,expense,2025-12-17,1821.06,monthly
13,synthetic_user_13@example.com,0,Ingresos,120.72,expense,2025-12-10,1821.06,monthly
13,synthetic_user_13@example.com,0,Compras,94.44,expense,2025-12-24,1821.06,monthly
13,synthetic_user_13@example.com,0,Salud,93.05,expense,2025-12-21,1821.06,monthly
13,synthetic_user_13@example.com,0,Ingreso Base,1858.24,income,2026-01-07,1821.06,monthly
13,synthetic_user_13@example.com,0,Inversion,84.69,investment,2026-01-28,1821.06,monthly
13,synthetic_user_13@example.com,0,Otro,135.97,expense,2026-01-08,1821.06,monthly
13,synthetic_user_13@example.com,0,Transporte,155.43,expense,2026-01-19,1821.06,monthly
13,synthetic_user_13@example.com,0,Ingresos,162.92,expense,2026-01-08,1821.06,monthly
13,synthetic_user_13@example.com,0,Educacion,102.43,expense,2026-01-18,1821.06,monthly
13,synthetic_user_13@example.com,0,Transporte,128.4,expense,2026-01-10,1821.06,monthly
13,synthetic_user_13@example.com,0,Vivienda,139.12,expense,2026-01-03,1821.06,monthly
13,synthetic_user_13@example.com,0,Otro,169.82,expense,2026-01-07,1821.06,monthly
13,synthetic_user_13@example.com,0,Servicios,158.97,expense,2026-01-10,1821.06,monthly
13,synthetic_user_13@example.com,0,Compras,110.37,expense,2026-01-22,1821.06,monthly
13,synthetic_user_13@example.com,0,Transporte,195.6,expense,2026-01-09,1821.06,monthly
13,synthetic_user_13@example.com,0,Salud,191.17,expense,2026-01-17,1821.06,monthly
13,synthetic_user_13@example.com,0,Ingreso Base,1934.23,income,2026-02-06,1821.06,monthly
13,synthetic_user_13@example.com,0,Inversion,62.03,investment,2026-02-28,1821.06,monthly
13,synthetic_user_13@example.com,0,Servicios,141.88,expense,2026-02-15,1821.06,monthly
13,synthetic_user_13@example.com,0,Gastos generales,75.05,expense,2026-02-03,1821.06,monthly
13,synthetic_user_13@example.com,0,Servicios,139.3,expense,2026-02-03,1821.06,monthly
13,synthetic_user_13@example.com,0,Gastos generales,59.29,expense,2026-02-05,1821.06,monthly
13,synthetic_user_13@example.com,0,Alimentacion,101.12,expense,2026-02-19,1821.06,monthly
13,synthetic_user_13@example.com,0,Servicios,57.05,expense,2026-02-14,1821.06,monthly
13,synthetic_user_13@example.com,0,Ingreso adicional,67.04,expense,2026-02-06,1821.06,monthly
13,synthetic_user_13@example.com,0,Transporte,159.74,expense,2026-02-09,1821.06,monthly
13,synthetic_user_13@example.com,0,Suscripciones,158.34,expense,2026-02-17,1821.06,monthly
13,synthetic_user_13@example.com,0,Ingresos,92.17,expense,2026-02-05,1821.06,monthly
13,synthetic_user_13@example.com,0,Ocio,161.64,expense,2026-02-14,1821.06,monthly
13,synthetic_user_13@example.com,0,Transporte,101.72,expense,2026-02-13,1821.06,monthly
13,synthetic_user_13@example.com,0,Servicios,158.18,expense,2026-02-01,1821.06,monthly
13,synthetic_user_13@example.com,0,Vivienda,117.62,expense,2026-02-01,1821.06,monthly
13,synthetic_user_13@example.com,0,Ingreso Base,1923.64,income,2026-03-08,1821.06,monthly
13,synthetic_user_13@example.com,0,Inversion,75.72,investment,2026-03-24,1821.06,monthly
13,synthetic_user_13@example.com,0,Salud,94.98,expense,2026-03-12,1821.06,monthly
13,synthetic_user_13@example.com,0,Compras,322.41,expense,2026-03-07,1821.06,monthly
13,synthetic_user_13@example.com,0,Otro,184.8,expense,2026-03-14,1821.06,monthly
13,synthetic_user_13@example.com,0,Educacion,61.22,expense,2026-03-04,1821.06,monthly
13,synthetic_user_13@example.com,0,Otro,120.75,expense,2026-03-01,1821.06,monthly
13,synthetic_user_13@example.com,0,Vivienda,218.75,expense,2026-03-25,1821.06,monthly
13,synthetic_user_13@example.com,0,Gastos generales,276.03,expense,2026-03-02,1821.06,monthly
13,synthetic_user_13@example.com,0,Alimentacion,235.03,expense,2026-03-22,1821.06,monthly
13,synthetic_user_13@example.com,0,Ocio,249.61,expense,2026-03-26,1821.06,monthly
13,synthetic_user_13@example.com,0,Ingreso Base,1929.05,income,2026-04-07,1821.06,monthly
13,synthetic_user_13@example.com,0,Inversion,112.88,investment,2026-04-14,1821.06,monthly
13,synthetic_user_13@example.com,0,Transporte,70.35,expense,2026-04-22,1821.06,monthly
13,synthetic_user_13@example.com,0,Gastos generales,118.68,expense,2026-04-09,1821.06,monthly
13,synthetic_user_13@example.com,0,Ingreso adicional,70.67,expense,2026-04-15,1821.06,monthly
13,synthetic_user_13@example.com,0,Otro,107.87,expense,2026-04-17,1821.06,monthly
13,synthetic_user_13@example.com,0,Otro,99.54,expense,2026-04-16,1821.06,monthly
13,synthetic_user_13@example.com,0,Otro,87.78,expense,2026-04-07,1821.06,monthly
13,synthetic_user_13@example.com,0,Gastos generales,77.76,expense,2026-04-13,1821.06,monthly
13,synthetic_user_13@example.com,0,Salud,88.97,expense,2026-04-10,1821.06,monthly
13,synthetic_user_13@example.com,0,Otro,61.7,expense,2026-04-25,1821.06,monthly
13,synthetic_user_13@example.com,0,Servicios,83.44,expense,2026-04-15,1821.06,monthly
13,synthetic_user_13@example.com,0,Transporte,2.0,expense,2026-04-19,1821.06,monthly
13,synthetic_user_13@example.com,0,Ingresos,71.59,expense,2026-04-14,1821.06,monthly
13,synthetic_user_13@example.com,0,Compras,89.37,expense,2026-04-09,1821.06,monthly
13,synthetic_user_13@example.com,0,Gastos generales,31.91,expense,2026-04-11,1821.06,monthly
13,synthetic_user_13@example.com,0,Gastos generales,135.88,expense,2026-04-06,1821.06,monthly
13,synthetic_user_13@example.com,0,Salud,86.71,expense,2026-04-14,1821.06,monthly
14,synthetic_user_14@example.com,0,Ingreso Base,2587.29,income,2025-11-08,2558.99,monthly
14,synthetic_user_14@example.com,0,Inversion,348.84,investment,2025-11-16,2558.99,monthly
14,synthetic_user_14@example.com,0,Gastos generales,82.57,expense,2025-11-24,2558.99,monthly
14,synthetic_user_14@example.com,0,Gastos generales,46.28,expense,2025-11-26,2558.99,monthly
14,synthetic_user_14@example.com,0,Suscripciones,114.96,expense,2025-11-23,2558.99,monthly
14,synthetic_user_14@example.com,0,Ingreso adicional,119.55,expense,2025-11-02,2558.99,monthly
14,synthetic_user_14@example.com,0,Otro,111.03,expense,2025-11-23,2558.99,monthly
14,synthetic_user_14@example.com,0,Educacion,109.28,expense,2025-11-22,2558.99,monthly
14,synthetic_user_14@example.com,0,Educacion,35.45,expense,2025-11-22,2558.99,monthly
14,synthetic_user_14@example.com,0,Alimentacion,97.64,expense,2025-11-18,2558.99,monthly
14,synthetic_user_14@example.com,0,Gastos generales,127.46,expense,2025-11-17,2558.99,monthly
14,synthetic_user_14@example.com,0,Compras,95.05,expense,2025-11-07,2558.99,monthly
14,synthetic_user_14@example.com,0,Gastos generales,173.97,expense,2025-11-08,2558.99,monthly
14,synthetic_user_14@example.com,0,Servicios,99.54,expense,2025-11-24,2558.99,monthly
14,synthetic_user_14@example.com,0,Salud,115.43,expense,2025-11-10,2558.99,monthly
14,synthetic_user_14@example.com,0,Gastos generales,111.06,expense,2025-11-15,2558.99,monthly
14,synthetic_user_14@example.com,0,rappi,140.55,expense,2025-11-20,2558.99,monthly
14,synthetic_user_14@example.com,0,Ocio,3.73,expense,2025-11-16,2558.99,monthly
14,synthetic_user_14@example.com,0,Transporte,157.39,expense,2025-11-05,2558.99,monthly
14,synthetic_user_14@example.com,0,Vivienda,114.97,expense,2025-11-16,2558.99,monthly
14,synthetic_user_14@example.com,0,Gastos generales,20.96,expense,2025-11-09,2558.99,monthly
14,synthetic_user_14@example.com,0,Ingreso Base,2368.95,income,2025-12-08,2558.99,monthly
14,synthetic_user_14@example.com,0,Inversion,287.83,investment,2025-12-16,2558.99,monthly
14,synthetic_user_14@example.com,0,Ingreso adicional,94.3,expense,2025-12-10,2558.99,monthly
14,synthetic_user_14@example.com,0,Suscripciones,109.58,expense,2025-12-08,2558.99,monthly
14,synthetic_user_14@example.com,0,Ingreso adicional,49.56,expense,2025-12-09,2558.99,monthly
14,synthetic_user_14@example.com,0,Ocio,104.6,expense,2025-12-01,2558.99,monthly
14,synthetic_user_14@example.com,0,rappi,94.45,expense,2025-12-01,2558.99,monthly
14,synthetic_user_14@example.com,0,rappi,94.49,expense,2025-12-01,2558.99,monthly
14,synthetic_user_14@example.com,0,Ingresos,175.28,expense,2025-12-01,2558.99,monthly
14,synthetic_user_14@example.com,0,Ingresos,102.15,expense,2025-12-11,2558.99,monthly
14,synthetic_user_14@example.com,0,Ingresos,86.15,expense,2025-12-08,2558.99,monthly
14,synthetic_user_14@example.com,0,Compras,85.77,expense,2025-12-14,2558.99,monthly
14,synthetic_user_14@example.com,0,rappi,75.1,expense,2025-12-09,2558.99,monthly
14,synthetic_user_14@example.com,0,Salud,126.78,expense,2025-12-13,2558.99,monthly
14,synthetic_user_14@example.com,0,Ocio,95.16,expense,2025-12-12,2558.99,monthly
14,synthetic_user_14@example.com,0,Ingreso adicional,86.39,expense,2025-12-05,2558.99,monthly
14,synthetic_user_14@example.com,0,Ocio,78.19,expense,2025-12-26,2558.99,monthly
14,synthetic_user_14@example.com,0,Suscripciones,48.12,expense,2025-12-25,2558.99,monthly
14,synthetic_user_14@example.com,0,Suscripciones,167.52,expense,2025-12-16,2558.99,monthly
14,synthetic_user_14@example.com,0,Alimentacion,103.4,expense,2025-12-26,2558.99,monthly
14,synthetic_user_14@example.com,0,Ingreso Base,2144.96,income,2026-01-07,2558.99,monthly
14,synthetic_user_14@example.com,0,Inversion,243.69,investment,2026-01-28,2558.99,monthly
14,synthetic_user_14@example.com,0,Suscripciones,124.99,expense,2026-01-23,2558.99,monthly
14,synthetic_user_14@example.com,0,Servicios,163.32,expense,2026-01-25,2558.99,monthly
14,synthetic_user_14@example.com,0,Ocio,122.48,expense,2026-01-12,2558.99,monthly
14,synthetic_user_14@example.com,0,Suscripciones,168.55,expense,2026-01-01,2558.99,monthly
14,synthetic_user_14@example.com,0,Educacion,138.49,expense,2026-01-16,2558.99,monthly
14,synthetic_user_14@example.com,0,Suscripciones,145.03,expense,2026-01-15,2558.99,monthly
14,synthetic_user_14@example.com,0,Suscripciones,52.12,expense,2026-01-26,2558.99,monthly
14,synthetic_user_14@example.com,0,rappi,107.26,expense,2026-01-25,2558.99,monthly
14,synthetic_user_14@example.com,0,Compras,145.08,expense,2026-01-21,2558.99,monthly
14,synthetic_user_14@example.com,0,Educacion,126.5,expense,2026-01-15,2558.99,monthly
14,synthetic_user_14@example.com,0,Ingreso adicional,208.59,expense,2026-01-15,2558.99,monthly
14,synthetic_user_14@example.com,0,Servicios,124.92,expense,2026-01-27,2558.99,monthly
14,synthetic_user_14@example.com,0,Gastos generales,107.78,expense,2026-01-12,2558.99,monthly
14,synthetic_user_14@example.com,0,Ingreso adicional,164.81,expense,2026-01-14,2558.99,monthly
14,synthetic_user_14@example.com,0,Ingreso Base,2551.26,income,2026-02-06,2558.99,monthly
14,synthetic_user_14@example.com,0,Inversion,193.18,investment,2026-02-10,2558.99,monthly
14,synthetic_user_14@example.com,0,Suscripciones,319.68,expense,2026-02-05,2558.99,monthly
14,synthetic_user_14@example.com,0,Transporte,177.39,expense,2026-02-22,2558.99,monthly
14,synthetic_user_14@example.com,0,Transporte,233.53,expense,2026-02-05,2558.99,monthly
14,synthetic_user_14@example.com,0,Educacion,263.45,expense,2026-02-13,2558.99,monthly
14,synthetic_user_14@example.com,0,Vivienda,128.81,expense,2026-02-07,2558.99,monthly
14,synthetic_user_14@example.com,0,Educacion,441.58,expense,2026-02-05,2558.99,monthly
14,synthetic_user_14@example.com,0,Ingreso adicional,383.22,expense,2026-02-04,2558.99,monthly
14,synthetic_user_14@example.com,0,Ocio,113.91,expense,2026-02-04,2558.99,monthly
14,synthetic_user_14@example.com,0,Ingreso Base,2783.27,income,2026-03-08,2558.99,monthly
14,synthetic_user_14@example.com,0,Inversion,342.16,investment,2026-03-22,2558.99,monthly
14,synthetic_user_14@example.com,0,rappi,27.63,expense,2026-03-14,2558.99,monthly
14,synthetic_user_14@example.com,0,Educacion,164.22,expense,2026-03-17,2558.99,monthly
14,synthetic_user_14@example.com,0,Otro,153.86,expense,2026-03-14,2558.99,monthly
14,synthetic_user_14@example.com,0,rappi,171.4,expense,2026-03-22,2558.99,monthly
14,synthetic_user_14@example.com,0,Educacion,147.33,expense,2026-03-24,2558.99,monthly
14,synthetic_user_14@example.com,0,Transporte,120.5,expense,2026-03-27,2558.99,monthly
14,synthetic_user_14@example.com,0,Transporte,76.93,expense,2026-03-04,2558.99,monthly
14,synthetic_user_14@example.com,0,Vivienda,126.84,expense,2026-03-04,2558.99,monthly
14,synthetic_user_14@example.com,0,Transporte,158.62,expense,2026-03-23,2558.99,monthly
14,synthetic_user_14@example.com,0,Gastos generales,107.12,expense,2026-03-17,2558.99,monthly
14,synthetic_user_14@example.com,0,Salud,171.9,expense,2026-03-22,2558.99,monthly
14,synthetic_user_14@example.com,0,Otro,67.12,expense,2026-03-27,2558.99,monthly
14,synthetic_user_14@example.com,0,Educacion,109.21,expense,2026-03-11,2558.99,monthly
14,synthetic_user_14@example.com,0,Transporte,139.53,expense,2026-03-02,2558.99,monthly
14,synthetic_user_14@example.com,0,Ingresos,58.64,expense,2026-03-09,2558.99,monthly
14,synthetic_user_14@example.com,0,Gastos generales,161.63,expense,2026-03-16,2558.99,monthly
14,synthetic_user_14@example.com,0,Ingreso adicional,131.65,expense,2026-03-24,2558.99,monthly
14,synthetic_user_14@example.com,0,Salud,135.39,expense,2026-03-08,2558.99,monthly
14,synthetic_user_14@example.com,0,Educacion,144.16,expense,2026-03-04,2558.99,monthly
14,synthetic_user_14@example.com,0,Ingreso Base,2410.09,income,2026-04-07,2558.99,monthly
14,synthetic_user_14@example.com,0,Inversion,269.06,investment,2026-04-21,2558.99,monthly
14,synthetic_user_14@example.com,0,Transporte,143.29,expense,2026-04-07,2558.99,monthly
14,synthetic_user_14@example.com,0,Suscripciones,112.55,expense,2026-04-07,2558.99,monthly
14,synthetic_user_14@example.com,0,Compras,204.91,expense,2026-04-25,2558.99,monthly
14,synthetic_user_14@example.com,0,Suscripciones,313.1,expense,2026-04-17,2558.99,monthly
14,synthetic_user_14@example.com,0,Alimentacion,249.38,expense,2026-04-08,2558.99,monthly
14,synthetic_user_14@example.com,0,Compras,187.92,expense,2026-04-27,2558.99,monthly
14,synthetic_user_14@example.com,0,Salud,151.39,expense,2026-04-11,2558.99,monthly
14,synthetic_user_14@example.com,0,Ocio,201.71,expense,2026-04-19,2558.99,monthly
14,synthetic_user_14@example.com,0,Suscripciones,193.15,expense,2026-04-04,2558.99,monthly
15,synthetic_user_15@example.com,0,Ingreso Base,2217.32,income,2025-11-08,2483.02,monthly
15,synthetic_user_15@example.com,0,Inversion,305.31,investment,2025-11-15,2483.02,monthly
15,synthetic_user_15@example.com,0,Vivienda,143.86,expense,2025-11-06,2483.02,monthly
15,synthetic_user_15@example.com,0,Compras,253.87,expense,2025-11-23,2483.02,monthly
15,synthetic_user_15@example.com,0,Educacion,105.09,expense,2025-11-17,2483.02,monthly
15,synthetic_user_15@example.com,0,Ingreso adicional,144.49,expense,2025-11-11,2483.02,monthly
15,synthetic_user_15@example.com,0,Compras,170.64,expense,2025-11-09,2483.02,monthly
15,synthetic_user_15@example.com,0,Gastos generales,278.05,expense,2025-11-01,2483.02,monthly
15,synthetic_user_15@example.com,0,Compras,53.85,expense,2025-11-05,2483.02,monthly
15,synthetic_user_15@example.com,0,Servicios,197.96,expense,2025-11-17,2483.02,monthly
15,synthetic_user_15@example.com,0,rappi,223.7,expense,2025-11-10,2483.02,monthly
15,synthetic_user_15@example.com,0,Ocio,189.45,expense,2025-11-07,2483.02,monthly
15,synthetic_user_15@example.com,0,Gastos generales,188.42,expense,2025-11-17,2483.02,monthly
15,synthetic_user_15@example.com,0,Ingresos,180.99,expense,2025-11-08,2483.02,monthly
15,synthetic_user_15@example.com,0,Ingreso Base,2367.92,income,2025-12-08,2483.02,monthly
15,synthetic_user_15@example.com,0,Inversion,262.02,investment,2025-12-17,2483.02,monthly
15,synthetic_user_15@example.com,0,Otro,79.72,expense,2025-12-12,2483.02,monthly
15,synthetic_user_15@example.com,0,Compras,335.91,expense,2025-12-15,2483.02,monthly
15,synthetic_user_15@example.com,0,Vivienda,213.29,expense,2025-12-02,2483.02,monthly
15,synthetic_user_15@example.com,0,Ingresos,182.82,expense,2025-12-24,2483.02,monthly
15,synthetic_user_15@example.com,0,Otro,230.26,expense,2025-12-20,2483.02,monthly
15,synthetic_user_15@example.com,0,rappi,239.53,expense,2025-12-24,2483.02,monthly
15,synthetic_user_15@example.com,0,Ingreso adicional,288.72,expense,2025-12-24,2483.02,monthly
15,synthetic_user_15@example.com,0,Ingreso adicional,335.83,expense,2025-12-16,2483.02,monthly
15,synthetic_user_15@example.com,0,Ingreso Base,2457.74,income,2026-01-07,2483.02,monthly
15,synthetic_user_15@example.com,0,Inversion,289.46,investment,2026-01-20,2483.02,monthly
15,synthetic_user_15@example.com,0,Compras,180.65,expense,2026-01-23,2483.02,monthly
15,synthetic_user_15@example.com,0,Ingreso adicional,63.5,expense,2026-01-17,2483.02,monthly
15,synthetic_user_15@example.com,0,Ingresos,118.34,expense,2026-01-07,2483.02,monthly
15,synthetic_user_15@example.com,0,rappi,110.32,expense,2026-01-13,2483.02,monthly
15,synthetic_user_15@example.com,0,Compras,105.12,expense,2026-01-16,2483.02,monthly
15,synthetic_user_15@example.com,0,rappi,124.54,expense,2026-01-13,2483.02,monthly
15,synthetic_user_15@example.com,0,Ingreso adicional,159.55,expense,2026-01-20,2483.02,monthly
15,synthetic_user_15@example.com,0,Servicios,149.51,expense,2026-01-01,2483.02,monthly
15,synthetic_user_15@example.com,0,Compras,205.94,expense,2026-01-24,2483.02,monthly
15,synthetic_user_15@example.com,0,Ingresos,122.47,expense,2026-01-24,2483.02,monthly
15,synthetic_user_15@example.com,0,Educacion,103.53,expense,2026-01-24,2483.02,monthly
15,synthetic_user_15@example.com,0,Gastos generales,114.91,expense,2026-01-21,2483.02,monthly
15,synthetic_user_15@example.com,0,Ingresos,74.22,expense,2026-01-13,2483.02,monthly
15,synthetic_user_15@example.com,0,Educacion,128.26,expense,2026-01-08,2483.02,monthly
15,synthetic_user_15@example.com,0,rappi,147.06,expense,2026-01-08,2483.02,monthly
15,synthetic_user_15@example.com,0,rappi,62.85,expense,2026-01-11,2483.02,monthly
15,synthetic_user_15@example.com,0,Ingreso Base,2275.0,income,2026-02-06,2483.02,monthly
15,synthetic_user_15@example.com,0,Inversion,311.35,investment,2026-02-10,2483.02,monthly
15,synthetic_user_15@example.com,0,Compras,107.81,expense,2026-02-22,2483.02,monthly
15,synthetic_user_15@example.com,0,Ingresos,146.12,expense,2026-02-18,2483.02,monthly
15,synthetic_user_15@example.com,0,rappi,152.64,expense,2026-02-26,2483.02,monthly
15,synthetic_user_15@example.com,0,Ingreso adicional,160.58,expense,2026-02-10,2483.02,monthly
15,synthetic_user_15@example.com,0,Ingresos,175.06,expense,2026-02-14,2483.02,monthly
15,synthetic_user_15@example.com,0,Ingreso adicional,42.85,expense,2026-02-18,2483.02,monthly
15,synthetic_user_15@example.com,0,Ingreso adicional,100.02,expense,2026-02-03,2483.02,monthly
15,synthetic_user_15@example.com,0,Servicios,131.07,expense,2026-02-19,2483.02,monthly
15,synthetic_user_15@example.com,0,rappi,136.8,expense,2026-02-26,2483.02,monthly
15,synthetic_user_15@example.com,0,Educacion,102.45,expense,2026-02-01,2483.02,monthly
15,synthetic_user_15@example.com,0,Educacion,127.77,expense,2026-02-06,2483.02,monthly
15,synthetic_user_15@example.com,0,Vivienda,169.02,expense,2026-02-04,2483.02,monthly
15,synthetic_user_15@example.com,0,Ingresos,162.72,expense,2026-02-18,2483.02,monthly
15,synthetic_user_15@example.com,0,Ingreso Base,2615.75,income,2026-03-08,2483.02,monthly
15,synthetic_user_15@example.com,0,Inversion,309.63,investment,2026-03-13,2483.02,monthly
15,synthetic_user_15@example.com,0,Servicios,180.28,expense,2026-03-14,2483.02,monthly
15,synthetic_user_15@example.com,0,Gastos generales,302.62,expense,2026-03-05,2483.02,monthly
15,synthetic_user_15@example.com,0,Ingresos,264.59,expense,2026-03-17,2483.02,monthly
15,synthetic_user_15@example.com,0,Ingreso adicional,345.0,expense,2026-03-26,2483.02,monthly
15,synthetic_user_15@example.com,0,Vivienda,389.23,expense,2026-03-06,2483.02,monthly
15,synthetic_user_15@example.com,0,Compras,286.52,expense,2026-03-02,2483.02,monthly
15,synthetic_user_15@example.com,0,Compras,191.9,expense,2026-03-04,2483.02,monthly
15,synthetic_user_15@example.com,0,Ingreso adicional,225.45,expense,2026-03-19,2483.02,monthly
15,synthetic_user_15@example.com,0,Ingreso Base,2497.12,income,2026-04-07,2483.02,monthly
15,synthetic_user_15@example.com,0,Inversion,277.37,investment,2026-04-22,2483.02,monthly
15,synthetic_user_15@example.com,0,Ingresos,188.77,expense,2026-04-08,2483.02,monthly
15,synthetic_user_15@example.com,0,Educacion,181.25,expense,2026-04-08,2483.02,monthly
15,synthetic_user_15@example.com,0,Suscripciones,304.56,expense,2026-04-12,2483.02,monthly
15,synthetic_user_15@example.com,0,Ocio,100.57,expense,2026-04-17,2483.02,monthly
15,synthetic_user_15@example.com,0,Salud,183.98,expense,2026-04-20,2483.02,monthly
15,synthetic_user_15@example.com,0,Gastos generales,192.42,expense,2026-04-19,2483.02,monthly
15,synthetic_user_15@example.com,0,Salud,315.74,expense,2026-04-24,2483.02,monthly
15,synthetic_user_15@example.com,0,Ingresos,230.84,expense,2026-04-18,2483.02,monthly
16,synthetic_user_16@example.com,0,Ingreso Base,866.13,income,2025-11-08,900.48,monthly
16,synthetic_user_16@example.com,0,Inversion,108.77,investment,2025-11-22,900.48,monthly
16,synthetic_user_16@example.com,0,Ingresos,19.86,expense,2025-11-08,900.48,monthly
16,synthetic_user_16@example.com,0,Alimentacion,17.12,expense,2025-11-27,900.48,monthly
16,synthetic_user_16@example.com,0,rappi,54.63,expense,2025-11-12,900.48,monthly
16,synthetic_user_16@example.com,0,Transporte,30.79,expense,2025-11-07,900.48,monthly
16,synthetic_user_16@example.com,0,Ocio,46.55,expense,2025-11-23,900.48,monthly
16,synthetic_user_16@example.com,0,Compras,29.54,expense,2025-11-25,900.48,monthly
16,synthetic_user_16@example.com,0,Salud,40.55,expense,2025-11-15,900.48,monthly
16,synthetic_user_16@example.com,0,Transporte,37.45,expense,2025-11-06,900.48,monthly
16,synthetic_user_16@example.com,0,Ingresos,38.34,expense,2025-11-03,900.48,monthly
16,synthetic_user_16@example.com,0,Suscripciones,31.04,expense,2025-11-11,900.48,monthly
16,synthetic_user_16@example.com,0,rappi,44.78,expense,2025-11-19,900.48,monthly
16,synthetic_user_16@example.com,0,Ocio,56.42,expense,2025-11-23,900.48,monthly
16,synthetic_user_16@example.com,0,rappi,41.07,expense,2025-11-15,900.48,monthly
16,synthetic_user_16@example.com,0,Servicios,38.19,expense,2025-11-11,900.48,monthly
16,synthetic_user_16@example.com,0,Ocio,45.5,expense,2025-11-21,900.48,monthly
16,synthetic_user_16@example.com,0,Vivienda,27.51,expense,2025-11-12,900.48,monthly
16,synthetic_user_16@example.com,0,Servicios,39.36,expense,2025-11-02,900.48,monthly
16,synthetic_user_16@example.com,0,Ocio,46.26,expense,2025-11-06,900.48,monthly
16,synthetic_user_16@example.com,0,Ingreso Base,942.13,income,2025-12-08,900.48,monthly
16,synthetic_user_16@example.com,0,Inversion,87.84,investment,2025-12-13,900.48,monthly
16,synthetic_user_16@example.com,0,Ocio,23.14,expense,2025-12-07,900.48,monthly
16,synthetic_user_16@example.com,0,Gastos generales,75.93,expense,2025-12-14,900.48,monthly
16,synthetic_user_16@example.com,0,Vivienda,7.61,expense,2025-12-08,900.48,monthly
16,synthetic_user_16@example.com,0,Ocio,59.86,expense,2025-12-18,900.48,monthly
16,synthetic_user_16@example.com,0,Alimentacion,55.37,expense,2025-12-23,900.48,monthly
16,synthetic_user_16@example.com,0,Compras,40.03,expense,2025-12-06,900.48,monthly
16,synthetic_user_16@example.com,0,rappi,15.15,expense,2025-12-21,900.48,monthly
16,synthetic_user_16@example.com,0,rappi,39.05,expense,2025-12-03,900.48,monthly
16,synthetic_user_16@example.com,0,Educacion,25.88,expense,2025-12-18,900.48,monthly
16,synthetic_user_16@example.com,0,Ingresos,72.54,expense,2025-12-26,900.48,monthly
16,synthetic_user_16@example.com,0,Ocio,27.88,expense,2025-12-04,900.48,monthly
16,synthetic_user_16@example.com,0,Alimentacion,50.86,expense,2025-12-26,900.48,monthly
16,synthetic_user_16@example.com,0,Servicios,46.0,expense,2025-12-04,900.48,monthly
16,synthetic_user_16@example.com,0,Servicios,25.93,expense,2025-12-19,900.48,monthly
16,synthetic_user_16@example.com,0,Alimentacion,52.28,expense,2025-12-06,900.48,monthly
16,synthetic_user_16@example.com,0,Transporte,24.46,expense,2025-12-12,900.48,monthly
16,synthetic_user_16@example.com,0,Transporte,37.74,expense,2025-12-20,900.48,monthly
16,synthetic_user_16@example.com,0,Alimentacion,65.89,expense,2025-12-06,900.48,monthly
16,synthetic_user_16@example.com,0,Ingreso Base,846.04,income,2026-01-07,900.48,monthly
16,synthetic_user_16@example.com,0,Inversion,82.03,investment,2026-01-25,900.48,monthly
16,synthetic_user_16@example.com,0,Suscripciones,51.52,expense,2026-01-17,900.48,monthly
16,synthetic_user_16@example.com,0,Ocio,28.15,expense,2026-01-12,900.48,monthly
16,synthetic_user_16@example.com,0,Servicios,35.4,expense,2026-01-12,900.48,monthly
16,synthetic_user_16@example.com,0,Educacion,29.07,expense,2026-01-06,900.48,monthly
16,synthetic_user_16@example.com,0,rappi,43.92,expense,2026-01-15,900.48,monthly
16,synthetic_user_16@example.com,0,Alimentacion,70.29,expense,2026-01-12,900.48,monthly
16,synthetic_user_16@example.com,0,Vivienda,52.15,expense,2026-01-19,900.48,monthly
16,synthetic_user_16@example.com,0,Educacion,24.47,expense,2026-01-03,900.48,monthly
16,synthetic_user_16@example.com,0,Vivienda,35.72,expense,2026-01-08,900.48,monthly
16,synthetic_user_16@example.com,0,rappi,106.02,expense,2026-01-10,900.48,monthly
16,synthetic_user_16@example.com,0,Ocio,30.04,expense,2026-01-02,900.48,monthly
16,synthetic_user_16@example.com,0,Transporte,50.42,expense,2026-01-14,900.48,monthly
16,synthetic_user_16@example.com,0,Compras,61.34,expense,2026-01-27,900.48,monthly
16,synthetic_user_16@example.com,0,Ingreso Base,923.75,income,2026-02-06,900.48,monthly
16,synthetic_user_16@example.com,0,Inversion,82.97,investment,2026-02-12,900.48,monthly
16,synthetic_user_16@example.com,0,Ocio,62.34,expense,2026-02-16,900.48,monthly
16,synthetic_user_16@example.com,0,Educacion,79.58,expense,2026-02-09,900.48,monthly
16,synthetic_user_16@example.com,0,Vivienda,45.32,expense,2026-02-20,900.48,monthly
16,synthetic_user_16@example.com,0,Servicios,78.81,expense,2026-02-20,900.48,monthly
16,synthetic_user_16@example.com,0,rappi,70.85,expense,2026-02-22,900.48,monthly
16,synthetic_user_16@example.com,0,Suscripciones,88.66,expense,2026-02-18,900.48,monthly
16,synthetic_user_16@example.com,0,Ocio,94.88,expense,2026-02-25,900.48,monthly
16,synthetic_user_16@example.com,0,Suscripciones,55.32,expense,2026-02-22,900.48,monthly
16,synthetic_user_16@example.com,0,Salud,77.65,expense,2026-02-04,900.48,monthly
16,synthetic_user_16@example.com,0,rappi,60.94,expense,2026-02-02,900.48,monthly
16,synthetic_user_16@example.com,0,Educacion,60.84,expense,2026-02-23,900.48,monthly
16,synthetic_user_16@example.com,0,Transporte,45.95,expense,2026-02-21,900.48,monthly
16,synthetic_user_16@example.com,0,Vivienda,53.03,expense,2026-02-13,900.48,monthly
16,synthetic_user_16@example.com,0,Ingreso Base,902.35,income,2026-03-08,900.48,monthly
16,synthetic_user_16@example.com,0,Inversion,51.86,investment,2026-03-20,900.48,monthly
16,synthetic_user_16@example.com,0,Suscripciones,32.16,expense,2026-03-14,900.48,monthly
16,synthetic_user_16@example.com,0,rappi,61.34,expense,2026-03-13,900.48,monthly
16,synthetic_user_16@example.com,0,Servicios,34.74,expense,2026-03-04,900.48,monthly
16,synthetic_user_16@example.com,0,Otro,26.74,expense,2026-03-11,900.48,monthly
16,synthetic_user_16@example.com,0,Ingresos,32.33,expense,2026-03-13,900.48,monthly
16,synthetic_user_16@example.com,0,Transporte,44.73,expense,2026-03-16,900.48,monthly
16,synthetic_user_16@example.com,0,Servicios,66.68,expense,2026-03-23,900.48,monthly
16,synthetic_user_16@example.com,0,Vivienda,46.12,expense,2026-03-25,900.48,monthly
16,synthetic_user_16@example.com,0,Suscripciones,52.51,expense,2026-03-27,900.48,monthly
16,synthetic_user_16@example.com,0,Gastos generales,37.69,expense,2026-03-05,900.48,monthly
16,synthetic_user_16@example.com,0,Suscripciones,21.22,expense,2026-03-02,900.48,monthly
16,synthetic_user_16@example.com,0,Educacion,24.83,expense,2026-03-05,900.48,monthly
16,synthetic_user_16@example.com,0,Servicios,59.21,expense,2026-03-03,900.48,monthly
16,synthetic_user_16@example.com,0,Ocio,26.16,expense,2026-03-09,900.48,monthly
16,synthetic_user_16@example.com,0,Ocio,31.25,expense,2026-03-05,900.48,monthly
16,synthetic_user_16@example.com,0,Vivienda,56.47,expense,2026-03-02,900.48,monthly
16,synthetic_user_16@example.com,0,Ingreso adicional,31.86,expense,2026-03-12,900.48,monthly
16,synthetic_user_16@example.com,0,Vivienda,54.74,expense,2026-03-06,900.48,monthly
16,synthetic_user_16@example.com,0,Ocio,74.65,expense,2026-03-10,900.48,monthly
16,synthetic_user_16@example.com,0,Ingreso Base,878.33,income,2026-04-07,900.48,monthly
16,synthetic_user_16@example.com,0,Inversion,78.86,investment,2026-04-25,900.48,monthly
16,synthetic_user_16@example.com,0,Ocio,72.45,expense,2026-04-18,900.48,monthly
16,synthetic_user_16@example.com,0,rappi,55.83,expense,2026-04-26,900.48,monthly
16,synthetic_user_16@example.com,0,Ingresos,54.27,expense,2026-04-20,900.48,monthly
16,synthetic_user_16@example.com,0,Ocio,78.7,expense,2026-04-17,900.48,monthly
16,synthetic_user_16@example.com,0,Ingreso adicional,51.24,expense,2026-04-23,900.48,monthly
16,synthetic_user_16@example.com,0,Ingreso adicional,57.75,expense,2026-04-24,900.48,monthly
16,synthetic_user_16@example.com,0,rappi,34.94,expense,2026-04-16,900.48,monthly
16,synthetic_user_16@example.com,0,Educacion,39.39,expense,2026-04-15,900.48,monthly
16,synthetic_user_16@example.com,0,rappi,54.73,expense,2026-04-22,900.48,monthly
16,synthetic_user_16@example.com,0,rappi,42.71,expense,2026-04-02,900.48,monthly
16,synthetic_user_16@example.com,0,Educacion,37.91,expense,2026-04-15,900.48,monthly
16,synthetic_user_16@example.com,0,rappi,91.31,expense,2026-04-22,900.48,monthly
16,synthetic_user_16@example.com,0,Educacion,47.97,expense,2026-04-17,900.48,monthly
16,synthetic_user_16@example.com,0,Ocio,48.38,expense,2026-04-04,900.48,monthly
16,synthetic_user_16@example.com,0,rappi,33.56,expense,2026-04-14,900.48,monthly
17,synthetic_user_17@example.com,0,Ingreso Base,1200.67,income,2025-11-08,1517.87,monthly
17,synthetic_user_17@example.com,0,Inversion,79.64,investment,2025-11-26,1517.87,monthly
17,synthetic_user_17@example.com,0,Salud,82.3,expense,2025-11-16,1517.87,monthly
17,synthetic_user_17@example.com,0,Educacion,51.16,expense,2025-11-27,1517.87,monthly
17,synthetic_user_17@example.com,0,Compras,58.55,expense,2025-11-24,1517.87,monthly
17,synthetic_user_17@example.com,0,Servicios,49.67,expense,2025-11-19,1517.87,monthly
17,synthetic_user_17@example.com,0,Suscripciones,106.91,expense,2025-11-25,1517.87,monthly
17,synthetic_user_17@example.com,0,Alimentacion,34.01,expense,2025-11-04,1517.87,monthly
17,synthetic_user_17@example.com,0,Alimentacion,21.81,expense,2025-11-27,1517.87,monthly
17,synthetic_user_17@example.com,0,Ingresos,68.16,expense,2025-11-15,1517.87,monthly
17,synthetic_user_17@example.com,0,Salud,70.87,expense,2025-11-03,1517.87,monthly
17,synthetic_user_17@example.com,0,Alimentacion,97.94,expense,2025-11-24,1517.87,monthly
17,synthetic_user_17@example.com,0,Transporte,75.31,expense,2025-11-23,1517.87,monthly
17,synthetic_user_17@example.com,0,Educacion,89.9,expense,2025-11-03,1517.87,monthly
17,synthetic_user_17@example.com,0,Compras,70.74,expense,2025-11-19,1517.87,monthly
17,synthetic_user_17@example.com,0,Servicios,70.49,expense,2025-11-02,1517.87,monthly
17,synthetic_user_17@example.com,0,Ocio,46.15,expense,2025-11-02,1517.87,monthly
17,synthetic_user_17@example.com,0,Alimentacion,44.09,expense,2025-11-13,1517.87,monthly
17,synthetic_user_17@example.com,0,Transporte,45.37,expense,2025-11-10,1517.87,monthly
17,synthetic_user_17@example.com,0,Ingreso Base,1396.44,income,2025-12-08,1517.87,monthly
17,synthetic_user_17@example.com,0,Inversion,109.8,investment,2025-12-12,1517.87,monthly
17,synthetic_user_17@example.com,0,Gastos generales,122.04,expense,2025-12-05,1517.87,monthly
17,synthetic_user_17@example.com,0,Alimentacion,82.84,expense,2025-12-16,1517.87,monthly
17,synthetic_user_17@example.com,0,Educacion,65.13,expense,2025-12-24,1517.87,monthly
17,synthetic_user_17@example.com,0,Salud,87.4,expense,2025-12-21,1517.87,monthly
17,synthetic_user_17@example.com,0,Gastos generales,133.98,expense,2025-12-27,1517.87,monthly
17,synthetic_user_17@example.com,0,Compras,57.36,expense,2025-12-16,1517.87,monthly
17,synthetic_user_17@example.com,0,Servicios,200.32,expense,2025-12-05,1517.87,monthly
17,synthetic_user_17@example.com,0,Educacion,77.49,expense,2025-12-27,1517.87,monthly
17,synthetic_user_17@example.com,0,Servicios,92.71,expense,2025-12-23,1517.87,monthly
17,synthetic_user_17@example.com,0,Compras,85.96,expense,2025-12-13,1517.87,monthly
17,synthetic_user_17@example.com,0,Gastos generales,136.28,expense,2025-12-24,1517.87,monthly
17,synthetic_user_17@example.com,0,Suscripciones,62.82,expense,2025-12-08,1517.87,monthly
17,synthetic_user_17@example.com,0,Transporte,101.26,expense,2025-12-05,1517.87,monthly
17,synthetic_user_17@example.com,0,Ingreso Base,1680.36,income,2026-01-07,1517.87,monthly
17,synthetic_user_17@example.com,0,Inversion,149.28,investment,2026-01-28,1517.87,monthly
17,synthetic_user_17@example.com,0,Servicios,92.2,expense,2026-01-26,1517.87,monthly
17,synthetic_user_17@example.com,0,Otro,161.24,expense,2026-01-08,1517.87,monthly
17,synthetic_user_17@example.com,0,Vivienda,104.12,expense,2026-01-26,1517.87,monthly
17,synthetic_user_17@example.com,0,Salud,206.92,expense,2026-01-19,1517.87,monthly
17,synthetic_user_17@example.com,0,Ingresos,213.39,expense,2026-01-01,1517.87,monthly
17,synthetic_user_17@example.com,0,rappi,120.08,expense,2026-01-21,1517.87,monthly
17,synthetic_user_17@example.com,0,Suscripciones,108.3,expense,2026-01-03,1517.87,monthly
17,synthetic_user_17@example.com,0,Gastos generales,196.45,expense,2026-01-06,1517.87,monthly
17,synthetic_user_17@example.com,0,Ingreso Base,1262.88,income,2026-02-06,1517.87,monthly
17,synthetic_user_17@example.com,0,Inversion,78.12,investment,2026-02-21,1517.87,monthly
17,synthetic_user_17@example.com,0,Gastos generales,32.55,expense,2026-02-04,1517.87,monthly
17,synthetic_user_17@example.com,0,Alimentacion,74.95,expense,2026-02-17,1517.87,monthly
17,synthetic_user_17@example.com,0,Alimentacion,57.25,expense,2026-02-27,1517.87,monthly
17,synthetic_user_17@example.com,0,rappi,89.51,expense,2026-02-06,1517.87,monthly
17,synthetic_user_17@example.com,0,Alimentacion,79.46,expense,2026-02-06,1517.87,monthly
17,synthetic_user_17@example.com,0,Salud,46.06,expense,2026-02-03,1517.87,monthly
17,synthetic_user_17@example.com,0,Servicios,27.32,expense,2026-02-05,1517.87,monthly
17,synthetic_user_17@example.com,0,Salud,46.86,expense,2026-02-16,1517.87,monthly
17,synthetic_user_17@example.com,0,Servicios,78.62,expense,2026-02-06,1517.87,monthly
17,synthetic_user_17@example.com,0,Vivienda,59.84,expense,2026-02-27,1517.87,monthly
17,synthetic_user_17@example.com,0,Alimentacion,86.79,expense,2026-02-05,1517.87,monthly
17,synthetic_user_17@example.com,0,Otro,66.7,expense,2026-02-10,1517.87,monthly
17,synthetic_user_17@example.com,0,Salud,78.94,expense,2026-02-07,1517.87,monthly
17,synthetic_user_17@example.com,0,Ingresos,67.1,expense,2026-02-07,1517.87,monthly
17,synthetic_user_17@example.com,0,Educacion,94.37,expense,2026-02-22,1517.87,monthly
17,synthetic_user_17@example.com,0,Ingresos,56.8,expense,2026-02-22,1517.87,monthly
17,synthetic_user_17@example.com,0,Ingreso Base,1714.94,income,2026-03-08,1517.87,monthly
17,synthetic_user_17@example.com,0,Inversion,139.51,investment,2026-03-11,1517.87,monthly
17,synthetic_user_17@example.com,0,Alimentacion,71.96,expense,2026-03-25,1517.87,monthly
17,synthetic_user_17@example.com,0,Alimentacion,161.94,expense,2026-03-15,1517.87,monthly
17,synthetic_user_17@example.com,0,Ingresos,126.31,expense,2026-03-26,1517.87,monthly
17,synthetic_user_17@example.com,0,Otro,62.69,expense,2026-03-03,1517.87,monthly
17,synthetic_user_17@example.com,0,Servicios,137.37,expense,2026-03-19,1517.87,monthly
17,synthetic_user_17@example.com,0,Gastos generales,103.16,expense,2026-03-02,1517.87,monthly
17,synthetic_user_17@example.com,0,Salud,117.3,expense,2026-03-25,1517.87,monthly
17,synthetic_user_17@example.com,0,Alimentacion,57.23,expense,2026-03-04,1517.87,monthly
17,synthetic_user_17@example.com,0,Transporte,59.71,expense,2026-03-10,1517.87,monthly
17,synthetic_user_17@example.com,0,Compras,94.54,expense,2026-03-26,1517.87,monthly
17,synthetic_user_17@example.com,0,Salud,112.53,expense,2026-03-16,1517.87,monthly
17,synthetic_user_17@example.com,0,Alimentacion,86.33,expense,2026-03-05,1517.87,monthly
17,synthetic_user_17@example.com,0,Gastos generales,111.9,expense,2026-03-07,1517.87,monthly
17,synthetic_user_17@example.com,0,Otro,128.9,expense,2026-03-19,1517.87,monthly
17,synthetic_user_17@example.com,0,Servicios,133.56,expense,2026-03-20,1517.87,monthly
17,synthetic_user_17@example.com,0,Ingreso Base,1473.0,income,2026-04-07,1517.87,monthly
17,synthetic_user_17@example.com,0,Inversion,114.41,investment,2026-04-15,1517.87,monthly
17,synthetic_user_17@example.com,0,Compras,46.33,expense,2026-04-27,1517.87,monthly
17,synthetic_user_17@example.com,0,Servicios,51.95,expense,2026-04-12,1517.87,monthly
17,synthetic_user_17@example.com,0,Servicios,76.69,expense,2026-04-04,1517.87,monthly
17,synthetic_user_17@example.com,0,Alimentacion,63.83,expense,2026-04-03,1517.87,monthly
17,synthetic_user_17@example.com,0,Salud,77.95,expense,2026-04-05,1517.87,monthly
17,synthetic_user_17@example.com,0,Compras,77.93,expense,2026-04-20,1517.87,monthly
17,synthetic_user_17@example.com,0,Gastos generales,62.48,expense,2026-04-25,1517.87,monthly
17,synthetic_user_17@example.com,0,Vivienda,44.94,expense,2026-04-06,1517.87,monthly
17,synthetic_user_17@example.com,0,Ingresos,87.79,expense,2026-04-13,1517.87,monthly
17,synthetic_user_17@example.com,0,Vivienda,58.31,expense,2026-04-23,1517.87,monthly
17,synthetic_user_17@example.com,0,Salud,51.73,expense,2026-04-20,1517.87,monthly
17,synthetic_user_17@example.com,0,Compras,78.42,expense,2026-04-07,1517.87,monthly
17,synthetic_user_17@example.com,0,Vivienda,47.2,expense,2026-04-18,1517.87,monthly
17,synthetic_user_17@example.com,0,Transporte,70.15,expense,2026-04-10,1517.87,monthly
17,synthetic_user_17@example.com,0,Compras,52.23,expense,2026-04-05,1517.87,monthly
17,synthetic_user_17@example.com,0,Compras,63.73,expense,2026-04-17,1517.87,monthly
17,synthetic_user_17@example.com,0,Servicios,50.7,expense,2026-04-08,1517.87,monthly
17,synthetic_user_17@example.com,0,Ingreso adicional,68.57,expense,2026-04-11,1517.87,monthly
18,synthetic_user_18@example.com,0,Ingreso Base,1763.92,income,2025-11-08,1742.79,monthly
18,synthetic_user_18@example.com,0,Inversion,261.5,investment,2025-11-30,1742.79,monthly
18,synthetic_user_18@example.com,0,Otro,37.28,expense,2025-11-24,1742.79,monthly
18,synthetic_user_18@example.com,0,Suscripciones,133.13,expense,2025-11-14,1742.79,monthly
18,synthetic_user_18@example.com,0,Ingresos,154.65,expense,2025-11-14,1742.79,monthly
18,synthetic_user_18@example.com,0,Otro,26.68,expense,2025-11-17,1742.79,monthly
18,synthetic_user_18@example.com,0,Ingreso adicional,127.33,expense,2025-11-18,1742.79,monthly
18,synthetic_user_18@example.com,0,Ocio,141.45,expense,2025-11-19,1742.79,monthly
18,synthetic_user_18@example.com,0,Alimentacion,100.34,expense,2025-11-16,1742.79,monthly
18,synthetic_user_18@example.com,0,Suscripciones,119.34,expense,2025-11-10,1742.79,monthly
18,synthetic_user_18@example.com,0,rappi,154.36,expense,2025-11-09,1742.79,monthly
18,synthetic_user_18@example.com,0,Ingreso Base,1790.05,income,2025-12-08,1742.79,monthly
18,synthetic_user_18@example.com,0,Inversion,271.31,investment,2025-12-18,1742.79,monthly
18,synthetic_user_18@example.com,0,rappi,112.36,expense,2025-12-03,1742.79,monthly
18,synthetic_user_18@example.com,0,Salud,79.39,expense,2025-12-25,1742.79,monthly
18,synthetic_user_18@example.com,0,Alimentacion,37.13,expense,2025-12-04,1742.79,monthly
18,synthetic_user_18@example.com,0,Ingresos,136.29,expense,2025-12-18,1742.79,monthly
18,synthetic_user_18@example.com,0,Otro,17.81,expense,2025-12-13,1742.79,monthly
18,synthetic_user_18@example.com,0,Ingreso adicional,69.39,expense,2025-12-13,1742.79,monthly
18,synthetic_user_18@example.com,0,Servicios,141.46,expense,2025-12-17,1742.79,monthly
18,synthetic_user_18@example.com,0,Otro,62.85,expense,2025-12-08,1742.79,monthly
18,synthetic_user_18@example.com,0,Salud,72.14,expense,2025-12-27,1742.79,monthly
18,synthetic_user_18@example.com,0,Otro,34.91,expense,2025-12-15,1742.79,monthly
18,synthetic_user_18@example.com,0,Transporte,88.92,expense,2025-12-01,1742.79,monthly
18,synthetic_user_18@example.com,0,Suscripciones,55.96,expense,2025-12-10,1742.79,monthly
18,synthetic_user_18@example.com,0,Otro,90.94,expense,2025-12-13,1742.79,monthly
18,synthetic_user_18@example.com,0,Suscripciones,53.25,expense,2025-12-01,1742.79,monthly
18,synthetic_user_18@example.com,0,Suscripciones,82.03,expense,2025-12-13,1742.79,monthly
18,synthetic_user_18@example.com,0,Ingreso Base,1647.2,income,2026-01-07,1742.79,monthly
18,synthetic_user_18@example.com,0,Inversion,353.01,investment,2026-01-18,1742.79,monthly
18,synthetic_user_18@example.com,0,Educacion,77.73,expense,2026-01-21,1742.79,monthly
18,synthetic_user_18@example.com,0,Ingresos,94.12,expense,2026-01-27,1742.79,monthly
18,synthetic_user_18@example.com,0,Transporte,91.39,expense,2026-01-04,1742.79,monthly
18,synthetic_user_18@example.com,0,Suscripciones,70.23,expense,2026-01-17,1742.79,monthly
18,synthetic_user_18@example.com,0,Servicios,138.41,expense,2026-01-21,1742.79,monthly
18,synthetic_user_18@example.com,0,Suscripciones,108.61,expense,2026-01-26,1742.79,monthly
18,synthetic_user_18@example.com,0,Ingreso adicional,122.27,expense,2026-01-23,1742.79,monthly
18,synthetic_user_18@example.com,0,Ingreso adicional,72.16,expense,2026-01-23,1742.79,monthly
18,synthetic_user_18@example.com,0,Ingresos,101.87,expense,2026-01-07,1742.79,monthly
18,synthetic_user_18@example.com,0,Educacion,89.55,expense,2026-01-24,1742.79,monthly
18,synthetic_user_18@example.com,0,Ingresos,39.25,expense,2026-01-13,1742.79,monthly
18,synthetic_user_18@example.com,0,Ingreso adicional,108.98,expense,2026-01-03,1742.79,monthly
18,synthetic_user_18@example.com,0,Ingreso Base,1861.0,income,2026-02-06,1742.79,monthly
18,synthetic_user_18@example.com,0,Inversion,278.82,investment,2026-02-17,1742.79,monthly
18,synthetic_user_18@example.com,0,Ingresos,71.19,expense,2026-02-27,1742.79,monthly
18,synthetic_user_18@example.com,0,Servicios,24.86,expense,2026-02-06,1742.79,monthly
18,synthetic_user_18@example.com,0,Ingreso adicional,112.41,expense,2026-02-07,1742.79,monthly
18,synthetic_user_18@example.com,0,Transporte,124.92,expense,2026-02-07,1742.79,monthly
18,synthetic_user_18@example.com,0,Ingreso adicional,108.74,expense,2026-02-01,1742.79,monthly
18,synthetic_user_18@example.com,0,Ingreso adicional,98.92,expense,2026-02-14,1742.79,monthly
18,synthetic_user_18@example.com,0,Alimentacion,131.34,expense,2026-02-20,1742.79,monthly
18,synthetic_user_18@example.com,0,rappi,84.39,expense,2026-02-01,1742.79,monthly
18,synthetic_user_18@example.com,0,Otro,116.7,expense,2026-02-08,1742.79,monthly
18,synthetic_user_18@example.com,0,Ingreso adicional,106.42,expense,2026-02-06,1742.79,monthly
18,synthetic_user_18@example.com,0,Ingresos,146.69,expense,2026-02-02,1742.79,monthly
18,synthetic_user_18@example.com,0,Educacion,108.02,expense,2026-02-23,1742.79,monthly
18,synthetic_user_18@example.com,0,Ingreso Base,2081.12,income,2026-03-08,1742.79,monthly
18,synthetic_user_18@example.com,0,Inversion,284.95,investment,2026-03-14,1742.79,monthly
18,synthetic_user_18@example.com,0,Otro,132.45,expense,2026-03-06,1742.79,monthly
18,synthetic_user_18@example.com,0,Ingresos,61.28,expense,2026-03-19,1742.79,monthly
18,synthetic_user_18@example.com,0,Otro,65.95,expense,2026-03-19,1742.79,monthly
18,synthetic_user_18@example.com,0,rappi,92.12,expense,2026-03-15,1742.79,monthly
18,synthetic_user_18@example.com,0,Ingresos,93.33,expense,2026-03-21,1742.79,monthly
18,synthetic_user_18@example.com,0,Ingreso adicional,82.58,expense,2026-03-24,1742.79,monthly
18,synthetic_user_18@example.com,0,Ingresos,50.54,expense,2026-03-07,1742.79,monthly
18,synthetic_user_18@example.com,0,Servicios,71.63,expense,2026-03-04,1742.79,monthly
18,synthetic_user_18@example.com,0,Suscripciones,59.64,expense,2026-03-27,1742.79,monthly
18,synthetic_user_18@example.com,0,Ocio,90.22,expense,2026-03-13,1742.79,monthly
18,synthetic_user_18@example.com,0,rappi,18.71,expense,2026-03-17,1742.79,monthly
18,synthetic_user_18@example.com,0,Ingreso adicional,66.43,expense,2026-03-21,1742.79,monthly
18,synthetic_user_18@example.com,0,Otro,43.11,expense,2026-03-09,1742.79,monthly
18,synthetic_user_18@example.com,0,Transporte,60.63,expense,2026-03-05,1742.79,monthly
18,synthetic_user_18@example.com,0,Educacion,51.76,expense,2026-03-24,1742.79,monthly
18,synthetic_user_18@example.com,0,Suscripciones,98.37,expense,2026-03-15,1742.79,monthly
18,synthetic_user_18@example.com,0,Vivienda,117.63,expense,2026-03-08,1742.79,monthly
18,synthetic_user_18@example.com,0,Suscripciones,83.51,expense,2026-03-08,1742.79,monthly
18,synthetic_user_18@example.com,0,Ingreso Base,1855.6,income,2026-04-07,1742.79,monthly
18,synthetic_user_18@example.com,0,Inversion,294.01,investment,2026-04-14,1742.79,monthly
18,synthetic_user_18@example.com,0,Transporte,42.55,expense,2026-04-25,1742.79,monthly
18,synthetic_user_18@example.com,0,Servicios,64.95,expense,2026-04-10,1742.79,monthly
18,synthetic_user_18@example.com,0,Suscripciones,39.35,expense,2026-04-08,1742.79,monthly
18,synthetic_user_18@example.com,0,Servicios,72.92,expense,2026-04-26,1742.79,monthly
18,synthetic_user_18@example.com,0,Compras,90.49,expense,2026-04-02,1742.79,monthly
18,synthetic_user_18@example.com,0,Vivienda,112.1,expense,2026-04-15,1742.79,monthly
18,synthetic_user_18@example.com,0,Gastos generales,77.26,expense,2026-04-06,1742.79,monthly
18,synthetic_user_18@example.com,0,Alimentacion,75.65,expense,2026-04-16,1742.79,monthly
18,synthetic_user_18@example.com,0,rappi,94.13,expense,2026-04-27,1742.79,monthly
18,synthetic_user_18@example.com,0,Educacion,23.11,expense,2026-04-06,1742.79,monthly
18,synthetic_user_18@example.com,0,Otro,68.83,expense,2026-04-23,1742.79,monthly
18,synthetic_user_18@example.com,0,Transporte,60.9,expense,2026-04-22,1742.79,monthly
18,synthetic_user_18@example.com,0,Otro,48.33,expense,2026-04-24,1742.79,monthly
18,synthetic_user_18@example.com,0,Ingreso adicional,51.79,expense,2026-04-08,1742.79,monthly
18,synthetic_user_18@example.com,0,rappi,111.77,expense,2026-04-19,1742.79,monthly
18,synthetic_user_18@example.com,0,Transporte,77.09,expense,2026-04-03,1742.79,monthly
18,synthetic_user_18@example.com,0,Otro,37.65,expense,2026-04-12,1742.79,monthly
18,synthetic_user_18@example.com,0,Otro,60.83,expense,2026-04-19,1742.79,monthly
18,synthetic_user_18@example.com,0,Educacion,76.09,expense,2026-04-05,1742.79,monthly
19,synthetic_user_19@example.com,0,Ingreso Base,1440.36,income,2025-11-08,1474.89,monthly
19,synthetic_user_19@example.com,0,Inversion,165.93,investment,2025-11-16,1474.89,monthly
19,synthetic_user_19@example.com,0,rappi,83.1,expense,2025-11-02,1474.89,monthly
19,synthetic_user_19@example.com,0,Servicios,94.04,expense,2025-11-06,1474.89,monthly
19,synthetic_user_19@example.com,0,Ocio,72.89,expense,2025-11-12,1474.89,monthly
19,synthetic_user_19@example.com,0,Compras,79.36,expense,2025-11-13,1474.89,monthly
19,synthetic_user_19@example.com,0,Suscripciones,108.76,expense,2025-11-21,1474.89,monthly
19,synthetic_user_19@example.com,0,Otro,76.92,expense,2025-11-10,1474.89,monthly
19,synthetic_user_19@example.com,0,Suscripciones,63.11,expense,2025-11-05,1474.89,monthly
19,synthetic_user_19@example.com,0,rappi,118.36,expense,2025-11-09,1474.89,monthly
19,synthetic_user_19@example.com,0,Vivienda,47.71,expense,2025-11-11,1474.89,monthly
19,synthetic_user_19@example.com,0,Ingresos,44.97,expense,2025-11-21,1474.89,monthly
19,synthetic_user_19@example.com,0,Alimentacion,76.12,expense,2025-11-16,1474.89,monthly
19,synthetic_user_19@example.com,0,Vivienda,84.64,expense,2025-11-06,1474.89,monthly
19,synthetic_user_19@example.com,0,Servicios,95.22,expense,2025-11-07,1474.89,monthly
19,synthetic_user_19@example.com,0,Educacion,27.61,expense,2025-11-01,1474.89,monthly
19,synthetic_user_19@example.com,0,rappi,50.53,expense,2025-11-25,1474.89,monthly
19,synthetic_user_19@example.com,0,Ingreso Base,1511.85,income,2025-12-08,1474.89,monthly
19,synthetic_user_19@example.com,0,Inversion,114.97,investment,2025-12-15,1474.89,monthly
19,synthetic_user_19@example.com,0,rappi,97.3,expense,2025-12-14,1474.89,monthly
19,synthetic_user_19@example.com,0,Salud,180.53,expense,2025-12-11,1474.89,monthly
19,synthetic_user_19@example.com,0,rappi,116.23,expense,2025-12-02,1474.89,monthly
19,synthetic_user_19@example.com,0,Ocio,82.11,expense,2025-12-23,1474.89,monthly
19,synthetic_user_19@example.com,0,Salud,124.13,expense,2025-12-14,1474.89,monthly
19,synthetic_user_19@example.com,0,Ingresos,77.54,expense,2025-12-20,1474.89,monthly
19,synthetic_user_19@example.com,0,Ingresos,98.3,expense,2025-12-06,1474.89,monthly
19,synthetic_user_19@example.com,0,Servicios,113.52,expense,2025-12-01,1474.89,monthly
19,synthetic_user_19@example.com,0,Gastos generales,91.07,expense,2025-12-13,1474.89,monthly
19,synthetic_user_19@example.com,0,Salud,49.2,expense,2025-12-21,1474.89,monthly
19,synthetic_user_19@example.com,0,Ingreso Base,1541.79,income,2026-01-07,1474.89,monthly
19,synthetic_user_19@example.com,0,Inversion,132.82,investment,2026-01-16,1474.89,monthly
19,synthetic_user_19@example.com,0,rappi,116.62,expense,2026-01-27,1474.89,monthly
19,synthetic_user_19@example.com,0,rappi,132.21,expense,2026-01-05,1474.89,monthly
19,synthetic_user_19@example.com,0,Ingreso adicional,76.65,expense,2026-01-09,1474.89,monthly
19,synthetic_user_19@example.com,0,Ingresos,95.42,expense,2026-01-23,1474.89,monthly
19,synthetic_user_19@example.com,0,Vivienda,117.09,expense,2026-01-01,1474.89,monthly
19,synthetic_user_19@example.com,0,Servicios,102.26,expense,2026-01-27,1474.89,monthly
19,synthetic_user_19@example.com,0,Educacion,125.43,expense,2026-01-06,1474.89,monthly
19,synthetic_user_19@example.com,0,Otro,61.85,expense,2026-01-05,1474.89,monthly
19,synthetic_user_19@example.com,0,Gastos generales,59.42,expense,2026-01-06,1474.89,monthly
19,synthetic_user_19@example.com,0,rappi,36.93,expense,2026-01-03,1474.89,monthly
19,synthetic_user_19@example.com,0,Compras,111.02,expense,2026-01-12,1474.89,monthly
19,synthetic_user_19@example.com,0,Compras,87.1,expense,2026-01-06,1474.89,monthly
19,synthetic_user_19@example.com,0,Ocio,89.82,expense,2026-01-19,1474.89,monthly
19,synthetic_user_19@example.com,0,Salud,76.89,expense,2026-01-06,1474.89,monthly
19,synthetic_user_19@example.com,0,Ocio,102.09,expense,2026-01-07,1474.89,monthly
19,synthetic_user_19@example.com,0,Ingreso Base,1417.09,income,2026-02-06,1474.89,monthly
19,synthetic_user_19@example.com,0,Inversion,90.38,investment,2026-02-18,1474.89,monthly
19,synthetic_user_19@example.com,0,Ingresos,120.21,expense,2026-02-27,1474.89,monthly
19,synthetic_user_19@example.com,0,Servicios,70.99,expense,2026-02-12,1474.89,monthly
19,synthetic_user_19@example.com,0,Salud,114.9,expense,2026-02-22,1474.89,monthly
19,synthetic_user_19@example.com,0,Compras,68.28,expense,2026-02-25,1474.89,monthly
19,synthetic_user_19@example.com,0,Ingresos,158.0,expense,2026-02-05,1474.89,monthly
19,synthetic_user_19@example.com,0,rappi,109.95,expense,2026-02-09,1474.89,monthly
19,synthetic_user_19@example.com,0,Gastos generales,2.0,expense,2026-02-23,1474.89,monthly
19,synthetic_user_19@example.com,0,rappi,87.02,expense,2026-02-05,1474.89,monthly
19,synthetic_user_19@example.com,0,Servicios,139.94,expense,2026-02-08,1474.89,monthly
19,synthetic_user_19@example.com,0,Servicios,111.29,expense,2026-02-11,1474.89,monthly
19,synthetic_user_19@example.com,0,Ingresos,94.16,expense,2026-02-21,1474.89,monthly
19,synthetic_user_19@example.com,0,Ingreso Base,1739.41,income,2026-03-08,1474.89,monthly
19,synthetic_user_19@example.com,0,Inversion,96.04,investment,2026-03-28,1474.89,monthly
19,synthetic_user_19@example.com,0,Alimentacion,121.35,expense,2026-03-22,1474.89,monthly
19,synthetic_user_19@example.com,0,rappi,217.18,expense,2026-03-19,1474.89,monthly
19,synthetic_user_19@example.com,0,Gastos generales,161.57,expense,2026-03-18,1474.89,monthly
19,synthetic_user_19@example.com,0,Ocio,163.59,expense,2026-03-08,1474.89,monthly
19,synthetic_user_19@example.com,0,Otro,213.57,expense,2026-03-08,1474.89,monthly
19,synthetic_user_19@example.com,0,Alimentacion,105.15,expense,2026-03-11,1474.89,monthly
19,synthetic_user_19@example.com,0,Educacion,183.34,expense,2026-03-07,1474.89,monthly
19,synthetic_user_19@example.com,0,Salud,82.38,expense,2026-03-15,1474.89,monthly
19,synthetic_user_19@example.com,0,Ingreso Base,1403.05,income,2026-04-07,1474.89,monthly
19,synthetic_user_19@example.com,0,Inversion,145.1,investment,2026-04-25,1474.89,monthly
19,synthetic_user_19@example.com,0,Vivienda,79.47,expense,2026-04-15,1474.89,monthly
19,synthetic_user_19@example.com,0,Servicios,199.49,expense,2026-04-17,1474.89,monthly
19,synthetic_user_19@example.com,0,Compras,141.24,expense,2026-04-05,1474.89,monthly
19,synthetic_user_19@example.com,0,Servicios,63.85,expense,2026-04-04,1474.89,monthly
19,synthetic_user_19@example.com,0,Alimentacion,155.18,expense,2026-04-23,1474.89,monthly
19,synthetic_user_19@example.com,0,Servicios,5.28,expense,2026-04-27,1474.89,monthly
19,synthetic_user_19@example.com,0,Educacion,90.37,expense,2026-04-08,1474.89,monthly
19,synthetic_user_19@example.com,0,Ingresos,68.76,expense,2026-04-02,1474.89,monthly
19,synthetic_user_19@example.com,0,Ocio,99.84,expense,2026-04-06,1474.89,monthly
19,synthetic_user_19@example.com,0,Otro,142.0,expense,2026-04-18,1474.89,monthly
19,synthetic_user_19@example.com,0,Transporte,101.13,expense,2026-04-08,1474.89,monthly
20,synthetic_user_20@example.com,0,Ingreso Base,754.21,income,2025-11-08,743.81,monthly
20,synthetic_user_20@example.com,0,Inversion,10.86,investment,2025-11-30,743.81,monthly
20,synthetic_user_20@example.com,0,Compras,48.5,expense,2025-11-11,743.81,monthly
20,synthetic_user_20@example.com,0,Gastos generales,30.52,expense,2025-11-24,743.81,monthly
20,synthetic_user_20@example.com,0,rappi,31.77,expense,2025-11-15,743.81,monthly
20,synthetic_user_20@example.com,0,Ocio,33.68,expense,2025-11-22,743.81,monthly
20,synthetic_user_20@example.com,0,Compras,58.59,expense,2025-11-16,743.81,monthly
20,synthetic_user_20@example.com,0,Ingresos,12.23,expense,2025-11-07,743.81,monthly
20,synthetic_user_20@example.com,0,rappi,28.53,expense,2025-11-26,743.81,monthly
20,synthetic_user_20@example.com,0,Ingresos,11.27,expense,2025-11-07,743.81,monthly
20,synthetic_user_20@example.com,0,Vivienda,57.39,expense,2025-11-07,743.81,monthly
20,synthetic_user_20@example.com,0,Gastos generales,25.78,expense,2025-11-05,743.81,monthly
20,synthetic_user_20@example.com,0,Transporte,23.83,expense,2025-11-10,743.81,monthly
20,synthetic_user_20@example.com,0,Vivienda,53.12,expense,2025-11-01,743.81,monthly
20,synthetic_user_20@example.com,0,Gastos generales,29.59,expense,2025-11-16,743.81,monthly
20,synthetic_user_20@example.com,0,Gastos generales,37.28,expense,2025-11-17,743.81,monthly
20,synthetic_user_20@example.com,0,Ingreso adicional,14.89,expense,2025-11-12,743.81,monthly
20,synthetic_user_20@example.com,0,Salud,19.14,expense,2025-11-12,743.81,monthly
20,synthetic_user_20@example.com,0,Ingreso Base,705.5,income,2025-12-08,743.81,monthly
20,synthetic_user_20@example.com,0,Inversion,17.18,investment,2025-12-13,743.81,monthly
20,synthetic_user_20@example.com,0,Transporte,40.5,expense,2025-12-22,743.81,monthly
20,synthetic_user_20@example.com,0,Vivienda,23.02,expense,2025-12-05,743.81,monthly
20,synthetic_user_20@example.com,0,Compras,22.67,expense,2025-12-06,743.81,monthly
20,synthetic_user_20@example.com,0,Gastos generales,34.54,expense,2025-12-25,743.81,monthly
20,synthetic_user_20@example.com,0,Ingresos,35.55,expense,2025-12-14,743.81,monthly
20,synthetic_user_20@example.com,0,Ocio,20.98,expense,2025-12-10,743.81,monthly
20,synthetic_user_20@example.com,0,Gastos generales,44.58,expense,2025-12-27,743.81,monthly
20,synthetic_user_20@example.com,0,Compras,20.29,expense,2025-12-10,743.81,monthly
20,synthetic_user_20@example.com,0,Suscripciones,36.64,expense,2025-12-18,743.81,monthly
20,synthetic_user_20@example.com,0,Gastos generales,38.66,expense,2025-12-05,743.81,monthly
20,synthetic_user_20@example.com,0,Ingresos,36.1,expense,2025-12-23,743.81,monthly
20,synthetic_user_20@example.com,0,Servicios,47.47,expense,2025-12-19,743.81,monthly
20,synthetic_user_20@example.com,0,Educacion,15.9,expense,2025-12-27,743.81,monthly
20,synthetic_user_20@example.com,0,Transporte,23.2,expense,2025-12-20,743.81,monthly
20,synthetic_user_20@example.com,0,Salud,40.73,expense,2025-12-14,743.81,monthly
20,synthetic_user_20@example.com,0,Servicios,28.08,expense,2025-12-17,743.81,monthly
20,synthetic_user_20@example.com,0,Ingresos,34.24,expense,2025-12-13,743.81,monthly
20,synthetic_user_20@example.com,0,Compras,58.52,expense,2025-12-17,743.81,monthly
20,synthetic_user_20@example.com,0,Ingreso Base,817.63,income,2026-01-07,743.81,monthly
20,synthetic_user_20@example.com,0,Inversion,25.77,investment,2026-01-26,743.81,monthly
20,synthetic_user_20@example.com,0,Gastos generales,44.88,expense,2026-01-23,743.81,monthly
20,synthetic_user_20@example.com,0,Gastos generales,52.37,expense,2026-01-23,743.81,monthly
20,synthetic_user_20@example.com,0,Compras,66.3,expense,2026-01-10,743.81,monthly
20,synthetic_user_20@example.com,0,Transporte,45.6,expense,2026-01-25,743.81,monthly
20,synthetic_user_20@example.com,0,Ingresos,62.59,expense,2026-01-06,743.81,monthly
20,synthetic_user_20@example.com,0,Vivienda,49.55,expense,2026-01-05,743.81,monthly
20,synthetic_user_20@example.com,0,Transporte,22.97,expense,2026-01-17,743.81,monthly
20,synthetic_user_20@example.com,0,Ingresos,51.81,expense,2026-01-07,743.81,monthly
20,synthetic_user_20@example.com,0,rappi,63.98,expense,2026-01-25,743.81,monthly
20,synthetic_user_20@example.com,0,Ocio,75.17,expense,2026-01-12,743.81,monthly
20,synthetic_user_20@example.com,0,Ingresos,40.05,expense,2026-01-02,743.81,monthly
20,synthetic_user_20@example.com,0,Ocio,18.73,expense,2026-01-15,743.81,monthly
20,synthetic_user_20@example.com,0,Gastos generales,30.63,expense,2026-01-20,743.81,monthly
20,synthetic_user_20@example.com,0,Vivienda,42.06,expense,2026-01-05,743.81,monthly
20,synthetic_user_20@example.com,0,Otro,43.78,expense,2026-01-27,743.81,monthly
20,synthetic_user_20@example.com,0,Ingreso Base,826.22,income,2026-02-06,743.81,monthly
20,synthetic_user_20@example.com,0,Inversion,24.1,investment,2026-02-22,743.81,monthly
20,synthetic_user_20@example.com,0,Vivienda,98.82,expense,2026-02-14,743.81,monthly
20,synthetic_user_20@example.com,0,Salud,68.46,expense,2026-02-17,743.81,monthly
20,synthetic_user_20@example.com,0,Transporte,122.33,expense,2026-02-27,743.81,monthly
20,synthetic_user_20@example.com,0,Gastos generales,16.97,expense,2026-02-25,743.81,monthly
20,synthetic_user_20@example.com,0,Gastos generales,53.73,expense,2026-02-20,743.81,monthly
20,synthetic_user_20@example.com,0,Servicios,76.81,expense,2026-02-24,743.81,monthly
20,synthetic_user_20@example.com,0,Servicios,73.57,expense,2026-02-26,743.81,monthly
20,synthetic_user_20@example.com,0,Servicios,42.52,expense,2026-02-23,743.81,monthly
20,synthetic_user_20@example.com,0,Servicios,65.93,expense,2026-02-08,743.81,monthly
20,synthetic_user_20@example.com,0,Vivienda,95.28,expense,2026-02-04,743.81,monthly
20,synthetic_user_20@example.com,0,Ingreso Base,717.25,income,2026-03-08,743.81,monthly
20,synthetic_user_20@example.com,0,Inversion,17.11,investment,2026-04-01,743.81,monthly
20,synthetic_user_20@example.com,0,Ingresos,47.62,expense,2026-03-18,743.81,monthly
20,synthetic_user_20@example.com,0,Ocio,41.07,expense,2026-03-19,743.81,monthly
20,synthetic_user_20@example.com,0,Compras,57.0,expense,2026-03-01,743.81,monthly
20,synthetic_user_20@example.com,0,Salud,39.04,expense,2026-03-23,743.81,monthly
20,synthetic_user_20@example.com,0,Salud,27.96,expense,2026-03-08,743.81,monthly
20,synthetic_user_20@example.com,0,Gastos generales,15.03,expense,2026-03-21,743.81,monthly
20,synthetic_user_20@example.com,0,Otro,25.74,expense,2026-03-21,743.81,monthly
20,synthetic_user_20@example.com,0,Otro,47.02,expense,2026-03-22,743.81,monthly
20,synthetic_user_20@example.com,0,Gastos generales,34.56,expense,2026-03-21,743.81,monthly
20,synthetic_user_20@example.com,0,Compras,30.83,expense,2026-03-03,743.81,monthly
20,synthetic_user_20@example.com,0,Ocio,39.15,expense,2026-03-12,743.81,monthly
20,synthetic_user_20@example.com,0,Gastos generales,14.67,expense,2026-03-04,743.81,monthly
20,synthetic_user_20@example.com,0,Otro,24.07,expense,2026-03-06,743.81,monthly
20,synthetic_user_20@example.com,0,Vivienda,43.43,expense,2026-03-18,743.81,monthly
20,synthetic_user_20@example.com,0,Salud,54.26,expense,2026-03-06,743.81,monthly
20,synthetic_user_20@example.com,0,Gastos generales,28.87,expense,2026-03-24,743.81,monthly
20,synthetic_user_20@example.com,0,Ingresos,19.52,expense,2026-03-07,743.81,monthly
20,synthetic_user_20@example.com,0,Ocio,24.54,expense,2026-03-21,743.81,monthly
20,synthetic_user_20@example.com,0,Ingreso Base,719.97,income,2026-04-07,743.81,monthly
20,synthetic_user_20@example.com,0,Inversion,15.52,investment,2026-04-30,743.81,monthly
20,synthetic_user_20@example.com,0,Salud,73.38,expense,2026-04-25,743.81,monthly
20,synthetic_user_20@example.com,0,Vivienda,99.28,expense,2026-04-04,743.81,monthly
20,synthetic_user_20@example.com,0,Salud,99.17,expense,2026-04-03,743.81,monthly
20,synthetic_user_20@example.com,0,Gastos generales,75.25,expense,2026-04-12,743.81,monthly
20,synthetic_user_20@example.com,0,Ocio,96.22,expense,2026-04-09,743.81,monthly
20,synthetic_user_20@example.com,0,Vivienda,31.46,expense,2026-04-14,743.81,monthly
20,synthetic_user_20@example.com,0,Gastos generales,54.11,expense,2026-04-26,743.81,monthly
20,synthetic_user_20@example.com,0,Compras,27.16,expense,2026-04-14,743.81,monthly
21,synthetic_user_21@example.com,0,Ingreso Base,2433.07,income,2025-11-08,2354.81,monthly
21,synthetic_user_21@example.com,0,Inversion,286.56,investment,2025-11-19,2354.81,monthly
21,synthetic_user_21@example.com,0,Transporte,80.51,expense,2025-11-05,2354.81,monthly
21,synthetic_user_21@example.com,0,Transporte,128.55,expense,2025-11-27,2354.81,monthly
21,synthetic_user_21@example.com,0,rappi,181.98,expense,2025-11-02,2354.81,monthly
21,synthetic_user_21@example.com,0,Alimentacion,91.6,expense,2025-11-24,2354.81,monthly
21,synthetic_user_21@example.com,0,rappi,137.64,expense,2025-11-07,2354.81,monthly
21,synthetic_user_21@example.com,0,Salud,64.72,expense,2025-11-07,2354.81,monthly
21,synthetic_user_21@example.com,0,Gastos generales,112.93,expense,2025-11-11,2354.81,monthly
21,synthetic_user_21@example.com,0,Alimentacion,226.63,expense,2025-11-10,2354.81,monthly
21,synthetic_user_21@example.com,0,Alimentacion,85.22,expense,2025-11-16,2354.81,monthly
21,synthetic_user_21@example.com,0,Educacion,170.35,expense,2025-11-26,2354.81,monthly
21,synthetic_user_21@example.com,0,Gastos generales,87.93,expense,2025-11-04,2354.81,monthly
21,synthetic_user_21@example.com,0,Transporte,107.29,expense,2025-11-01,2354.81,monthly
21,synthetic_user_21@example.com,0,Salud,115.8,expense,2025-11-25,2354.81,monthly
21,synthetic_user_21@example.com,0,Otro,124.6,expense,2025-11-20,2354.81,monthly
21,synthetic_user_21@example.com,0,Alimentacion,150.09,expense,2025-11-05,2354.81,monthly
21,synthetic_user_21@example.com,0,Ingresos,115.27,expense,2025-11-27,2354.81,monthly
21,synthetic_user_21@example.com,0,Ingreso Base,2478.01,income,2025-12-08,2354.81,monthly
21,synthetic_user_21@example.com,0,Inversion,297.68,investment,2025-12-17,2354.81,monthly
21,synthetic_user_21@example.com,0,Otro,103.31,expense,2025-12-13,2354.81,monthly
21,synthetic_user_21@example.com,0,Transporte,162.81,expense,2025-12-19,2354.81,monthly
21,synthetic_user_21@example.com,0,Educacion,116.48,expense,2025-12-23,2354.81,monthly
21,synthetic_user_21@example.com,0,Transporte,70.85,expense,2025-12-13,2354.81,monthly
21,synthetic_user_21@example.com,0,rappi,54.48,expense,2025-12-21,2354.81,monthly
21,synthetic_user_21@example.com,0,Salud,94.17,expense,2025-12-15,2354.81,monthly
21,synthetic_user_21@example.com,0,Otro,84.36,expense,2025-12-06,2354.81,monthly
21,synthetic_user_21@example.com,0,Transporte,99.54,expense,2025-12-23,2354.81,monthly
21,synthetic_user_21@example.com,0,Gastos generales,147.49,expense,2025-12-10,2354.81,monthly
21,synthetic_user_21@example.com,0,rappi,110.75,expense,2025-12-04,2354.81,monthly
21,synthetic_user_21@example.com,0,rappi,106.55,expense,2025-12-14,2354.81,monthly
21,synthetic_user_21@example.com,0,Otro,168.34,expense,2025-12-12,2354.81,monthly
21,synthetic_user_21@example.com,0,Otro,157.96,expense,2025-12-11,2354.81,monthly
21,synthetic_user_21@example.com,0,Otro,73.17,expense,2025-12-16,2354.81,monthly
21,synthetic_user_21@example.com,0,rappi,82.73,expense,2025-12-20,2354.81,monthly
21,synthetic_user_21@example.com,0,rappi,104.44,expense,2025-12-26,2354.81,monthly
21,synthetic_user_21@example.com,0,Alimentacion,113.19,expense,2025-12-06,2354.81,monthly
21,synthetic_user_21@example.com,0,Suscripciones,79.9,expense,2025-12-14,2354.81,monthly
21,synthetic_user_21@example.com,0,Vivienda,145.11,expense,2025-12-17,2354.81,monthly
21,synthetic_user_21@example.com,0,Ingreso Base,2775.25,income,2026-01-07,2354.81,monthly
21,synthetic_user_21@example.com,0,Inversion,369.18,investment,2026-01-30,2354.81,monthly
21,synthetic_user_21@example.com,0,Ingresos,87.74,expense,2026-01-18,2354.81,monthly
21,synthetic_user_21@example.com,0,Transporte,233.95,expense,2026-01-07,2354.81,monthly
21,synthetic_user_21@example.com,0,Compras,50.41,expense,2026-01-21,2354.81,monthly
21,synthetic_user_21@example.com,0,Vivienda,129.46,expense,2026-01-20,2354.81,monthly
21,synthetic_user_21@example.com,0,Otro,275.87,expense,2026-01-26,2354.81,monthly
21,synthetic_user_21@example.com,0,Transporte,162.61,expense,2026-01-05,2354.81,monthly
21,synthetic_user_21@example.com,0,Transporte,169.09,expense,2026-01-08,2354.81,monthly
21,synthetic_user_21@example.com,0,Vivienda,138.33,expense,2026-01-18,2354.81,monthly
21,synthetic_user_21@example.com,0,Gastos generales,148.85,expense,2026-01-01,2354.81,monthly
21,synthetic_user_21@example.com,0,Vivienda,177.86,expense,2026-01-11,2354.81,monthly
21,synthetic_user_21@example.com,0,Otro,77.49,expense,2026-01-10,2354.81,monthly
21,synthetic_user_21@example.com,0,Alimentacion,145.27,expense,2026-01-02,2354.81,monthly
21,synthetic_user_21@example.com,0,Ingreso adicional,88.73,expense,2026-01-21,2354.81,monthly
21,synthetic_user_21@example.com,0,Vivienda,122.08,expense,2026-01-12,2354.81,monthly
21,synthetic_user_21@example.com,0,Otro,85.64,expense,2026-01-13,2354.81,monthly
21,synthetic_user_21@example.com,0,Servicios,151.34,expense,2026-01-05,2354.81,monthly
21,synthetic_user_21@example.com,0,Otro,107.11,expense,2026-01-08,2354.81,monthly
21,synthetic_user_21@example.com,0,Ingreso Base,2456.06,income,2026-02-06,2354.81,monthly
21,synthetic_user_21@example.com,0,Inversion,244.54,investment,2026-02-27,2354.81,monthly
21,synthetic_user_21@example.com,0,rappi,164.88,expense,2026-02-02,2354.81,monthly
21,synthetic_user_21@example.com,0,Vivienda,166.73,expense,2026-02-19,2354.81,monthly
21,synthetic_user_21@example.com,0,Otro,142.85,expense,2026-02-20,2354.81,monthly
21,synthetic_user_21@example.com,0,Transporte,142.63,expense,2026-02-12,2354.81,monthly
21,synthetic_user_21@example.com,0,Otro,141.74,expense,2026-02-21,2354.81,monthly
21,synthetic_user_21@example.com,0,rappi,164.15,expense,2026-02-17,2354.81,monthly
21,synthetic_user_21@example.com,0,Salud,216.82,expense,2026-02-17,2354.81,monthly
21,synthetic_user_21@example.com,0,Otro,114.63,expense,2026-02-01,2354.81,monthly
21,synthetic_user_21@example.com,0,Alimentacion,92.36,expense,2026-02-03,2354.81,monthly
21,synthetic_user_21@example.com,0,rappi,163.3,expense,2026-02-07,2354.81,monthly
21,synthetic_user_21@example.com,0,Otro,162.1,expense,2026-02-12,2354.81,monthly
21,synthetic_user_21@example.com,0,Vivienda,131.6,expense,2026-02-14,2354.81,monthly
21,synthetic_user_21@example.com,0,Gastos generales,172.5,expense,2026-02-27,2354.81,monthly
21,synthetic_user_21@example.com,0,Otro,86.11,expense,2026-02-09,2354.81,monthly
21,synthetic_user_21@example.com,0,Otro,201.81,expense,2026-02-07,2354.81,monthly
21,synthetic_user_21@example.com,0,Otro,160.45,expense,2026-02-22,2354.81,monthly
21,synthetic_user_21@example.com,0,Ingreso Base,2446.59,income,2026-03-08,2354.81,monthly
21,synthetic_user_21@example.com,0,Inversion,213.62,investment,2026-03-26,2354.81,monthly
21,synthetic_user_21@example.com,0,Otro,215.49,expense,2026-03-07,2354.81,monthly
21,synthetic_user_21@example.com,0,Transporte,213.8,expense,2026-03-08,2354.81,monthly
21,synthetic_user_21@example.com,0,Ingresos,174.76,expense,2026-03-26,2354.81,monthly
21,synthetic_user_21@example.com,0,rappi,51.66,expense,2026-03-04,2354.81,monthly
21,synthetic_user_21@example.com,0,Salud,238.14,expense,2026-03-12,2354.81,monthly
21,synthetic_user_21@example.com,0,Vivienda,141.4,expense,2026-03-03,2354.81,monthly
21,synthetic_user_21@example.com,0,Otro,61.87,expense,2026-03-02,2354.81,monthly
21,synthetic_user_21@example.com,0,Servicios,151.03,expense,2026-03-04,2354.81,monthly
21,synthetic_user_21@example.com,0,Otro,82.62,expense,2026-03-15,2354.81,monthly
21,synthetic_user_21@example.com,0,Transporte,117.06,expense,2026-03-14,2354.81,monthly
21,synthetic_user_21@example.com,0,Transporte,206.16,expense,2026-03-23,2354.81,monthly
21,synthetic_user_21@example.com,0,Ingreso Base,2176.81,income,2026-04-07,2354.81,monthly
21,synthetic_user_21@example.com,0,Inversion,214.13,investment,2026-04-25,2354.81,monthly
21,synthetic_user_21@example.com,0,Educacion,130.11,expense,2026-04-04,2354.81,monthly
21,synthetic_user_21@example.com,0,Transporte,207.34,expense,2026-04-26,2354.81,monthly
21,synthetic_user_21@example.com,0,Servicios,169.04,expense,2026-04-21,2354.81,monthly
21,synthetic_user_21@example.com,0,Gastos generales,135.63,expense,2026-04-22,2354.81,monthly
21,synthetic_user_21@example.com,0,Otro,80.66,expense,2026-04-09,2354.81,monthly
21,synthetic_user_21@example.com,0,rappi,158.32,expense,2026-04-23,2354.81,monthly
21,synthetic_user_21@example.com,0,Servicios,182.61,expense,2026-04-22,2354.81,monthly
21,synthetic_user_21@example.com,0,Salud,164.65,expense,2026-04-18,2354.81,monthly
21,synthetic_user_21@example.com,0,Alimentacion,72.09,expense,2026-04-13,2354.81,monthly
21,synthetic_user_21@example.com,0,rappi,104.03,expense,2026-04-06,2354.81,monthly
21,synthetic_user_21@example.com,0,Alimentacion,153.6,expense,2026-04-05,2354.81,monthly
21,synthetic_user_21@example.com,0,Otro,34.45,expense,2026-04-23,2354.81,monthly
21,synthetic_user_21@example.com,0,Transporte,138.61,expense,2026-04-11,2354.81,monthly
21,synthetic_user_21@example.com,0,Compras,77.72,expense,2026-04-10,2354.81,monthly
21,synthetic_user_21@example.com,0,Gastos generales,175.63,expense,2026-04-14,2354.81,monthly
21,synthetic_user_21@example.com,0,Transporte,131.95,expense,2026-04-21,2354.81,monthly
22,synthetic_user_22@example.com,0,Ingreso Base,1928.34,income,2025-11-08,1907.34,monthly
22,synthetic_user_22@example.com,0,Inversion,255.02,investment,2025-11-22,1907.34,monthly
22,synthetic_user_22@example.com,0,Compras,229.51,expense,2025-11-23,1907.34,monthly
22,synthetic_user_22@example.com,0,Ingreso adicional,134.28,expense,2025-11-09,1907.34,monthly
22,synthetic_user_22@example.com,0,rappi,169.94,expense,2025-11-07,1907.34,monthly
22,synthetic_user_22@example.com,0,Transporte,104.16,expense,2025-11-01,1907.34,monthly
22,synthetic_user_22@example.com,0,Salud,176.98,expense,2025-11-13,1907.34,monthly
22,synthetic_user_22@example.com,0,Ingreso adicional,200.47,expense,2025-11-17,1907.34,monthly
22,synthetic_user_22@example.com,0,Alimentacion,122.02,expense,2025-11-24,1907.34,monthly
22,synthetic_user_22@example.com,0,Ocio,102.09,expense,2025-11-22,1907.34,monthly
22,synthetic_user_22@example.com,0,Educacion,152.19,expense,2025-11-20,1907.34,monthly
22,synthetic_user_22@example.com,0,Alimentacion,74.11,expense,2025-11-09,1907.34,monthly
22,synthetic_user_22@example.com,0,Alimentacion,89.48,expense,2025-11-12,1907.34,monthly
22,synthetic_user_22@example.com,0,Ingreso Base,2152.15,income,2025-12-08,1907.34,monthly
22,synthetic_user_22@example.com,0,Inversion,147.06,investment,2025-12-14,1907.34,monthly
22,synthetic_user_22@example.com,0,Servicios,105.32,expense,2025-12-07,1907.34,monthly
22,synthetic_user_22@example.com,0,Transporte,182.75,expense,2025-12-26,1907.34,monthly
22,synthetic_user_22@example.com,0,Alimentacion,180.83,expense,2025-12-09,1907.34,monthly
22,synthetic_user_22@example.com,0,Ingreso adicional,55.39,expense,2025-12-13,1907.34,monthly
22,synthetic_user_22@example.com,0,Salud,188.66,expense,2025-12-23,1907.34,monthly
22,synthetic_user_22@example.com,0,Ingreso adicional,149.85,expense,2025-12-13,1907.34,monthly
22,synthetic_user_22@example.com,0,Compras,64.89,expense,2025-12-09,1907.34,monthly
22,synthetic_user_22@example.com,0,Gastos generales,91.61,expense,2025-12-18,1907.34,monthly
22,synthetic_user_22@example.com,0,Ocio,218.35,expense,2025-12-15,1907.34,monthly
22,synthetic_user_22@example.com,0,Educacion,199.12,expense,2025-12-02,1907.34,monthly
22,synthetic_user_22@example.com,0,Compras,182.3,expense,2025-12-27,1907.34,monthly
22,synthetic_user_22@example.com,0,Ingreso Base,2053.6,income,2026-01-07,1907.34,monthly
22,synthetic_user_22@example.com,0,Inversion,185.98,investment,2026-01-31,1907.34,monthly
22,synthetic_user_22@example.com,0,Vivienda,112.18,expense,2026-01-07,1907.34,monthly
22,synthetic_user_22@example.com,0,Ingreso adicional,246.41,expense,2026-01-18,1907.34,monthly
22,synthetic_user_22@example.com,0,Vivienda,148.27,expense,2026-01-08,1907.34,monthly
22,synthetic_user_22@example.com,0,Otro,356.59,expense,2026-01-05,1907.34,monthly
22,synthetic_user_22@example.com,0,Alimentacion,218.36,expense,2026-01-25,1907.34,monthly
22,synthetic_user_22@example.com,0,Transporte,130.47,expense,2026-01-26,1907.34,monthly
22,synthetic_user_22@example.com,0,Alimentacion,154.96,expense,2026-01-16,1907.34,monthly
22,synthetic_user_22@example.com,0,Alimentacion,230.16,expense,2026-01-24,1907.34,monthly
22,synthetic_user_22@example.com,0,Ingreso Base,1906.46,income,2026-02-06,1907.34,monthly
22,synthetic_user_22@example.com,0,Inversion,133.65,investment,2026-02-27,1907.34,monthly
22,synthetic_user_22@example.com,0,Alimentacion,187.48,expense,2026-02-17,1907.34,monthly
22,synthetic_user_22@example.com,0,Ingreso adicional,130.9,expense,2026-02-19,1907.34,monthly
22,synthetic_user_22@example.com,0,Suscripciones,140.12,expense,2026-02-17,1907.34,monthly
22,synthetic_user_22@example.com,0,Suscripciones,215.69,expense,2026-02-09,1907.34,monthly
22,synthetic_user_22@example.com,0,rappi,98.18,expense,2026-02-02,1907.34,monthly
22,synthetic_user_22@example.com,0,Salud,192.83,expense,2026-02-08,1907.34,monthly
22,synthetic_user_22@example.com,0,Servicios,175.06,expense,2026-02-08,1907.34,monthly
22,synthetic_user_22@example.com,0,Gastos generales,82.19,expense,2026-02-16,1907.34,monthly
22,synthetic_user_22@example.com,0,Compras,86.35,expense,2026-02-01,1907.34,monthly
22,synthetic_user_22@example.com,0,Educacion,202.4,expense,2026-02-12,1907.34,monthly
22,synthetic_user_22@example.com,0,Educacion,176.26,expense,2026-02-08,1907.34,monthly
22,synthetic_user_22@example.com,0,Ingreso Base,1834.36,income,2026-03-08,1907.34,monthly
22,synthetic_user_22@example.com,0,Inversion,191.79,investment,2026-03-30,1907.34,monthly
22,synthetic_user_22@example.com,0,Gastos generales,66.99,expense,2026-03-16,1907.34,monthly
22,synthetic_user_22@example.com,0,Servicios,132.36,expense,2026-03-17,1907.34,monthly
22,synthetic_user_22@example.com,0,Suscripciones,133.72,expense,2026-03-02,1907.34,monthly
22,synthetic_user_22@example.com,0,Compras,108.52,expense,2026-03-24,1907.34,monthly
22,synthetic_user_22@example.com,0,Servicios,138.55,expense,2026-03-07,1907.34,monthly
22,synthetic_user_22@example.com,0,Compras,80.76,expense,2026-03-18,1907.34,monthly
22,synthetic_user_22@example.com,0,Transporte,98.08,expense,2026-03-12,1907.34,monthly
22,synthetic_user_22@example.com,0,Compras,99.89,expense,2026-03-24,1907.34,monthly
22,synthetic_user_22@example.com,0,Ingresos,121.46,expense,2026-03-17,1907.34,monthly
22,synthetic_user_22@example.com,0,Gastos generales,130.61,expense,2026-03-07,1907.34,monthly
22,synthetic_user_22@example.com,0,Alimentacion,88.89,expense,2026-03-12,1907.34,monthly
22,synthetic_user_22@example.com,0,Gastos generales,65.86,expense,2026-03-12,1907.34,monthly
22,synthetic_user_22@example.com,0,Transporte,71.46,expense,2026-03-19,1907.34,monthly
22,synthetic_user_22@example.com,0,Ingreso Base,1828.99,income,2026-04-07,1907.34,monthly
22,synthetic_user_22@example.com,0,Inversion,131.87,investment,2026-04-13,1907.34,monthly
22,synthetic_user_22@example.com,0,Ingreso adicional,133.27,expense,2026-04-02,1907.34,monthly
22,synthetic_user_22@example.com,0,Compras,170.81,expense,2026-04-11,1907.34,monthly
22,synthetic_user_22@example.com,0,Educacion,90.73,expense,2026-04-27,1907.34,monthly
22,synthetic_user_22@example.com,0,Alimentacion,119.65,expense,2026-04-12,1907.34,monthly
22,synthetic_user_22@example.com,0,Servicios,150.33,expense,2026-04-06,1907.34,monthly
22,synthetic_user_22@example.com,0,Transporte,143.18,expense,2026-04-10,1907.34,monthly
22,synthetic_user_22@example.com,0,Otro,151.86,expense,2026-04-05,1907.34,monthly
22,synthetic_user_22@example.com,0,Ingresos,135.47,expense,2026-04-04,1907.34,monthly
22,synthetic_user_22@example.com,0,Gastos generales,107.05,expense,2026-04-04,1907.34,monthly
22,synthetic_user_22@example.com,0,Transporte,141.92,expense,2026-04-04,1907.34,monthly
22,synthetic_user_22@example.com,0,Transporte,123.46,expense,2026-04-10,1907.34,monthly
22,synthetic_user_22@example.com,0,Ingreso adicional,79.31,expense,2026-04-18,1907.34,monthly
23,synthetic_user_23@example.com,0,Ingreso Base,544.53,income,2025-11-08,550.0,monthly
23,synthetic_user_23@example.com,0,Inversion,58.05,investment,2025-11-12,550.0,monthly
23,synthetic_user_23@example.com,0,rappi,16.79,expense,2025-11-21,550.0,monthly
23,synthetic_user_23@example.com,0,Compras,36.91,expense,2025-11-02,550.0,monthly
23,synthetic_user_23@example.com,0,Ocio,31.58,expense,2025-11-27,550.0,monthly
23,synthetic_user_23@example.com,0,Alimentacion,43.29,expense,2025-11-19,550.0,monthly
23,synthetic_user_23@example.com,0,Ingreso adicional,58.43,expense,2025-11-04,550.0,monthly
23,synthetic_user_23@example.com,0,Alimentacion,40.17,expense,2025-11-03,550.0,monthly
23,synthetic_user_23@example.com,0,Alimentacion,48.66,expense,2025-11-19,550.0,monthly
23,synthetic_user_23@example.com,0,Ingreso adicional,38.92,expense,2025-11-24,550.0,monthly
23,synthetic_user_23@example.com,0,Suscripciones,50.72,expense,2025-11-12,550.0,monthly
23,synthetic_user_23@example.com,0,Vivienda,42.38,expense,2025-11-25,550.0,monthly
23,synthetic_user_23@example.com,0,rappi,28.3,expense,2025-11-21,550.0,monthly
23,synthetic_user_23@example.com,0,Transporte,60.98,expense,2025-11-25,550.0,monthly
23,synthetic_user_23@example.com,0,Ingreso Base,609.06,income,2025-12-08,550.0,monthly
23,synthetic_user_23@example.com,0,Inversion,70.39,investment,2025-12-12,550.0,monthly
23,synthetic_user_23@example.com,0,Salud,15.58,expense,2025-12-01,550.0,monthly
23,synthetic_user_23@example.com,0,Ingresos,30.68,expense,2025-12-18,550.0,monthly
23,synthetic_user_23@example.com,0,Ingresos,37.69,expense,2025-12-01,550.0,monthly
23,synthetic_user_23@example.com,0,rappi,43.05,expense,2025-12-05,550.0,monthly
23,synthetic_user_23@example.com,0,rappi,24.4,expense,2025-12-21,550.0,monthly
23,synthetic_user_23@example.com,0,Ingresos,28.68,expense,2025-12-11,550.0,monthly
23,synthetic_user_23@example.com,0,Alimentacion,54.03,expense,2025-12-07,550.0,monthly
23,synthetic_user_23@example.com,0,Educacion,11.28,expense,2025-12-04,550.0,monthly
23,synthetic_user_23@example.com,0,Alimentacion,40.8,expense,2025-12-07,550.0,monthly
23,synthetic_user_23@example.com,0,Ingresos,38.23,expense,2025-12-25,550.0,monthly
23,synthetic_user_23@example.com,0,Educacion,35.18,expense,2025-12-26,550.0,monthly
23,synthetic_user_23@example.com,0,Compras,43.74,expense,2025-12-10,550.0,monthly
23,synthetic_user_23@example.com,0,Ingresos,37.86,expense,2025-12-05,550.0,monthly
23,synthetic_user_23@example.com,0,Vivienda,32.87,expense,2025-12-24,550.0,monthly
23,synthetic_user_23@example.com,0,Vivienda,32.04,expense,2025-12-19,550.0,monthly
23,synthetic_user_23@example.com,0,Ocio,9.51,expense,2025-12-20,550.0,monthly
23,synthetic_user_23@example.com,0,Alimentacion,46.08,expense,2025-12-24,550.0,monthly
23,synthetic_user_23@example.com,0,Educacion,13.01,expense,2025-12-27,550.0,monthly
23,synthetic_user_23@example.com,0,Ingreso Base,512.78,income,2026-01-07,550.0,monthly
23,synthetic_user_23@example.com,0,Inversion,35.85,investment,2026-01-27,550.0,monthly
23,synthetic_user_23@example.com,0,Ingreso adicional,11.68,expense,2026-01-27,550.0,monthly
23,synthetic_user_23@example.com,0,Ingreso adicional,19.2,expense,2026-01-13,550.0,monthly
23,synthetic_user_23@example.com,0,Transporte,7.25,expense,2026-01-25,550.0,monthly
23,synthetic_user_23@example.com,0,Suscripciones,25.31,expense,2026-01-21,550.0,monthly
23,synthetic_user_23@example.com,0,rappi,25.96,expense,2026-01-16,550.0,monthly
23,synthetic_user_23@example.com,0,Salud,32.42,expense,2026-01-11,550.0,monthly
23,synthetic_user_23@example.com,0,Ingresos,26.58,expense,2026-01-17,550.0,monthly
23,synthetic_user_23@example.com,0,Ingresos,28.33,expense,2026-01-14,550.0,monthly
23,synthetic_user_23@example.com,0,Ingreso adicional,27.17,expense,2026-01-10,550.0,monthly
23,synthetic_user_23@example.com,0,Educacion,21.08,expense,2026-01-21,550.0,monthly
23,synthetic_user_23@example.com,0,Ingresos,9.84,expense,2026-01-14,550.0,monthly
23,synthetic_user_23@example.com,0,Ingreso adicional,31.12,expense,2026-01-15,550.0,monthly
23,synthetic_user_23@example.com,0,Vivienda,40.03,expense,2026-01-09,550.0,monthly
23,synthetic_user_23@example.com,0,Ingresos,15.4,expense,2026-01-12,550.0,monthly
23,synthetic_user_23@example.com,0,Ingresos,36.94,expense,2026-01-13,550.0,monthly
23,synthetic_user_23@example.com,0,Transporte,16.23,expense,2026-01-10,550.0,monthly
23,synthetic_user_23@example.com,0,Vivienda,20.87,expense,2026-01-14,550.0,monthly
23,synthetic_user_23@example.com,0,Ingresos,29.49,expense,2026-01-22,550.0,monthly
23,synthetic_user_23@example.com,0,Ingreso Base,646.85,income,2026-02-06,550.0,monthly
23,synthetic_user_23@example.com,0,Inversion,69.66,investment,2026-02-22,550.0,monthly
23,synthetic_user_23@example.com,0,Alimentacion,13.18,expense,2026-02-24,550.0,monthly
23,synthetic_user_23@example.com,0,Educacion,47.0,expense,2026-02-14,550.0,monthly
23,synthetic_user_23@example.com,0,Servicios,24.96,expense,2026-02-17,550.0,monthly
23,synthetic_user_23@example.com,0,Ocio,44.68,expense,2026-02-08,550.0,monthly
23,synthetic_user_23@example.com,0,rappi,27.7,expense,2026-02-24,550.0,monthly
23,synthetic_user_23@example.com,0,Alimentacion,44.01,expense,2026-02-06,550.0,monthly
23,synthetic_user_23@example.com,0,rappi,17.86,expense,2026-02-03,550.0,monthly
23,synthetic_user_23@example.com,0,Vivienda,32.32,expense,2026-02-01,550.0,monthly
23,synthetic_user_23@example.com,0,Ingreso adicional,45.25,expense,2026-02-18,550.0,monthly
23,synthetic_user_23@example.com,0,Ocio,38.95,expense,2026-02-14,550.0,monthly
23,synthetic_user_23@example.com,0,Compras,40.81,expense,2026-02-08,550.0,monthly
23,synthetic_user_23@example.com,0,Ingresos,31.2,expense,2026-02-18,550.0,monthly
23,synthetic_user_23@example.com,0,Servicios,20.25,expense,2026-02-13,550.0,monthly
23,synthetic_user_23@example.com,0,Transporte,57.67,expense,2026-02-20,550.0,monthly
23,synthetic_user_23@example.com,0,Ingreso Base,551.86,income,2026-03-08,550.0,monthly
23,synthetic_user_23@example.com,0,Inversion,52.81,investment,2026-03-23,550.0,monthly
23,synthetic_user_23@example.com,0,Transporte,63.52,expense,2026-03-04,550.0,monthly
23,synthetic_user_23@example.com,0,Compras,65.44,expense,2026-03-13,550.0,monthly
23,synthetic_user_23@example.com,0,Ingresos,62.09,expense,2026-03-06,550.0,monthly
23,synthetic_user_23@example.com,0,Vivienda,67.32,expense,2026-03-09,550.0,monthly
23,synthetic_user_23@example.com,0,rappi,23.84,expense,2026-03-11,550.0,monthly
23,synthetic_user_23@example.com,0,Vivienda,58.51,expense,2026-03-02,550.0,monthly
23,synthetic_user_23@example.com,0,Ingreso adicional,71.89,expense,2026-03-04,550.0,monthly
23,synthetic_user_23@example.com,0,Compras,55.76,expense,2026-03-27,550.0,monthly
23,synthetic_user_23@example.com,0,Ingreso adicional,47.93,expense,2026-03-19,550.0,monthly
23,synthetic_user_23@example.com,0,Ingreso Base,412.5,income,2026-04-07,550.0,monthly
23,synthetic_user_23@example.com,0,Inversion,59.25,investment,2026-04-27,550.0,monthly
23,synthetic_user_23@example.com,0,Alimentacion,44.89,expense,2026-04-15,550.0,monthly
23,synthetic_user_23@example.com,0,Gastos generales,27.85,expense,2026-04-22,550.0,monthly
23,synthetic_user_23@example.com,0,Educacion,25.59,expense,2026-04-22,550.0,monthly
23,synthetic_user_23@example.com,0,Suscripciones,38.02,expense,2026-04-16,550.0,monthly
23,synthetic_user_23@example.com,0,Transporte,37.14,expense,2026-04-08,550.0,monthly
23,synthetic_user_23@example.com,0,Alimentacion,29.61,expense,2026-04-15,550.0,monthly
23,synthetic_user_23@example.com,0,Vivienda,39.04,expense,2026-04-08,550.0,monthly
23,synthetic_user_23@example.com,0,Ingreso adicional,23.95,expense,2026-04-22,550.0,monthly
23,synthetic_user_23@example.com,0,Vivienda,21.67,expense,2026-04-24,550.0,monthly
23,synthetic_user_23@example.com,0,Gastos generales,43.39,expense,2026-04-23,550.0,monthly
23,synthetic_user_23@example.com,0,Ocio,19.68,expense,2026-04-09,550.0,monthly
23,synthetic_user_23@example.com,0,Ingreso adicional,37.29,expense,2026-04-18,550.0,monthly
23,synthetic_user_23@example.com,0,Gastos generales,37.27,expense,2026-04-24,550.0,monthly
24,synthetic_user_24@example.com,0,Ingreso Base,1096.46,income,2025-11-08,1053.67,monthly
24,synthetic_user_24@example.com,0,Inversion,125.17,investment,2025-11-15,1053.67,monthly
24,synthetic_user_24@example.com,0,Suscripciones,59.39,expense,2025-11-10,1053.67,monthly
24,synthetic_user_24@example.com,0,Ingresos,78.85,expense,2025-11-17,1053.67,monthly
24,synthetic_user_24@example.com,0,Gastos generales,68.94,expense,2025-11-13,1053.67,monthly
24,synthetic_user_24@example.com,0,rappi,53.3,expense,2025-11-27,1053.67,monthly
24,synthetic_user_24@example.com,0,Suscripciones,36.07,expense,2025-11-23,1053.67,monthly
24,synthetic_user_24@example.com,0,Compras,73.24,expense,2025-11-05,1053.67,monthly
24,synthetic_user_24@example.com,0,Ocio,111.33,expense,2025-11-17,1053.67,monthly
24,synthetic_user_24@example.com,0,Compras,111.52,expense,2025-11-10,1053.67,monthly
24,synthetic_user_24@example.com,0,Gastos generales,72.57,expense,2025-11-15,1053.67,monthly
24,synthetic_user_24@example.com,0,Educacion,90.57,expense,2025-11-26,1053.67,monthly
24,synthetic_user_24@example.com,0,Ingreso Base,931.05,income,2025-12-08,1053.67,monthly
24,synthetic_user_24@example.com,0,Inversion,74.09,investment,2025-12-21,1053.67,monthly
24,synthetic_user_24@example.com,0,Ocio,34.43,expense,2025-12-21,1053.67,monthly
24,synthetic_user_24@example.com,0,Ingresos,49.55,expense,2025-12-16,1053.67,monthly
24,synthetic_user_24@example.com,0,Ingresos,21.84,expense,2025-12-02,1053.67,monthly
24,synthetic_user_24@example.com,0,Ocio,40.67,expense,2025-12-04,1053.67,monthly
24,synthetic_user_24@example.com,0,Gastos generales,14.26,expense,2025-12-17,1053.67,monthly
24,synthetic_user_24@example.com,0,Ingreso adicional,40.4,expense,2025-12-18,1053.67,monthly
24,synthetic_user_24@example.com,0,Ingreso adicional,36.89,expense,2025-12-27,1053.67,monthly
24,synthetic_user_24@example.com,0,Gastos generales,34.97,expense,2025-12-19,1053.67,monthly
24,synthetic_user_24@example.com,0,Alimentacion,48.45,expense,2025-12-27,1053.67,monthly
24,synthetic_user_24@example.com,0,Ingresos,50.57,expense,2025-12-05,1053.67,monthly
24,synthetic_user_24@example.com,0,rappi,48.72,expense,2025-12-14,1053.67,monthly
24,synthetic_user_24@example.com,0,Alimentacion,33.95,expense,2025-12-25,1053.67,monthly
24,synthetic_user_24@example.com,0,Ingreso adicional,53.94,expense,2025-12-22,1053.67,monthly
24,synthetic_user_24@example.com,0,Alimentacion,45.81,expense,2025-12-05,1053.67,monthly
24,synthetic_user_24@example.com,0,Alimentacion,44.96,expense,2025-12-02,1053.67,monthly
24,synthetic_user_24@example.com,0,Alimentacion,31.58,expense,2025-12-13,1053.67,monthly
24,synthetic_user_24@example.com,0,rappi,35.01,expense,2025-12-13,1053.67,monthly
24,synthetic_user_24@example.com,0,Vivienda,55.43,expense,2025-12-25,1053.67,monthly
24,synthetic_user_24@example.com,0,Ingreso Base,1090.23,income,2026-01-07,1053.67,monthly
24,synthetic_user_24@example.com,0,Inversion,113.8,investment,2026-01-27,1053.67,monthly
24,synthetic_user_24@example.com,0,Ingresos,86.11,expense,2026-01-23,1053.67,monthly
24,synthetic_user_24@example.com,0,Alimentacion,83.58,expense,2026-01-11,1053.67,monthly
24,synthetic_user_24@example.com,0,Ocio,63.15,expense,2026-01-05,1053.67,monthly
24,synthetic_user_24@example.com,0,Ingreso adicional,144.43,expense,2026-01-15,1053.67,monthly
24,synthetic_user_24@example.com,0,Gastos generales,110.15,expense,2026-01-26,1053.67,monthly
24,synthetic_user_24@example.com,0,Ocio,101.65,expense,2026-01-04,1053.67,monthly
24,synthetic_user_24@example.com,0,Ingreso adicional,95.9,expense,2026-01-24,1053.67,monthly
24,synthetic_user_24@example.com,0,Alimentacion,83.48,expense,2026-01-11,1053.67,monthly
24,synthetic_user_24@example.com,0,Ingreso Base,1197.59,income,2026-02-06,1053.67,monthly
24,synthetic_user_24@example.com,0,Inversion,160.42,investment,2026-02-15,1053.67,monthly
24,synthetic_user_24@example.com,0,Vivienda,40.66,expense,2026-02-16,1053.67,monthly
24,synthetic_user_24@example.com,0,Ingreso adicional,74.83,expense,2026-02-04,1053.67,monthly
24,synthetic_user_24@example.com,0,Gastos generales,73.46,expense,2026-02-03,1053.67,monthly
24,synthetic_user_24@example.com,0,Ocio,61.34,expense,2026-02-22,1053.67,monthly
24,synthetic_user_24@example.com,0,Servicios,36.16,expense,2026-02-03,1053.67,monthly
24,synthetic_user_24@example.com,0,Transporte,67.2,expense,2026-02-24,1053.67,monthly
24,synthetic_user_24@example.com,0,Ocio,21.19,expense,2026-02-26,1053.67,monthly
24,synthetic_user_24@example.com,0,Ingresos,2.0,expense,2026-02-03,1053.67,monthly
24,synthetic_user_24@example.com,0,Vivienda,21.55,expense,2026-02-01,1053.67,monthly
24,synthetic_user_24@example.com,0,Gastos generales,84.93,expense,2026-02-20,1053.67,monthly
24,synthetic_user_24@example.com,0,Compras,11.62,expense,2026-02-05,1053.67,monthly
24,synthetic_user_24@example.com,0,Servicios,48.19,expense,2026-02-27,1053.67,monthly
24,synthetic_user_24@example.com,0,Ocio,57.22,expense,2026-02-11,1053.67,monthly
24,synthetic_user_24@example.com,0,Ingreso Base,976.82,income,2026-03-08,1053.67,monthly
24,synthetic_user_24@example.com,0,Inversion,108.05,investment,2026-03-14,1053.67,monthly
24,synthetic_user_24@example.com,0,Ingreso adicional,39.96,expense,2026-03-23,1053.67,monthly
24,synthetic_user_24@example.com,0,rappi,73.45,expense,2026-03-01,1053.67,monthly
24,synthetic_user_24@example.com,0,Servicios,67.21,expense,2026-03-04,1053.67,monthly
24,synthetic_user_24@example.com,0,Alimentacion,45.38,expense,2026-03-13,1053.67,monthly
24,synthetic_user_24@example.com,0,rappi,54.11,expense,2026-03-08,1053.67,monthly
24,synthetic_user_24@example.com,0,Suscripciones,43.46,expense,2026-03-19,1053.67,monthly
24,synthetic_user_24@example.com,0,Ingreso adicional,46.86,expense,2026-03-04,1053.67,monthly
24,synthetic_user_24@example.com,0,Gastos generales,37.36,expense,2026-03-04,1053.67,monthly
24,synthetic_user_24@example.com,0,Vivienda,34.25,expense,2026-03-19,1053.67,monthly
24,synthetic_user_24@example.com,0,Vivienda,43.34,expense,2026-03-26,1053.67,monthly
24,synthetic_user_24@example.com,0,Alimentacion,56.29,expense,2026-03-15,1053.67,monthly
24,synthetic_user_24@example.com,0,Compras,38.75,expense,2026-03-08,1053.67,monthly
24,synthetic_user_24@example.com,0,Vivienda,11.3,expense,2026-03-08,1053.67,monthly
24,synthetic_user_24@example.com,0,rappi,50.86,expense,2026-03-24,1053.67,monthly
24,synthetic_user_24@example.com,0,Ingreso Base,972.23,income,2026-04-07,1053.67,monthly
24,synthetic_user_24@example.com,0,Inversion,65.68,investment,2026-04-14,1053.67,monthly
24,synthetic_user_24@example.com,0,Alimentacion,41.14,expense,2026-04-05,1053.67,monthly
24,synthetic_user_24@example.com,0,Compras,41.44,expense,2026-04-11,1053.67,monthly
24,synthetic_user_24@example.com,0,Vivienda,46.67,expense,2026-04-21,1053.67,monthly
24,synthetic_user_24@example.com,0,Suscripciones,45.83,expense,2026-04-08,1053.67,monthly
24,synthetic_user_24@example.com,0,Servicios,35.77,expense,2026-04-20,1053.67,monthly
24,synthetic_user_24@example.com,0,Salud,15.88,expense,2026-04-15,1053.67,monthly
24,synthetic_user_24@example.com,0,Gastos generales,39.0,expense,2026-04-13,1053.67,monthly
24,synthetic_user_24@example.com,0,Otro,24.94,expense,2026-04-01,1053.67,monthly
24,synthetic_user_24@example.com,0,Vivienda,52.94,expense,2026-04-16,1053.67,monthly
24,synthetic_user_24@example.com,0,Ingreso adicional,37.04,expense,2026-04-18,1053.67,monthly
24,synthetic_user_24@example.com,0,Salud,20.5,expense,2026-04-17,1053.67,monthly
24,synthetic_user_24@example.com,0,Compras,20.05,expense,2026-04-11,1053.67,monthly
24,synthetic_user_24@example.com,0,Servicios,29.54,expense,2026-04-12,1053.67,monthly
24,synthetic_user_24@example.com,0,Salud,8.19,expense,2026-04-15,1053.67,monthly
24,synthetic_user_24@example.com,0,Servicios,58.08,expense,2026-04-20,1053.67,monthly
24,synthetic_user_24@example.com,0,Salud,34.22,expense,2026-04-27,1053.67,monthly
24,synthetic_user_24@example.com,0,Ingresos,45.81,expense,2026-04-15,1053.67,monthly
25,synthetic_user_25@example.com,0,Ingreso Base,1066.93,income,2025-11-08,1156.02,monthly
25,synthetic_user_25@example.com,0,Inversion,92.17,investment,2025-12-01,1156.02,monthly
25,synthetic_user_25@example.com,0,Compras,78.07,expense,2025-11-16,1156.02,monthly
25,synthetic_user_25@example.com,0,Transporte,122.67,expense,2025-11-14,1156.02,monthly
25,synthetic_user_25@example.com,0,Educacion,122.58,expense,2025-11-13,1156.02,monthly
25,synthetic_user_25@example.com,0,rappi,15.09,expense,2025-11-12,1156.02,monthly
25,synthetic_user_25@example.com,0,Ingreso adicional,42.92,expense,2025-11-12,1156.02,monthly
25,synthetic_user_25@example.com,0,Transporte,90.38,expense,2025-11-10,1156.02,monthly
25,synthetic_user_25@example.com,0,Suscripciones,116.52,expense,2025-11-14,1156.02,monthly
25,synthetic_user_25@example.com,0,Suscripciones,38.17,expense,2025-11-16,1156.02,monthly
25,synthetic_user_25@example.com,0,Gastos generales,57.63,expense,2025-11-04,1156.02,monthly
25,synthetic_user_25@example.com,0,Transporte,95.78,expense,2025-11-05,1156.02,monthly
25,synthetic_user_25@example.com,0,Ingreso Base,1078.07,income,2025-12-08,1156.02,monthly
25,synthetic_user_25@example.com,0,Inversion,142.65,investment,2025-12-16,1156.02,monthly
25,synthetic_user_25@example.com,0,Otro,44.49,expense,2025-12-13,1156.02,monthly
25,synthetic_user_25@example.com,0,Educacion,66.11,expense,2025-12-12,1156.02,monthly
25,synthetic_user_25@example.com,0,rappi,53.99,expense,2025-12-23,1156.02,monthly
25,synthetic_user_25@example.com,0,Ocio,44.23,expense,2025-12-03,1156.02,monthly
25,synthetic_user_25@example.com,0,Otro,55.01,expense,2025-12-18,1156.02,monthly
25,synthetic_user_25@example.com,0,Suscripciones,68.9,expense,2025-12-02,1156.02,monthly
25,synthetic_user_25@example.com,0,Otro,31.62,expense,2025-12-05,1156.02,monthly
25,synthetic_user_25@example.com,0,Gastos generales,50.27,expense,2025-12-22,1156.02,monthly
25,synthetic_user_25@example.com,0,Educacion,80.88,expense,2025-12-17,1156.02,monthly
25,synthetic_user_25@example.com,0,Gastos generales,53.48,expense,2025-12-17,1156.02,monthly
25,synthetic_user_25@example.com,0,Ingresos,76.2,expense,2025-12-18,1156.02,monthly
25,synthetic_user_25@example.com,0,Ingreso adicional,68.29,expense,2025-12-18,1156.02,monthly
25,synthetic_user_25@example.com,0,Ingreso Base,1136.52,income,2026-01-07,1156.02,monthly
25,synthetic_user_25@example.com,0,Inversion,121.8,investment,2026-01-26,1156.02,monthly
25,synthetic_user_25@example.com,0,Transporte,29.82,expense,2026-01-06,1156.02,monthly
25,synthetic_user_25@example.com,0,Ocio,39.05,expense,2026-01-16,1156.02,monthly
25,synthetic_user_25@example.com,0,Educacion,59.74,expense,2026-01-14,1156.02,monthly
25,synthetic_user_25@example.com,0,rappi,70.77,expense,2026-01-20,1156.02,monthly
25,synthetic_user_25@example.com,0,rappi,61.83,expense,2026-01-04,1156.02,monthly
25,synthetic_user_25@example.com,0,Ingreso adicional,51.26,expense,2026-01-22,1156.02,monthly
25,synthetic_user_25@example.com,0,Educacion,16.58,expense,2026-01-23,1156.02,monthly
25,synthetic_user_25@example.com,0,Ocio,56.09,expense,2026-01-06,1156.02,monthly
25,synthetic_user_25@example.com,0,Servicios,44.82,expense,2026-01-23,1156.02,monthly
25,synthetic_user_25@example.com,0,Suscripciones,102.35,expense,2026-01-03,1156.02,monthly
25,synthetic_user_25@example.com,0,Educacion,25.55,expense,2026-01-24,1156.02,monthly
25,synthetic_user_25@example.com,0,Otro,84.96,expense,2026-01-05,1156.02,monthly
25,synthetic_user_25@example.com,0,Ingreso Base,1182.52,income,2026-02-06,1156.02,monthly
25,synthetic_user_25@example.com,0,Inversion,113.82,investment,2026-02-09,1156.02,monthly
25,synthetic_user_25@example.com,0,Ocio,88.29,expense,2026-02-24,1156.02,monthly
25,synthetic_user_25@example.com,0,Suscripciones,2.66,expense,2026-02-14,1156.02,monthly
25,synthetic_user_25@example.com,0,Educacion,97.67,expense,2026-02-08,1156.02,monthly
25,synthetic_user_25@example.com,0,Suscripciones,49.74,expense,2026-02-03,1156.02,monthly
25,synthetic_user_25@example.com,0,Otro,90.23,expense,2026-02-08,1156.02,monthly
25,synthetic_user_25@example.com,0,Salud,62.81,expense,2026-02-11,1156.02,monthly
25,synthetic_user_25@example.com,0,rappi,56.69,expense,2026-02-13,1156.02,monthly
25,synthetic_user_25@example.com,0,Ingreso adicional,56.73,expense,2026-02-13,1156.02,monthly
25,synthetic_user_25@example.com,0,Educacion,17.18,expense,2026-02-13,1156.02,monthly
25,synthetic_user_25@example.com,0,Ingresos,26.97,expense,2026-02-05,1156.02,monthly
25,synthetic_user_25@example.com,0,rappi,57.32,expense,2026-02-10,1156.02,monthly
25,synthetic_user_25@example.com,0,Educacion,52.57,expense,2026-02-13,1156.02,monthly
25,synthetic_user_25@example.com,0,rappi,29.48,expense,2026-02-14,1156.02,monthly
25,synthetic_user_25@example.com,0,Suscripciones,51.59,expense,2026-02-14,1156.02,monthly
25,synthetic_user_25@example.com,0,Ingreso Base,1113.87,income,2026-03-08,1156.02,monthly
25,synthetic_user_25@example.com,0,Inversion,119.44,investment,2026-03-19,1156.02,monthly
25,synthetic_user_25@example.com,0,Educacion,41.62,expense,2026-03-03,1156.02,monthly
25,synthetic_user_25@example.com,0,Ocio,39.94,expense,2026-03-14,1156.02,monthly
25,synthetic_user_25@example.com,0,Suscripciones,52.89,expense,2026-03-12,1156.02,monthly
25,synthetic_user_25@example.com,0,Otro,85.44,expense,2026-03-04,1156.02,monthly
25,synthetic_user_25@example.com,0,Educacion,77.63,expense,2026-03-11,1156.02,monthly
25,synthetic_user_25@example.com,0,Suscripciones,54.33,expense,2026-03-15,1156.02,monthly
25,synthetic_user_25@example.com,0,Gastos generales,81.43,expense,2026-03-09,1156.02,monthly
25,synthetic_user_25@example.com,0,Educacion,72.25,expense,2026-03-20,1156.02,monthly
25,synthetic_user_25@example.com,0,Educacion,56.64,expense,2026-03-07,1156.02,monthly
25,synthetic_user_25@example.com,0,Educacion,42.74,expense,2026-03-08,1156.02,monthly
25,synthetic_user_25@example.com,0,Otro,50.4,expense,2026-03-12,1156.02,monthly
25,synthetic_user_25@example.com,0,Servicios,57.3,expense,2026-03-21,1156.02,monthly
25,synthetic_user_25@example.com,0,Educacion,56.2,expense,2026-03-25,1156.02,monthly
25,synthetic_user_25@example.com,0,Ingreso Base,1094.71,income,2026-04-07,1156.02,monthly
25,synthetic_user_25@example.com,0,Inversion,117.69,investment,2026-05-01,1156.02,monthly
25,synthetic_user_25@example.com,0,Educacion,50.0,expense,2026-04-17,1156.02,monthly
25,synthetic_user_25@example.com,0,Suscripciones,48.95,expense,2026-04-13,1156.02,monthly
25,synthetic_user_25@example.com,0,Vivienda,27.47,expense,2026-04-22,1156.02,monthly
25,synthetic_user_25@example.com,0,Ingreso adicional,42.02,expense,2026-04-09,1156.02,monthly
25,synthetic_user_25@example.com,0,Gastos generales,42.87,expense,2026-04-06,1156.02,monthly
25,synthetic_user_25@example.com,0,Servicios,80.57,expense,2026-04-18,1156.02,monthly
25,synthetic_user_25@example.com,0,Servicios,42.68,expense,2026-04-26,1156.02,monthly
25,synthetic_user_25@example.com,0,Servicios,56.31,expense,2026-04-11,1156.02,monthly
25,synthetic_user_25@example.com,0,Educacion,70.5,expense,2026-04-21,1156.02,monthly
25,synthetic_user_25@example.com,0,Ocio,55.91,expense,2026-04-03,1156.02,monthly
25,synthetic_user_25@example.com,0,Servicios,52.07,expense,2026-04-13,1156.02,monthly
25,synthetic_user_25@example.com,0,Suscripciones,33.63,expense,2026-04-17,1156.02,monthly
25,synthetic_user_25@example.com,0,Suscripciones,45.88,expense,2026-04-15,1156.02,monthly
25,synthetic_user_25@example.com,0,Transporte,52.8,expense,2026-04-08,1156.02,monthly
26,synthetic_user_26@example.com,0,Ingreso Base,1730.46,income,2025-11-08,1835.84,monthly
26,synthetic_user_26@example.com,0,Inversion,206.43,investment,2025-11-13,1835.84,monthly
26,synthetic_user_26@example.com,0,Suscripciones,287.05,expense,2025-11-16,1835.84,monthly
26,synthetic_user_26@example.com,0,Suscripciones,143.82,expense,2025-11-02,1835.84,monthly
26,synthetic_user_26@example.com,0,rappi,197.33,expense,2025-11-17,1835.84,monthly
26,synthetic_user_26@example.com,0,Alimentacion,168.7,expense,2025-11-08,1835.84,monthly
26,synthetic_user_26@example.com,0,Alimentacion,278.31,expense,2025-11-12,1835.84,monthly
26,synthetic_user_26@example.com,0,Compras,132.91,expense,2025-11-27,1835.84,monthly
26,synthetic_user_26@example.com,0,Ocio,83.71,expense,2025-11-24,1835.84,monthly
26,synthetic_user_26@example.com,0,Suscripciones,170.13,expense,2025-11-01,1835.84,monthly
26,synthetic_user_26@example.com,0,Ingreso Base,1876.94,income,2025-12-08,1835.84,monthly
26,synthetic_user_26@example.com,0,Inversion,329.14,investment,2025-12-25,1835.84,monthly
26,synthetic_user_26@example.com,0,Servicios,161.7,expense,2025-12-08,1835.84,monthly
26,synthetic_user_26@example.com,0,Alimentacion,179.67,expense,2025-12-03,1835.84,monthly
26,synthetic_user_26@example.com,0,Vivienda,43.07,expense,2025-12-01,1835.84,monthly
26,synthetic_user_26@example.com,0,Vivienda,40.87,expense,2025-12-19,1835.84,monthly
26,synthetic_user_26@example.com,0,Transporte,171.88,expense,2025-12-25,1835.84,monthly
26,synthetic_user_26@example.com,0,Suscripciones,108.32,expense,2025-12-06,1835.84,monthly
26,synthetic_user_26@example.com,0,Otro,84.57,expense,2025-12-02,1835.84,monthly
26,synthetic_user_26@example.com,0,Servicios,169.04,expense,2025-12-21,1835.84,monthly
26,synthetic_user_26@example.com,0,Alimentacion,145.86,expense,2025-12-22,1835.84,monthly
26,synthetic_user_26@example.com,0,Compras,134.9,expense,2025-12-01,1835.84,monthly
26,synthetic_user_26@example.com,0,Educacion,94.1,expense,2025-12-13,1835.84,monthly
26,synthetic_user_26@example.com,0,Alimentacion,110.67,expense,2025-12-02,1835.84,monthly
26,synthetic_user_26@example.com,0,Ingreso Base,1943.68,income,2026-01-07,1835.84,monthly
26,synthetic_user_26@example.com,0,Inversion,299.3,investment,2026-01-31,1835.84,monthly
26,synthetic_user_26@example.com,0,Transporte,135.95,expense,2026-01-06,1835.84,monthly
26,synthetic_user_26@example.com,0,Gastos generales,82.94,expense,2026-01-07,1835.84,monthly
26,synthetic_user_26@example.com,0,Alimentacion,132.0,expense,2026-01-03,1835.84,monthly
26,synthetic_user_26@example.com,0,Servicios,54.36,expense,2026-01-14,1835.84,monthly
26,synthetic_user_26@example.com,0,Alimentacion,143.97,expense,2026-01-13,1835.84,monthly
26,synthetic_user_26@example.com,0,Servicios,85.62,expense,2026-01-26,1835.84,monthly
26,synthetic_user_26@example.com,0,Suscripciones,30.02,expense,2026-01-21,1835.84,monthly
26,synthetic_user_26@example.com,0,Ingreso adicional,91.39,expense,2026-01-19,1835.84,monthly
26,synthetic_user_26@example.com,0,Suscripciones,55.75,expense,2026-01-07,1835.84,monthly
26,synthetic_user_26@example.com,0,Servicios,47.66,expense,2026-01-26,1835.84,monthly
26,synthetic_user_26@example.com,0,Suscripciones,125.39,expense,2026-01-08,1835.84,monthly
26,synthetic_user_26@example.com,0,Suscripciones,66.22,expense,2026-01-22,1835.84,monthly
26,synthetic_user_26@example.com,0,Vivienda,40.98,expense,2026-01-05,1835.84,monthly
26,synthetic_user_26@example.com,0,Alimentacion,81.63,expense,2026-01-18,1835.84,monthly
26,synthetic_user_26@example.com,0,Vivienda,116.1,expense,2026-01-07,1835.84,monthly
26,synthetic_user_26@example.com,0,Alimentacion,51.85,expense,2026-01-17,1835.84,monthly
26,synthetic_user_26@example.com,0,Servicios,53.91,expense,2026-01-12,1835.84,monthly
26,synthetic_user_26@example.com,0,Servicios,41.5,expense,2026-01-21,1835.84,monthly
26,synthetic_user_26@example.com,0,Ingreso Base,1958.76,income,2026-02-06,1835.84,monthly
26,synthetic_user_26@example.com,0,Inversion,224.0,investment,2026-02-28,1835.84,monthly
26,synthetic_user_26@example.com,0,Servicios,63.44,expense,2026-02-18,1835.84,monthly
26,synthetic_user_26@example.com,0,Servicios,109.18,expense,2026-02-26,1835.84,monthly
26,synthetic_user_26@example.com,0,Otro,73.28,expense,2026-02-21,1835.84,monthly
26,synthetic_user_26@example.com,0,Suscripciones,52.66,expense,2026-02-17,1835.84,monthly
26,synthetic_user_26@example.com,0,Alimentacion,138.31,expense,2026-02-21,1835.84,monthly
26,synthetic_user_26@example.com,0,Alimentacion,81.5,expense,2026-02-01,1835.84,monthly
26,synthetic_user_26@example.com,0,Suscripciones,88.61,expense,2026-02-27,1835.84,monthly
26,synthetic_user_26@example.com,0,Alimentacion,126.38,expense,2026-02-11,1835.84,monthly
26,synthetic_user_26@example.com,0,Suscripciones,119.19,expense,2026-02-12,1835.84,monthly
26,synthetic_user_26@example.com,0,Alimentacion,55.89,expense,2026-02-03,1835.84,monthly
26,synthetic_user_26@example.com,0,Gastos generales,127.93,expense,2026-02-11,1835.84,monthly
26,synthetic_user_26@example.com,0,Alimentacion,88.63,expense,2026-02-23,1835.84,monthly
26,synthetic_user_26@example.com,0,Alimentacion,105.67,expense,2026-02-20,1835.84,monthly
26,synthetic_user_26@example.com,0,Alimentacion,100.51,expense,2026-02-09,1835.84,monthly
26,synthetic_user_26@example.com,0,Salud,79.88,expense,2026-02-01,1835.84,monthly
26,synthetic_user_26@example.com,0,Servicios,133.33,expense,2026-02-05,1835.84,monthly
26,synthetic_user_26@example.com,0,Alimentacion,69.19,expense,2026-02-27,1835.84,monthly
26,synthetic_user_26@example.com,0,Suscripciones,106.16,expense,2026-02-01,1835.84,monthly
26,synthetic_user_26@example.com,0,Ingreso Base,1788.57,income,2026-03-08,1835.84,monthly
26,synthetic_user_26@example.com,0,Inversion,238.89,investment,2026-03-16,1835.84,monthly
26,synthetic_user_26@example.com,0,Vivienda,141.95,expense,2026-03-01,1835.84,monthly
26,synthetic_user_26@example.com,0,Ingresos,117.51,expense,2026-03-15,1835.84,monthly
26,synthetic_user_26@example.com,0,Alimentacion,182.7,expense,2026-03-16,1835.84,monthly
26,synthetic_user_26@example.com,0,Servicios,172.33,expense,2026-03-17,1835.84,monthly
26,synthetic_user_26@example.com,0,Servicios,168.3,expense,2026-03-24,1835.84,monthly
26,synthetic_user_26@example.com,0,Alimentacion,261.39,expense,2026-03-26,1835.84,monthly
26,synthetic_user_26@example.com,0,Suscripciones,147.78,expense,2026-03-19,1835.84,monthly
26,synthetic_user_26@example.com,0,Gastos generales,87.06,expense,2026-03-17,1835.84,monthly
26,synthetic_user_26@example.com,0,Transporte,133.39,expense,2026-03-06,1835.84,monthly
26,synthetic_user_26@example.com,0,Alimentacion,109.32,expense,2026-03-09,1835.84,monthly
26,synthetic_user_26@example.com,0,Ingreso Base,1804.2,income,2026-04-07,1835.84,monthly
26,synthetic_user_26@example.com,0,Inversion,196.08,investment,2026-04-10,1835.84,monthly
26,synthetic_user_26@example.com,0,rappi,105.79,expense,2026-04-18,1835.84,monthly
26,synthetic_user_26@example.com,0,Servicios,83.47,expense,2026-04-25,1835.84,monthly
26,synthetic_user_26@example.com,0,Servicios,62.05,expense,2026-04-11,1835.84,monthly
26,synthetic_user_26@example.com,0,Suscripciones,72.73,expense,2026-04-12,1835.84,monthly
26,synthetic_user_26@example.com,0,Suscripciones,89.16,expense,2026-04-09,1835.84,monthly
26,synthetic_user_26@example.com,0,Suscripciones,84.31,expense,2026-04-20,1835.84,monthly
26,synthetic_user_26@example.com,0,Suscripciones,153.68,expense,2026-04-20,1835.84,monthly
26,synthetic_user_26@example.com,0,Alimentacion,129.83,expense,2026-04-01,1835.84,monthly
26,synthetic_user_26@example.com,0,Transporte,90.54,expense,2026-04-10,1835.84,monthly
26,synthetic_user_26@example.com,0,Vivienda,68.47,expense,2026-04-02,1835.84,monthly
26,synthetic_user_26@example.com,0,Vivienda,97.71,expense,2026-04-04,1835.84,monthly
26,synthetic_user_26@example.com,0,Gastos generales,64.56,expense,2026-04-16,1835.84,monthly
26,synthetic_user_26@example.com,0,Suscripciones,26.66,expense,2026-04-18,1835.84,monthly
26,synthetic_user_26@example.com,0,Suscripciones,50.5,expense,2026-04-09,1835.84,monthly
26,synthetic_user_26@example.com,0,Otro,92.24,expense,2026-04-10,1835.84,monthly
26,synthetic_user_26@example.com,0,Servicios,108.56,expense,2026-04-16,1835.84,monthly
27,synthetic_user_27@example.com,0,Ingreso Base,2031.84,income,2025-11-08,1934.62,monthly
27,synthetic_user_27@example.com,0,Inversion,171.1,investment,2025-11-20,1934.62,monthly
27,synthetic_user_27@example.com,0,Alimentacion,135.71,expense,2025-11-01,1934.62,monthly
27,synthetic_user_27@example.com,0,Educacion,158.5,expense,2025-11-15,1934.62,monthly
27,synthetic_user_27@example.com,0,Ingreso adicional,164.79,expense,2025-11-15,1934.62,monthly
27,synthetic_user_27@example.com,0,Gastos generales,86.94,expense,2025-11-04,1934.62,monthly
27,synthetic_user_27@example.com,0,Educacion,101.8,expense,2025-11-01,1934.62,monthly
27,synthetic_user_27@example.com,0,Transporte,208.35,expense,2025-11-04,1934.62,monthly
27,synthetic_user_27@example.com,0,Gastos generales,132.36,expense,2025-11-10,1934.62,monthly
27,synthetic_user_27@example.com,0,Gastos generales,50.55,expense,2025-11-10,1934.62,monthly
27,synthetic_user_27@example.com,0,Salud,41.35,expense,2025-11-17,1934.62,monthly
27,synthetic_user_27@example.com,0,Compras,143.94,expense,2025-11-12,1934.62,monthly
27,synthetic_user_27@example.com,0,Ingresos,118.29,expense,2025-11-08,1934.62,monthly
27,synthetic_user_27@example.com,0,Ingreso Base,2065.33,income,2025-12-08,1934.62,monthly
27,synthetic_user_27@example.com,0,Inversion,192.96,investment,2025-12-18,1934.62,monthly
27,synthetic_user_27@example.com,0,Ingreso adicional,101.74,expense,2025-12-25,1934.62,monthly
27,synthetic_user_27@example.com,0,Gastos generales,128.32,expense,2025-12-07,1934.62,monthly
27,synthetic_user_27@example.com,0,Otro,72.74,expense,2025-12-18,1934.62,monthly
27,synthetic_user_27@example.com,0,Compras,57.28,expense,2025-12-09,1934.62,monthly
27,synthetic_user_27@example.com,0,Vivienda,117.73,expense,2025-12-08,1934.62,monthly
27,synthetic_user_27@example.com,0,Transporte,96.62,expense,2025-12-11,1934.62,monthly
27,synthetic_user_27@example.com,0,Vivienda,46.53,expense,2025-12-02,1934.62,monthly
27,synthetic_user_27@example.com,0,Vivienda,109.43,expense,2025-12-14,1934.62,monthly
27,synthetic_user_27@example.com,0,Educacion,9.59,expense,2025-12-14,1934.62,monthly
27,synthetic_user_27@example.com,0,Vivienda,91.54,expense,2025-12-20,1934.62,monthly
27,synthetic_user_27@example.com,0,Compras,108.12,expense,2025-12-16,1934.62,monthly
27,synthetic_user_27@example.com,0,Vivienda,124.79,expense,2025-12-18,1934.62,monthly
27,synthetic_user_27@example.com,0,Compras,85.01,expense,2025-12-07,1934.62,monthly
27,synthetic_user_27@example.com,0,Vivienda,166.53,expense,2025-12-23,1934.62,monthly
27,synthetic_user_27@example.com,0,Compras,66.88,expense,2025-12-04,1934.62,monthly
27,synthetic_user_27@example.com,0,Educacion,81.48,expense,2025-12-18,1934.62,monthly
27,synthetic_user_27@example.com,0,Alimentacion,68.58,expense,2025-12-26,1934.62,monthly
27,synthetic_user_27@example.com,0,Ingreso Base,1879.2,income,2026-01-07,1934.62,monthly
27,synthetic_user_27@example.com,0,Inversion,151.02,investment,2026-01-13,1934.62,monthly
27,synthetic_user_27@example.com,0,Vivienda,117.7,expense,2026-01-14,1934.62,monthly
27,synthetic_user_27@example.com,0,Suscripciones,134.78,expense,2026-01-03,1934.62,monthly
27,synthetic_user_27@example.com,0,Vivienda,150.69,expense,2026-01-26,1934.62,monthly
27,synthetic_user_27@example.com,0,Alimentacion,100.36,expense,2026-01-03,1934.62,monthly
27,synthetic_user_27@example.com,0,Gastos generales,126.73,expense,2026-01-10,1934.62,monthly
27,synthetic_user_27@example.com,0,Alimentacion,130.16,expense,2026-01-16,1934.62,monthly
27,synthetic_user_27@example.com,0,Gastos generales,162.67,expense,2026-01-06,1934.62,monthly
27,synthetic_user_27@example.com,0,Compras,88.23,expense,2026-01-09,1934.62,monthly
27,synthetic_user_27@example.com,0,Gastos generales,187.64,expense,2026-01-14,1934.62,monthly
27,synthetic_user_27@example.com,0,Educacion,116.16,expense,2026-01-18,1934.62,monthly
27,synthetic_user_27@example.com,0,Compras,214.25,expense,2026-01-24,1934.62,monthly
27,synthetic_user_27@example.com,0,Ingreso Base,2312.89,income,2026-02-06,1934.62,monthly
27,synthetic_user_27@example.com,0,Inversion,102.21,investment,2026-02-11,1934.62,monthly
27,synthetic_user_27@example.com,0,rappi,140.24,expense,2026-02-25,1934.62,monthly
27,synthetic_user_27@example.com,0,Gastos generales,148.66,expense,2026-02-05,1934.62,monthly
27,synthetic_user_27@example.com,0,rappi,145.36,expense,2026-02-20,1934.62,monthly
27,synthetic_user_27@example.com,0,rappi,63.82,expense,2026-02-19,1934.62,monthly
27,synthetic_user_27@example.com,0,Transporte,119.35,expense,2026-02-22,1934.62,monthly
27,synthetic_user_27@example.com,0,Alimentacion,132.88,expense,2026-02-03,1934.62,monthly
27,synthetic_user_27@example.com,0,Alimentacion,252.96,expense,2026-02-10,1934.62,monthly
27,synthetic_user_27@example.com,0,Vivienda,78.32,expense,2026-02-27,1934.62,monthly
27,synthetic_user_27@example.com,0,Vivienda,140.05,expense,2026-02-01,1934.62,monthly
27,synthetic_user_27@example.com,0,Alimentacion,94.8,expense,2026-02-10,1934.62,monthly
27,synthetic_user_27@example.com,0,Alimentacion,255.6,expense,2026-02-09,1934.62,monthly
27,synthetic_user_27@example.com,0,Ingreso Base,2002.56,income,2026-03-08,1934.62,monthly
27,synthetic_user_27@example.com,0,Inversion,133.39,investment,2026-03-15,1934.62,monthly
27,synthetic_user_27@example.com,0,Salud,100.26,expense,2026-03-09,1934.62,monthly
27,synthetic_user_27@example.com,0,Servicios,136.64,expense,2026-03-13,1934.62,monthly
27,synthetic_user_27@example.com,0,Educacion,117.94,expense,2026-03-18,1934.62,monthly
27,synthetic_user_27@example.com,0,Educacion,86.34,expense,2026-03-04,1934.62,monthly
27,synthetic_user_27@example.com,0,Alimentacion,163.85,expense,2026-03-10,1934.62,monthly
27,synthetic_user_27@example.com,0,Gastos generales,143.79,expense,2026-03-20,1934.62,monthly
27,synthetic_user_27@example.com,0,Gastos generales,233.6,expense,2026-03-19,1934.62,monthly
27,synthetic_user_27@example.com,0,Compras,174.69,expense,2026-03-03,1934.62,monthly
27,synthetic_user_27@example.com,0,Otro,96.81,expense,2026-03-22,1934.62,monthly
27,synthetic_user_27@example.com,0,Ingreso Base,1866.89,income,2026-04-07,1934.62,monthly
27,synthetic_user_27@example.com,0,Inversion,173.25,investment,2026-04-27,1934.62,monthly
27,synthetic_user_27@example.com,0,Compras,141.32,expense,2026-04-13,1934.62,monthly
27,synthetic_user_27@example.com,0,Gastos generales,45.94,expense,2026-04-09,1934.62,monthly
27,synthetic_user_27@example.com,0,Alimentacion,15.8,expense,2026-04-23,1934.62,monthly
27,synthetic_user_27@example.com,0,Gastos generales,151.65,expense,2026-04-26,1934.62,monthly
27,synthetic_user_27@example.com,0,Otro,121.75,expense,2026-04-22,1934.62,monthly
27,synthetic_user_27@example.com,0,Compras,46.83,expense,2026-04-15,1934.62,monthly
27,synthetic_user_27@example.com,0,Vivienda,113.82,expense,2026-04-08,1934.62,monthly
27,synthetic_user_27@example.com,0,Ingresos,72.24,expense,2026-04-21,1934.62,monthly
27,synthetic_user_27@example.com,0,Vivienda,46.87,expense,2026-04-07,1934.62,monthly
27,synthetic_user_27@example.com,0,Compras,140.15,expense,2026-04-17,1934.62,monthly
27,synthetic_user_27@example.com,0,Suscripciones,87.57,expense,2026-04-25,1934.62,monthly
27,synthetic_user_27@example.com,0,Compras,81.63,expense,2026-04-10,1934.62,monthly
27,synthetic_user_27@example.com,0,Educacion,91.18,expense,2026-04-05,1934.62,monthly
27,synthetic_user_27@example.com,0,Vivienda,86.97,expense,2026-04-22,1934.62,monthly
27,synthetic_user_27@example.com,0,Transporte,111.32,expense,2026-04-10,1934.62,monthly
28,synthetic_user_28@example.com,0,Ingreso Base,1605.44,income,2025-11-08,1868.9,monthly
28,synthetic_user_28@example.com,0,Inversion,86.46,investment,2025-11-16,1868.9,monthly
28,synthetic_user_28@example.com,0,Alimentacion,162.32,expense,2025-11-10,1868.9,monthly
28,synthetic_user_28@example.com,0,Servicios,144.52,expense,2025-11-26,1868.9,monthly
28,synthetic_user_28@example.com,0,Salud,105.27,expense,2025-11-16,1868.9,monthly
28,synthetic_user_28@example.com,0,Salud,112.27,expense,2025-11-20,1868.9,monthly
28,synthetic_user_28@example.com,0,Servicios,197.85,expense,2025-11-21,1868.9,monthly
28,synthetic_user_28@example.com,0,Otro,176.34,expense,2025-11-23,1868.9,monthly
28,synthetic_user_28@example.com,0,Suscripciones,158.96,expense,2025-11-01,1868.9,monthly
28,synthetic_user_28@example.com,0,Compras,178.24,expense,2025-11-17,1868.9,monthly
28,synthetic_user_28@example.com,0,rappi,110.36,expense,2025-11-27,1868.9,monthly
28,synthetic_user_28@example.com,0,Ocio,107.07,expense,2025-11-27,1868.9,monthly
28,synthetic_user_28@example.com,0,Salud,139.57,expense,2025-11-17,1868.9,monthly
28,synthetic_user_28@example.com,0,Ingreso Base,1875.51,income,2025-12-08,1868.9,monthly
28,synthetic_user_28@example.com,0,Inversion,103.46,investment,2025-12-31,1868.9,monthly
28,synthetic_user_28@example.com,0,Transporte,142.79,expense,2025-12-07,1868.9,monthly
28,synthetic_user_28@example.com,0,Compras,336.48,expense,2025-12-15,1868.9,monthly
28,synthetic_user_28@example.com,0,Ocio,200.95,expense,2025-12-25,1868.9,monthly
28,synthetic_user_28@example.com,0,Ocio,15.85,expense,2025-12-24,1868.9,monthly
28,synthetic_user_28@example.com,0,Ingreso adicional,92.95,expense,2025-12-06,1868.9,monthly
28,synthetic_user_28@example.com,0,Ingreso adicional,243.28,expense,2025-12-15,1868.9,monthly
28,synthetic_user_28@example.com,0,Suscripciones,209.23,expense,2025-12-07,1868.9,monthly
28,synthetic_user_28@example.com,0,Salud,149.11,expense,2025-12-01,1868.9,monthly
28,synthetic_user_28@example.com,0,rappi,176.33,expense,2025-12-11,1868.9,monthly
28,synthetic_user_28@example.com,0,Ingreso Base,1750.73,income,2026-01-07,1868.9,monthly
28,synthetic_user_28@example.com,0,Inversion,124.36,investment,2026-01-25,1868.9,monthly
28,synthetic_user_28@example.com,0,Gastos generales,134.68,expense,2026-01-11,1868.9,monthly
28,synthetic_user_28@example.com,0,Salud,5.42,expense,2026-01-14,1868.9,monthly
28,synthetic_user_28@example.com,0,Servicios,158.15,expense,2026-01-27,1868.9,monthly
28,synthetic_user_28@example.com,0,Gastos generales,98.02,expense,2026-01-08,1868.9,monthly
28,synthetic_user_28@example.com,0,Alimentacion,59.15,expense,2026-01-17,1868.9,monthly
28,synthetic_user_28@example.com,0,Ingreso adicional,110.32,expense,2026-01-17,1868.9,monthly
28,synthetic_user_28@example.com,0,Alimentacion,197.75,expense,2026-01-07,1868.9,monthly
28,synthetic_user_28@example.com,0,Alimentacion,109.45,expense,2026-01-05,1868.9,monthly
28,synthetic_user_28@example.com,0,Ocio,112.87,expense,2026-01-03,1868.9,monthly
28,synthetic_user_28@example.com,0,Ingreso adicional,128.75,expense,2026-01-01,1868.9,monthly
28,synthetic_user_28@example.com,0,Gastos generales,135.42,expense,2026-01-06,1868.9,monthly
28,synthetic_user_28@example.com,0,Otro,152.53,expense,2026-01-05,1868.9,monthly
28,synthetic_user_28@example.com,0,Vivienda,101.98,expense,2026-01-11,1868.9,monthly
28,synthetic_user_28@example.com,0,Vivienda,62.3,expense,2026-01-09,1868.9,monthly
28,synthetic_user_28@example.com,0,Ingreso Base,1737.95,income,2026-02-06,1868.9,monthly
28,synthetic_user_28@example.com,0,Inversion,97.03,investment,2026-02-13,1868.9,monthly
28,synthetic_user_28@example.com,0,Servicios,74.57,expense,2026-02-04,1868.9,monthly
28,synthetic_user_28@example.com,0,Gastos generales,245.08,expense,2026-02-09,1868.9,monthly
28,synthetic_user_28@example.com,0,Alimentacion,201.94,expense,2026-02-11,1868.9,monthly
28,synthetic_user_28@example.com,0,Transporte,120.62,expense,2026-02-11,1868.9,monthly
28,synthetic_user_28@example.com,0,Suscripciones,119.22,expense,2026-02-11,1868.9,monthly
28,synthetic_user_28@example.com,0,Ingreso adicional,96.69,expense,2026-02-01,1868.9,monthly
28,synthetic_user_28@example.com,0,Educacion,132.92,expense,2026-02-20,1868.9,monthly
28,synthetic_user_28@example.com,0,Vivienda,165.12,expense,2026-02-07,1868.9,monthly
28,synthetic_user_28@example.com,0,Ingreso Base,1714.38,income,2026-03-08,1868.9,monthly
28,synthetic_user_28@example.com,0,Inversion,75.06,investment,2026-03-28,1868.9,monthly
28,synthetic_user_28@example.com,0,Gastos generales,85.53,expense,2026-03-27,1868.9,monthly
28,synthetic_user_28@example.com,0,Suscripciones,81.26,expense,2026-03-11,1868.9,monthly
28,synthetic_user_28@example.com,0,Alimentacion,117.49,expense,2026-03-22,1868.9,monthly
28,synthetic_user_28@example.com,0,Ocio,212.19,expense,2026-03-06,1868.9,monthly
28,synthetic_user_28@example.com,0,Alimentacion,144.22,expense,2026-03-08,1868.9,monthly
28,synthetic_user_28@example.com,0,Servicios,48.43,expense,2026-03-15,1868.9,monthly
28,synthetic_user_28@example.com,0,Ocio,98.61,expense,2026-03-23,1868.9,monthly
28,synthetic_user_28@example.com,0,Transporte,61.9,expense,2026-03-08,1868.9,monthly
28,synthetic_user_28@example.com,0,Alimentacion,107.58,expense,2026-03-10,1868.9,monthly
28,synthetic_user_28@example.com,0,Servicios,114.62,expense,2026-03-23,1868.9,monthly
28,synthetic_user_28@example.com,0,Gastos generales,106.35,expense,2026-03-16,1868.9,monthly
28,synthetic_user_28@example.com,0,Gastos generales,124.36,expense,2026-03-27,1868.9,monthly
28,synthetic_user_28@example.com,0,Servicios,120.65,expense,2026-03-16,1868.9,monthly
28,synthetic_user_28@example.com,0,Ingreso Base,1897.28,income,2026-04-07,1868.9,monthly
28,synthetic_user_28@example.com,0,Inversion,151.16,investment,2026-04-25,1868.9,monthly
28,synthetic_user_28@example.com,0,Salud,83.8,expense,2026-04-17,1868.9,monthly
28,synthetic_user_28@example.com,0,Servicios,73.28,expense,2026-04-25,1868.9,monthly
28,synthetic_user_28@example.com,0,Alimentacion,83.31,expense,2026-04-21,1868.9,monthly
28,synthetic_user_28@example.com,0,Gastos generales,148.82,expense,2026-04-11,1868.9,monthly
28,synthetic_user_28@example.com,0,Ingreso adicional,132.44,expense,2026-04-27,1868.9,monthly
28,synthetic_user_28@example.com,0,Vivienda,167.81,expense,2026-04-27,1868.9,monthly
28,synthetic_user_28@example.com,0,Ingreso adicional,139.58,expense,2026-04-27,1868.9,monthly
28,synthetic_user_28@example.com,0,Educacion,102.65,expense,2026-04-13,1868.9,monthly
28,synthetic_user_28@example.com,0,Servicios,127.3,expense,2026-04-13,1868.9,monthly
28,synthetic_user_28@example.com,0,Gastos generales,16.55,expense,2026-04-19,1868.9,monthly
28,synthetic_user_28@example.com,0,Educacion,95.98,expense,2026-04-17,1868.9,monthly
28,synthetic_user_28@example.com,0,Educacion,115.36,expense,2026-04-12,1868.9,monthly
28,synthetic_user_28@example.com,0,Gastos generales,57.98,expense,2026-04-16,1868.9,monthly
28,synthetic_user_28@example.com,0,Servicios,111.97,expense,2026-04-20,1868.9,monthly
28,synthetic_user_28@example.com,0,Educacion,60.7,expense,2026-04-06,1868.9,monthly
28,synthetic_user_28@example.com,0,Ocio,34.71,expense,2026-04-16,1868.9,monthly
29,synthetic_user_29@example.com,0,Ingreso Base,1881.44,income,2025-11-08,1908.25,monthly
29,synthetic_user_29@example.com,0,Inversion,135.12,investment,2025-11-17,1908.25,monthly
29,synthetic_user_29@example.com,0,Compras,122.23,expense,2025-11-13,1908.25,monthly
29,synthetic_user_29@example.com,0,Ocio,217.26,expense,2025-11-08,1908.25,monthly
29,synthetic_user_29@example.com,0,Ingresos,101.21,expense,2025-11-17,1908.25,monthly
29,synthetic_user_29@example.com,0,Otro,203.9,expense,2025-11-04,1908.25,monthly
29,synthetic_user_29@example.com,0,Suscripciones,181.18,expense,2025-11-24,1908.25,monthly
29,synthetic_user_29@example.com,0,Otro,207.77,expense,2025-11-01,1908.25,monthly
29,synthetic_user_29@example.com,0,Salud,128.89,expense,2025-11-02,1908.25,monthly
29,synthetic_user_29@example.com,0,Vivienda,227.54,expense,2025-11-02,1908.25,monthly
29,synthetic_user_29@example.com,0,Ocio,121.6,expense,2025-11-26,1908.25,monthly
29,synthetic_user_29@example.com,0,Ingreso Base,1723.07,income,2025-12-08,1908.25,monthly
29,synthetic_user_29@example.com,0,Inversion,193.95,investment,2025-12-25,1908.25,monthly
29,synthetic_user_29@example.com,0,Suscripciones,35.05,expense,2025-12-02,1908.25,monthly
29,synthetic_user_29@example.com,0,Vivienda,91.87,expense,2025-12-07,1908.25,monthly
29,synthetic_user_29@example.com,0,Vivienda,55.23,expense,2025-12-06,1908.25,monthly
29,synthetic_user_29@example.com,0,Transporte,78.41,expense,2025-12-20,1908.25,monthly
29,synthetic_user_29@example.com,0,Gastos generales,88.31,expense,2025-12-03,1908.25,monthly
29,synthetic_user_29@example.com,0,Vivienda,106.07,expense,2025-12-26,1908.25,monthly
29,synthetic_user_29@example.com,0,Vivienda,86.07,expense,2025-12-09,1908.25,monthly
29,synthetic_user_29@example.com,0,Salud,125.84,expense,2025-12-16,1908.25,monthly
29,synthetic_user_29@example.com,0,Salud,65.74,expense,2025-12-22,1908.25,monthly
29,synthetic_user_29@example.com,0,Ocio,49.11,expense,2025-12-26,1908.25,monthly
29,synthetic_user_29@example.com,0,Vivienda,101.84,expense,2025-12-16,1908.25,monthly
29,synthetic_user_29@example.com,0,Ingreso adicional,86.88,expense,2025-12-19,1908.25,monthly
29,synthetic_user_29@example.com,0,Otro,74.67,expense,2025-12-27,1908.25,monthly
29,synthetic_user_29@example.com,0,Ingresos,87.47,expense,2025-12-17,1908.25,monthly
29,synthetic_user_29@example.com,0,Ocio,92.59,expense,2025-12-15,1908.25,monthly
29,synthetic_user_29@example.com,0,Ocio,78.82,expense,2025-12-17,1908.25,monthly
29,synthetic_user_29@example.com,0,Educacion,72.94,expense,2025-12-02,1908.25,monthly
29,synthetic_user_29@example.com,0,Suscripciones,89.28,expense,2025-12-21,1908.25,monthly
29,synthetic_user_29@example.com,0,Ingreso Base,2041.94,income,2026-01-07,1908.25,monthly
29,synthetic_user_29@example.com,0,Inversion,242.73,investment,2026-01-29,1908.25,monthly
29,synthetic_user_29@example.com,0,Ocio,107.39,expense,2026-01-01,1908.25,monthly
29,synthetic_user_29@example.com,0,Salud,136.81,expense,2026-01-10,1908.25,monthly
29,synthetic_user_29@example.com,0,Salud,180.17,expense,2026-01-25,1908.25,monthly
29,synthetic_user_29@example.com,0,Otro,155.29,expense,2026-01-25,1908.25,monthly
29,synthetic_user_29@example.com,0,Suscripciones,136.66,expense,2026-01-07,1908.25,monthly
29,synthetic_user_29@example.com,0,Salud,157.74,expense,2026-01-15,1908.25,monthly
29,synthetic_user_29@example.com,0,Suscripciones,167.17,expense,2026-01-17,1908.25,monthly
29,synthetic_user_29@example.com,0,Transporte,129.66,expense,2026-01-21,1908.25,monthly
29,synthetic_user_29@example.com,0,Otro,156.01,expense,2026-01-04,1908.25,monthly
29,synthetic_user_29@example.com,0,Ingresos,166.75,expense,2026-01-09,1908.25,monthly
29,synthetic_user_29@example.com,0,Ingreso Base,2059.43,income,2026-02-06,1908.25,monthly
29,synthetic_user_29@example.com,0,Inversion,257.27,investment,2026-02-21,1908.25,monthly
29,synthetic_user_29@example.com,0,Ingreso adicional,134.35,expense,2026-02-08,1908.25,monthly
29,synthetic_user_29@example.com,0,Compras,82.83,expense,2026-02-18,1908.25,monthly
29,synthetic_user_29@example.com,0,Transporte,170.48,expense,2026-02-19,1908.25,monthly
29,synthetic_user_29@example.com,0,Compras,57.75,expense,2026-02-21,1908.25,monthly
29,synthetic_user_29@example.com,0,Otro,165.93,expense,2026-02-18,1908.25,monthly
29,synthetic_user_29@example.com,0,Ocio,99.99,expense,2026-02-01,1908.25,monthly
29,synthetic_user_29@example.com,0,Ingresos,141.03,expense,2026-02-02,1908.25,monthly
29,synthetic_user_29@example.com,0,Salud,130.55,expense,2026-02-16,1908.25,monthly
29,synthetic_user_29@example.com,0,Salud,265.56,expense,2026-02-08,1908.25,monthly
29,synthetic_user_29@example.com,0,Servicios,112.18,expense,2026-02-23,1908.25,monthly
29,synthetic_user_29@example.com,0,Ingreso Base,1972.52,income,2026-03-08,1908.25,monthly
29,synthetic_user_29@example.com,0,Inversion,144.65,investment,2026-03-30,1908.25,monthly
29,synthetic_user_29@example.com,0,Alimentacion,111.09,expense,2026-03-09,1908.25,monthly
29,synthetic_user_29@example.com,0,Salud,70.69,expense,2026-03-23,1908.25,monthly
29,synthetic_user_29@example.com,0,Salud,113.01,expense,2026-03-20,1908.25,monthly
29,synthetic_user_29@example.com,0,Educacion,70.55,expense,2026-03-18,1908.25,monthly
29,synthetic_user_29@example.com,0,Vivienda,87.9,expense,2026-03-12,1908.25,monthly
29,synthetic_user_29@example.com,0,Salud,109.34,expense,2026-03-16,1908.25,monthly
29,synthetic_user_29@example.com,0,Otro,87.97,expense,2026-03-11,1908.25,monthly
29,synthetic_user_29@example.com,0,Ocio,81.17,expense,2026-03-19,1908.25,monthly
29,synthetic_user_29@example.com,0,Ocio,93.98,expense,2026-03-25,1908.25,monthly
29,synthetic_user_29@example.com,0,Otro,107.04,expense,2026-03-10,1908.25,monthly
29,synthetic_user_29@example.com,0,Ocio,42.91,expense,2026-03-09,1908.25,monthly
29,synthetic_user_29@example.com,0,Educacion,79.61,expense,2026-03-09,1908.25,monthly
29,synthetic_user_29@example.com,0,Gastos generales,69.23,expense,2026-03-04,1908.25,monthly
29,synthetic_user_29@example.com,0,Otro,125.38,expense,2026-03-04,1908.25,monthly
29,synthetic_user_29@example.com,0,Salud,102.41,expense,2026-03-14,1908.25,monthly
29,synthetic_user_29@example.com,0,Transporte,78.17,expense,2026-03-09,1908.25,monthly
29,synthetic_user_29@example.com,0,Ingreso Base,1840.9,income,2026-04-07,1908.25,monthly
29,synthetic_user_29@example.com,0,Inversion,195.87,investment,2026-04-24,1908.25,monthly
29,synthetic_user_29@example.com,0,Ingreso adicional,60.96,expense,2026-04-25,1908.25,monthly
29,synthetic_user_29@example.com,0,Transporte,52.93,expense,2026-04-23,1908.25,monthly
29,synthetic_user_29@example.com,0,Otro,48.3,expense,2026-04-22,1908.25,monthly
29,synthetic_user_29@example.com,0,Servicios,51.18,expense,2026-04-24,1908.25,monthly
29,synthetic_user_29@example.com,0,Ingreso adicional,62.32,expense,2026-04-15,1908.25,monthly
29,synthetic_user_29@example.com,0,Transporte,49.98,expense,2026-04-26,1908.25,monthly
29,synthetic_user_29@example.com,0,Educacion,98.92,expense,2026-04-26,1908.25,monthly
29,synthetic_user_29@example.com,0,Salud,80.32,expense,2026-04-18,1908.25,monthly
29,synthetic_user_29@example.com,0,Alimentacion,114.32,expense,2026-04-26,1908.25,monthly
29,synthetic_user_29@example.com,0,Ingresos,58.89,expense,2026-04-21,1908.25,monthly
29,synthetic_user_29@example.com,0,Gastos generales,46.73,expense,2026-04-04,1908.25,monthly
29,synthetic_user_29@example.com,0,Vivienda,66.65,expense,2026-04-04,1908.25,monthly
29,synthetic_user_29@example.com,0,Suscripciones,34.55,expense,2026-04-06,1908.25,monthly
29,synthetic_user_29@example.com,0,Otro,75.89,expense,2026-04-18,1908.25,monthly
29,synthetic_user_29@example.com,0,rappi,81.74,expense,2026-04-09,1908.25,monthly
29,synthetic_user_29@example.com,0,Ocio,76.44,expense,2026-04-05,1908.25,monthly
30,synthetic_user_30@example.com,0,Ingreso Base,1511.65,income,2025-11-08,1499.4,monthly
30,synthetic_user_30@example.com,0,Inversion,68.85,investment,2025-11-18,1499.4,monthly
30,synthetic_user_30@example.com,0,Salud,98.35,expense,2025-11-03,1499.4,monthly
30,synthetic_user_30@example.com,0,Ingreso adicional,67.41,expense,2025-11-20,1499.4,monthly
30,synthetic_user_30@example.com,0,Ocio,55.84,expense,2025-11-23,1499.4,monthly
30,synthetic_user_30@example.com,0,Transporte,75.58,expense,2025-11-21,1499.4,monthly
30,synthetic_user_30@example.com,0,Salud,51.55,expense,2025-11-18,1499.4,monthly
30,synthetic_user_30@example.com,0,Educacion,109.4,expense,2025-11-18,1499.4,monthly
30,synthetic_user_30@example.com,0,Educacion,81.47,expense,2025-11-09,1499.4,monthly
30,synthetic_user_30@example.com,0,Otro,76.5,expense,2025-11-14,1499.4,monthly
30,synthetic_user_30@example.com,0,Suscripciones,116.43,expense,2025-11-20,1499.4,monthly
30,synthetic_user_30@example.com,0,Ocio,48.33,expense,2025-11-05,1499.4,monthly
30,synthetic_user_30@example.com,0,Alimentacion,55.2,expense,2025-11-16,1499.4,monthly
30,synthetic_user_30@example.com,0,Otro,66.7,expense,2025-11-19,1499.4,monthly
30,synthetic_user_30@example.com,0,Servicios,56.4,expense,2025-11-06,1499.4,monthly
30,synthetic_user_30@example.com,0,Ocio,51.48,expense,2025-11-27,1499.4,monthly
30,synthetic_user_30@example.com,0,Salud,45.73,expense,2025-11-22,1499.4,monthly
30,synthetic_user_30@example.com,0,Educacion,74.82,expense,2025-11-02,1499.4,monthly
30,synthetic_user_30@example.com,0,Salud,60.42,expense,2025-11-13,1499.4,monthly
30,synthetic_user_30@example.com,0,Ingreso adicional,66.85,expense,2025-11-08,1499.4,monthly
30,synthetic_user_30@example.com,0,Educacion,69.54,expense,2025-11-25,1499.4,monthly
30,synthetic_user_30@example.com,0,Ingreso Base,1427.57,income,2025-12-08,1499.4,monthly
30,synthetic_user_30@example.com,0,Inversion,61.57,investment,2025-12-19,1499.4,monthly
30,synthetic_user_30@example.com,0,Alimentacion,90.37,expense,2025-12-04,1499.4,monthly
30,synthetic_user_30@example.com,0,Ingreso adicional,79.21,expense,2025-12-01,1499.4,monthly
30,synthetic_user_30@example.com,0,Ingreso adicional,74.4,expense,2025-12-26,1499.4,monthly
30,synthetic_user_30@example.com,0,Educacion,113.93,expense,2025-12-09,1499.4,monthly
30,synthetic_user_30@example.com,0,Alimentacion,106.56,expense,2025-12-16,1499.4,monthly
30,synthetic_user_30@example.com,0,Salud,71.31,expense,2025-12-20,1499.4,monthly
30,synthetic_user_30@example.com,0,Educacion,9.19,expense,2025-12-10,1499.4,monthly
30,synthetic_user_30@example.com,0,Ingreso adicional,138.95,expense,2025-12-27,1499.4,monthly
30,synthetic_user_30@example.com,0,Ocio,160.28,expense,2025-12-19,1499.4,monthly
30,synthetic_user_30@example.com,0,Transporte,67.47,expense,2025-12-15,1499.4,monthly
30,synthetic_user_30@example.com,0,Compras,109.64,expense,2025-12-02,1499.4,monthly
30,synthetic_user_30@example.com,0,Ingreso Base,1455.6,income,2026-01-07,1499.4,monthly
30,synthetic_user_30@example.com,0,Inversion,98.48,investment,2026-01-29,1499.4,monthly
30,synthetic_user_30@example.com,0,Transporte,128.69,expense,2026-01-01,1499.4,monthly
30,synthetic_user_30@example.com,0,Educacion,66.25,expense,2026-01-08,1499.4,monthly
30,synthetic_user_30@example.com,0,Salud,99.22,expense,2026-01-06,1499.4,monthly
30,synthetic_user_30@example.com,0,Compras,81.63,expense,2026-01-25,1499.4,monthly
30,synthetic_user_30@example.com,0,Servicios,116.96,expense,2026-01-05,1499.4,monthly
30,synthetic_user_30@example.com,0,Educacion,95.37,expense,2026-01-07,1499.4,monthly
30,synthetic_user_30@example.com,0,Otro,77.13,expense,2026-01-10,1499.4,monthly
30,synthetic_user_30@example.com,0,Ingresos,81.77,expense,2026-01-06,1499.4,monthly
30,synthetic_user_30@example.com,0,Ingreso adicional,84.35,expense,2026-01-08,1499.4,monthly
30,synthetic_user_30@example.com,0,Ocio,41.71,expense,2026-01-13,1499.4,monthly
30,synthetic_user_30@example.com,0,Salud,68.5,expense,2026-01-15,1499.4,monthly
30,synthetic_user_30@example.com,0,Transporte,115.49,expense,2026-01-19,1499.4,monthly
30,synthetic_user_30@example.com,0,Ingreso adicional,67.52,expense,2026-01-01,1499.4,monthly
30,synthetic_user_30@example.com,0,Salud,118.75,expense,2026-01-18,1499.4,monthly
30,synthetic_user_30@example.com,0,Ingreso adicional,97.48,expense,2026-01-19,1499.4,monthly
30,synthetic_user_30@example.com,0,Ingreso Base,1333.84,income,2026-02-06,1499.4,monthly
30,synthetic_user_30@example.com,0,Inversion,53.37,investment,2026-02-14,1499.4,monthly
30,synthetic_user_30@example.com,0,Ingreso adicional,37.93,expense,2026-02-04,1499.4,monthly
30,synthetic_user_30@example.com,0,Educacion,55.59,expense,2026-02-04,1499.4,monthly
30,synthetic_user_30@example.com,0,Ingreso adicional,43.86,expense,2026-02-18,1499.4,monthly
30,synthetic_user_30@example.com,0,Ingreso adicional,85.03,expense,2026-02-18,1499.4,monthly
30,synthetic_user_30@example.com,0,Ocio,76.41,expense,2026-02-17,1499.4,monthly
30,synthetic_user_30@example.com,0,Salud,59.21,expense,2026-02-03,1499.4,monthly
30,synthetic_user_30@example.com,0,rappi,58.83,expense,2026-02-18,1499.4,monthly
30,synthetic_user_30@example.com,0,Alimentacion,31.86,expense,2026-02-01,1499.4,monthly
30,synthetic_user_30@example.com,0,Salud,7.84,expense,2026-02-16,1499.4,monthly
30,synthetic_user_30@example.com,0,Compras,44.49,expense,2026-02-05,1499.4,monthly
30,synthetic_user_30@example.com,0,Educacion,65.22,expense,2026-02-17,1499.4,monthly
30,synthetic_user_30@example.com,0,Ocio,41.28,expense,2026-02-27,1499.4,monthly
30,synthetic_user_30@example.com,0,Salud,55.22,expense,2026-02-25,1499.4,monthly
30,synthetic_user_30@example.com,0,Suscripciones,2.0,expense,2026-02-23,1499.4,monthly
30,synthetic_user_30@example.com,0,Ingreso adicional,78.89,expense,2026-02-15,1499.4,monthly
30,synthetic_user_30@example.com,0,Educacion,81.38,expense,2026-02-20,1499.4,monthly
30,synthetic_user_30@example.com,0,rappi,32.31,expense,2026-02-01,1499.4,monthly
30,synthetic_user_30@example.com,0,Educacion,54.77,expense,2026-02-14,1499.4,monthly
30,synthetic_user_30@example.com,0,Ingreso Base,1347.81,income,2026-03-08,1499.4,monthly
30,synthetic_user_30@example.com,0,Inversion,68.19,investment,2026-03-14,1499.4,monthly
30,synthetic_user_30@example.com,0,Salud,149.08,expense,2026-03-12,1499.4,monthly
30,synthetic_user_30@example.com,0,Compras,163.6,expense,2026-03-21,1499.4,monthly
30,synthetic_user_30@example.com,0,Educacion,130.85,expense,2026-03-24,1499.4,monthly
30,synthetic_user_30@example.com,0,Salud,206.26,expense,2026-03-22,1499.4,monthly
30,synthetic_user_30@example.com,0,Compras,176.53,expense,2026-03-15,1499.4,monthly
30,synthetic_user_30@example.com,0,Compras,192.73,expense,2026-03-09,1499.4,monthly
30,synthetic_user_30@example.com,0,Servicios,102.1,expense,2026-03-10,1499.4,monthly
30,synthetic_user_30@example.com,0,Ingreso adicional,118.05,expense,2026-03-02,1499.4,monthly
30,synthetic_user_30@example.com,0,Ingreso Base,1562.36,income,2026-04-07,1499.4,monthly
30,synthetic_user_30@example.com,0,Inversion,58.92,investment,2026-04-20,1499.4,monthly
30,synthetic_user_30@example.com,0,Ocio,99.1,expense,2026-04-17,1499.4,monthly
30,synthetic_user_30@example.com,0,Servicios,92.41,expense,2026-04-16,1499.4,monthly
30,synthetic_user_30@example.com,0,Educacion,55.76,expense,2026-04-15,1499.4,monthly
30,synthetic_user_30@example.com,0,Salud,81.4,expense,2026-04-16,1499.4,monthly
30,synthetic_user_30@example.com,0,Ingreso adicional,140.52,expense,2026-04-17,1499.4,monthly
30,synthetic_user_30@example.com,0,Ocio,90.43,expense,2026-04-20,1499.4,monthly
30,synthetic_user_30@example.com,0,Transporte,87.08,expense,2026-04-27,1499.4,monthly
30,synthetic_user_30@example.com,0,Ocio,96.11,expense,2026-04-09,1499.4,monthly
30,synthetic_user_30@example.com,0,Educacion,78.98,expense,2026-04-13,1499.4,monthly
30,synthetic_user_30@example.com,0,Compras,118.12,expense,2026-04-06,1499.4,monthly
30,synthetic_user_30@example.com,0,Compras,104.54,expense,2026-04-12,1499.4,monthly
30,synthetic_user_30@example.com,0,Educacion,132.45,expense,2026-04-15,1499.4,monthly
30,synthetic_user_30@example.com,0,Ocio,58.49,expense,2026-04-13,1499.4,monthly
30,synthetic_user_30@example.com,0,Educacion,73.26,expense,2026-04-04,1499.4,monthly
31,synthetic_user_31@example.com,0,Ingreso Base,2155.52,income,2025-11-08,2128.57,monthly
31,synthetic_user_31@example.com,0,Inversion,192.7,investment,2025-12-01,2128.57,monthly
31,synthetic_user_31@example.com,0,Salud,107.77,expense,2025-11-06,2128.57,monthly
31,synthetic_user_31@example.com,0,Salud,6.63,expense,2025-11-05,2128.57,monthly
31,synthetic_user_31@example.com,0,Educacion,132.52,expense,2025-11-11,2128.57,monthly
31,synthetic_user_31@example.com,0,Servicios,175.93,expense,2025-11-22,2128.57,monthly
31,synthetic_user_31@example.com,0,Alimentacion,132.09,expense,2025-11-01,2128.57,monthly
31,synthetic_user_31@example.com,0,Suscripciones,101.83,expense,2025-11-15,2128.57,monthly
31,synthetic_user_31@example.com,0,Salud,53.39,expense,2025-11-16,2128.57,monthly
31,synthetic_user_31@example.com,0,Gastos generales,133.41,expense,2025-11-24,2128.57,monthly
31,synthetic_user_31@example.com,0,Ingresos,128.16,expense,2025-11-25,2128.57,monthly
31,synthetic_user_31@example.com,0,Alimentacion,74.86,expense,2025-11-04,2128.57,monthly
31,synthetic_user_31@example.com,0,Alimentacion,98.32,expense,2025-11-24,2128.57,monthly
31,synthetic_user_31@example.com,0,Transporte,180.14,expense,2025-11-12,2128.57,monthly
31,synthetic_user_31@example.com,0,Suscripciones,105.59,expense,2025-11-15,2128.57,monthly
31,synthetic_user_31@example.com,0,Salud,126.14,expense,2025-11-20,2128.57,monthly
31,synthetic_user_31@example.com,0,Salud,120.33,expense,2025-11-22,2128.57,monthly
31,synthetic_user_31@example.com,0,Ingreso Base,2256.81,income,2025-12-08,2128.57,monthly
31,synthetic_user_31@example.com,0,Inversion,174.76,investment,2025-12-21,2128.57,monthly
31,synthetic_user_31@example.com,0,Salud,149.56,expense,2025-12-22,2128.57,monthly
31,synthetic_user_31@example.com,0,Salud,207.0,expense,2025-12-16,2128.57,monthly
31,synthetic_user_31@example.com,0,Ingresos,157.55,expense,2025-12-22,2128.57,monthly
31,synthetic_user_31@example.com,0,Ingreso adicional,86.43,expense,2025-12-25,2128.57,monthly
31,synthetic_user_31@example.com,0,Ingreso adicional,261.88,expense,2025-12-12,2128.57,monthly
31,synthetic_user_31@example.com,0,Gastos generales,12.91,expense,2025-12-13,2128.57,monthly
31,synthetic_user_31@example.com,0,Vivienda,209.53,expense,2025-12-16,2128.57,monthly
31,synthetic_user_31@example.com,0,Alimentacion,167.93,expense,2025-12-13,2128.57,monthly
31,synthetic_user_31@example.com,0,Gastos generales,266.94,expense,2025-12-18,2128.57,monthly
31,synthetic_user_31@example.com,0,Vivienda,250.26,expense,2025-12-26,2128.57,monthly
31,synthetic_user_31@example.com,0,Ingreso Base,2242.15,income,2026-01-07,2128.57,monthly
31,synthetic_user_31@example.com,0,Inversion,108.06,investment,2026-01-25,2128.57,monthly
31,synthetic_user_31@example.com,0,Otro,132.34,expense,2026-01-03,2128.57,monthly
31,synthetic_user_31@example.com,0,Salud,60.79,expense,2026-01-12,2128.57,monthly
31,synthetic_user_31@example.com,0,Alimentacion,148.54,expense,2026-01-24,2128.57,monthly
31,synthetic_user_31@example.com,0,Ocio,89.58,expense,2026-01-12,2128.57,monthly
31,synthetic_user_31@example.com,0,Alimentacion,104.88,expense,2026-01-14,2128.57,monthly
31,synthetic_user_31@example.com,0,Otro,90.51,expense,2026-01-25,2128.57,monthly
31,synthetic_user_31@example.com,0,Salud,49.6,expense,2026-01-23,2128.57,monthly
31,synthetic_user_31@example.com,0,Educacion,105.13,expense,2026-01-24,2128.57,monthly
31,synthetic_user_31@example.com,0,Vivienda,99.1,expense,2026-01-05,2128.57,monthly
31,synthetic_user_31@example.com,0,Educacion,174.95,expense,2026-01-24,2128.57,monthly
31,synthetic_user_31@example.com,0,Vivienda,90.15,expense,2026-01-24,2128.57,monthly
31,synthetic_user_31@example.com,0,Alimentacion,85.64,expense,2026-01-24,2128.57,monthly
31,synthetic_user_31@example.com,0,Salud,155.34,expense,2026-01-10,2128.57,monthly
31,synthetic_user_31@example.com,0,Educacion,95.8,expense,2026-01-19,2128.57,monthly
31,synthetic_user_31@example.com,0,Otro,95.36,expense,2026-01-10,2128.57,monthly
31,synthetic_user_31@example.com,0,Alimentacion,117.79,expense,2026-01-19,2128.57,monthly
31,synthetic_user_31@example.com,0,Alimentacion,117.01,expense,2026-01-19,2128.57,monthly
31,synthetic_user_31@example.com,0,Ingreso Base,1841.3,income,2026-02-06,2128.57,monthly
31,synthetic_user_31@example.com,0,Inversion,132.86,investment,2026-02-16,2128.57,monthly
31,synthetic_user_31@example.com,0,Otro,33.47,expense,2026-02-20,2128.57,monthly
31,synthetic_user_31@example.com,0,Salud,131.73,expense,2026-02-18,2128.57,monthly
31,synthetic_user_31@example.com,0,Alimentacion,161.02,expense,2026-02-17,2128.57,monthly
31,synthetic_user_31@example.com,0,Suscripciones,106.49,expense,2026-02-06,2128.57,monthly
31,synthetic_user_31@example.com,0,Suscripciones,128.2,expense,2026-02-05,2128.57,monthly
31,synthetic_user_31@example.com,0,Educacion,114.06,expense,2026-02-27,2128.57,monthly
31,synthetic_user_31@example.com,0,Educacion,20.95,expense,2026-02-12,2128.57,monthly
31,synthetic_user_31@example.com,0,Alimentacion,32.09,expense,2026-02-10,2128.57,monthly
31,synthetic_user_31@example.com,0,Educacion,44.51,expense,2026-02-25,2128.57,monthly
31,synthetic_user_31@example.com,0,Alimentacion,120.28,expense,2026-02-24,2128.57,monthly
31,synthetic_user_31@example.com,0,Salud,59.28,expense,2026-02-01,2128.57,monthly
31,synthetic_user_31@example.com,0,Salud,106.18,expense,2026-02-08,2128.57,monthly
31,synthetic_user_31@example.com,0,Alimentacion,129.67,expense,2026-02-07,2128.57,monthly
31,synthetic_user_31@example.com,0,Suscripciones,79.09,expense,2026-02-15,2128.57,monthly
31,synthetic_user_31@example.com,0,Salud,93.44,expense,2026-02-22,2128.57,monthly
31,synthetic_user_31@example.com,0,Ingreso Base,2286.27,income,2026-03-08,2128.57,monthly
31,synthetic_user_31@example.com,0,Inversion,240.04,investment,2026-03-28,2128.57,monthly
31,synthetic_user_31@example.com,0,Educacion,156.44,expense,2026-03-23,2128.57,monthly
31,synthetic_user_31@example.com,0,Gastos generales,115.27,expense,2026-03-25,2128.57,monthly
31,synthetic_user_31@example.com,0,Educacion,61.88,expense,2026-03-14,2128.57,monthly
31,synthetic_user_31@example.com,0,Gastos generales,88.65,expense,2026-03-23,2128.57,monthly
31,synthetic_user_31@example.com,0,Educacion,102.48,expense,2026-03-16,2128.57,monthly
31,synthetic_user_31@example.com,0,Gastos generales,109.31,expense,2026-03-23,2128.57,monthly
31,synthetic_user_31@example.com,0,Salud,52.22,expense,2026-03-03,2128.57,monthly
31,synthetic_user_31@example.com,0,Salud,134.71,expense,2026-03-02,2128.57,monthly
31,synthetic_user_31@example.com,0,Otro,124.25,expense,2026-03-27,2128.57,monthly
31,synthetic_user_31@example.com,0,Gastos generales,67.77,expense,2026-03-20,2128.57,monthly
31,synthetic_user_31@example.com,0,Gastos generales,152.88,expense,2026-03-20,2128.57,monthly
31,synthetic_user_31@example.com,0,Transporte,162.28,expense,2026-03-08,2128.57,monthly
31,synthetic_user_31@example.com,0,Salud,93.35,expense,2026-03-20,2128.57,monthly
31,synthetic_user_31@example.com,0,Ingreso adicional,15.45,expense,2026-03-19,2128.57,monthly
31,synthetic_user_31@example.com,0,Vivienda,97.46,expense,2026-03-05,2128.57,monthly
31,synthetic_user_31@example.com,0,Salud,66.78,expense,2026-03-21,2128.57,monthly
31,synthetic_user_31@example.com,0,Ingreso Base,1974.48,income,2026-04-07,2128.57,monthly
31,synthetic_user_31@example.com,0,Inversion,131.38,investment,2026-05-01,2128.57,monthly
31,synthetic_user_31@example.com,0,Otro,73.93,expense,2026-04-17,2128.57,monthly
31,synthetic_user_31@example.com,0,Otro,57.86,expense,2026-04-11,2128.57,monthly
31,synthetic_user_31@example.com,0,Suscripciones,94.88,expense,2026-04-17,2128.57,monthly
31,synthetic_user_31@example.com,0,Vivienda,52.59,expense,2026-04-05,2128.57,monthly
31,synthetic_user_31@example.com,0,Vivienda,25.85,expense,2026-04-04,2128.57,monthly
31,synthetic_user_31@example.com,0,Ingreso adicional,155.61,expense,2026-04-20,2128.57,monthly
31,synthetic_user_31@example.com,0,Gastos generales,121.47,expense,2026-04-24,2128.57,monthly
31,synthetic_user_31@example.com,0,Salud,88.31,expense,2026-04-19,2128.57,monthly
31,synthetic_user_31@example.com,0,Suscripciones,64.46,expense,2026-04-11,2128.57,monthly
31,synthetic_user_31@example.com,0,Suscripciones,64.19,expense,2026-04-08,2128.57,monthly
31,synthetic_user_31@example.com,0,Salud,97.71,expense,2026-04-05,2128.57,monthly
31,synthetic_user_31@example.com,0,Educacion,77.53,expense,2026-04-02,2128.57,monthly
31,synthetic_user_31@example.com,0,Gastos generales,114.1,expense,2026-04-16,2128.57,monthly
31,synthetic_user_31@example.com,0,Salud,90.62,expense,2026-04-04,2128.57,monthly
31,synthetic_user_31@example.com,0,Alimentacion,52.89,expense,2026-04-06,2128.57,monthly
31,synthetic_user_31@example.com,0,Salud,74.36,expense,2026-04-20,2128.57,monthly
32,synthetic_user_32@example.com,0,Ingreso Base,2273.0,income,2025-11-08,2316.54,monthly
32,synthetic_user_32@example.com,0,Inversion,154.41,investment,2025-11-18,2316.54,monthly
32,synthetic_user_32@example.com,0,Otro,176.12,expense,2025-11-26,2316.54,monthly
32,synthetic_user_32@example.com,0,Salud,126.78,expense,2025-11-13,2316.54,monthly
32,synthetic_user_32@example.com,0,rappi,136.84,expense,2025-11-26,2316.54,monthly
32,synthetic_user_32@example.com,0,Transporte,205.91,expense,2025-11-18,2316.54,monthly
32,synthetic_user_32@example.com,0,Suscripciones,98.59,expense,2025-11-26,2316.54,monthly
32,synthetic_user_32@example.com,0,Alimentacion,100.1,expense,2025-11-15,2316.54,monthly
32,synthetic_user_32@example.com,0,Servicios,137.6,expense,2025-11-02,2316.54,monthly
32,synthetic_user_32@example.com,0,Ocio,74.44,expense,2025-11-18,2316.54,monthly
32,synthetic_user_32@example.com,0,Compras,165.5,expense,2025-11-26,2316.54,monthly
32,synthetic_user_32@example.com,0,Servicios,164.72,expense,2025-11-22,2316.54,monthly
32,synthetic_user_32@example.com,0,Suscripciones,94.59,expense,2025-11-21,2316.54,monthly
32,synthetic_user_32@example.com,0,Ingreso adicional,112.54,expense,2025-11-05,2316.54,monthly
32,synthetic_user_32@example.com,0,rappi,91.44,expense,2025-11-16,2316.54,monthly
32,synthetic_user_32@example.com,0,Suscripciones,217.38,expense,2025-11-07,2316.54,monthly
32,synthetic_user_32@example.com,0,Ingreso Base,2501.08,income,2025-12-08,2316.54,monthly
32,synthetic_user_32@example.com,0,Inversion,225.44,investment,2025-12-11,2316.54,monthly
32,synthetic_user_32@example.com,0,Servicios,222.98,expense,2025-12-20,2316.54,monthly
32,synthetic_user_32@example.com,0,Transporte,208.43,expense,2025-12-08,2316.54,monthly
32,synthetic_user_32@example.com,0,Salud,388.91,expense,2025-12-26,2316.54,monthly
32,synthetic_user_32@example.com,0,Ocio,246.16,expense,2025-12-25,2316.54,monthly
32,synthetic_user_32@example.com,0,rappi,128.81,expense,2025-12-20,2316.54,monthly
32,synthetic_user_32@example.com,0,Compras,323.98,expense,2025-12-04,2316.54,monthly
32,synthetic_user_32@example.com,0,Servicios,224.52,expense,2025-12-16,2316.54,monthly
32,synthetic_user_32@example.com,0,Otro,208.41,expense,2025-12-02,2316.54,monthly
32,synthetic_user_32@example.com,0,Alimentacion,303.11,expense,2025-12-14,2316.54,monthly
32,synthetic_user_32@example.com,0,Transporte,255.22,expense,2025-12-17,2316.54,monthly
32,synthetic_user_32@example.com,0,Ingreso Base,2426.0,income,2026-01-07,2316.54,monthly
32,synthetic_user_32@example.com,0,Inversion,238.86,investment,2026-01-28,2316.54,monthly
32,synthetic_user_32@example.com,0,Suscripciones,50.47,expense,2026-01-06,2316.54,monthly
32,synthetic_user_32@example.com,0,Ocio,93.77,expense,2026-01-25,2316.54,monthly
32,synthetic_user_32@example.com,0,Suscripciones,116.93,expense,2026-01-11,2316.54,monthly
32,synthetic_user_32@example.com,0,Suscripciones,77.41,expense,2026-01-01,2316.54,monthly
32,synthetic_user_32@example.com,0,Compras,111.18,expense,2026-01-16,2316.54,monthly
32,synthetic_user_32@example.com,0,Suscripciones,125.39,expense,2026-01-03,2316.54,monthly
32,synthetic_user_32@example.com,0,Transporte,167.42,expense,2026-01-18,2316.54,monthly
32,synthetic_user_32@example.com,0,Suscripciones,176.03,expense,2026-01-11,2316.54,monthly
32,synthetic_user_32@example.com,0,Alimentacion,101.95,expense,2026-01-05,2316.54,monthly
32,synthetic_user_32@example.com,0,Alimentacion,160.06,expense,2026-01-01,2316.54,monthly
32,synthetic_user_32@example.com,0,Ocio,90.56,expense,2026-01-12,2316.54,monthly
32,synthetic_user_32@example.com,0,Salud,101.17,expense,2026-01-03,2316.54,monthly
32,synthetic_user_32@example.com,0,Gastos generales,196.91,expense,2026-01-14,2316.54,monthly
32,synthetic_user_32@example.com,0,rappi,60.33,expense,2026-01-17,2316.54,monthly
32,synthetic_user_32@example.com,0,Suscripciones,64.59,expense,2026-01-06,2316.54,monthly
32,synthetic_user_32@example.com,0,Compras,127.41,expense,2026-01-15,2316.54,monthly
32,synthetic_user_32@example.com,0,rappi,100.38,expense,2026-01-23,2316.54,monthly
32,synthetic_user_32@example.com,0,Ingreso Base,2622.39,income,2026-02-06,2316.54,monthly
32,synthetic_user_32@example.com,0,Inversion,195.59,investment,2026-02-12,2316.54,monthly
32,synthetic_user_32@example.com,0,Gastos generales,180.34,expense,2026-02-24,2316.54,monthly
32,synthetic_user_32@example.com,0,Gastos generales,254.44,expense,2026-02-27,2316.54,monthly
32,synthetic_user_32@example.com,0,Gastos generales,159.02,expense,2026-02-10,2316.54,monthly
32,synthetic_user_32@example.com,0,Otro,235.52,expense,2026-02-13,2316.54,monthly
32,synthetic_user_32@example.com,0,Transporte,116.65,expense,2026-02-01,2316.54,monthly
32,synthetic_user_32@example.com,0,Suscripciones,177.13,expense,2026-02-20,2316.54,monthly
32,synthetic_user_32@example.com,0,Vivienda,77.36,expense,2026-02-06,2316.54,monthly
32,synthetic_user_32@example.com,0,Compras,148.48,expense,2026-02-17,2316.54,monthly
32,synthetic_user_32@example.com,0,Vivienda,236.12,expense,2026-02-05,2316.54,monthly
32,synthetic_user_32@example.com,0,Alimentacion,273.24,expense,2026-02-20,2316.54,monthly
32,synthetic_user_32@example.com,0,Compras,78.51,expense,2026-02-07,2316.54,monthly
32,synthetic_user_32@example.com,0,Suscripciones,196.42,expense,2026-02-11,2316.54,monthly
32,synthetic_user_32@example.com,0,Ingreso Base,2171.91,income,2026-03-08,2316.54,monthly
32,synthetic_user_32@example.com,0,Inversion,115.7,investment,2026-03-30,2316.54,monthly
32,synthetic_user_32@example.com,0,rappi,80.62,expense,2026-03-12,2316.54,monthly
32,synthetic_user_32@example.com,0,Suscripciones,269.81,expense,2026-03-12,2316.54,monthly
32,synthetic_user_32@example.com,0,Salud,156.69,expense,2026-03-25,2316.54,monthly
32,synthetic_user_32@example.com,0,Ingreso adicional,247.5,expense,2026-03-25,2316.54,monthly
32,synthetic_user_32@example.com,0,Vivienda,230.86,expense,2026-03-09,2316.54,monthly
32,synthetic_user_32@example.com,0,Gastos generales,184.31,expense,2026-03-15,2316.54,monthly
32,synthetic_user_32@example.com,0,Servicios,235.76,expense,2026-03-09,2316.54,monthly
32,synthetic_user_32@example.com,0,Servicios,282.82,expense,2026-03-08,2316.54,monthly
32,synthetic_user_32@example.com,0,Suscripciones,308.23,expense,2026-03-25,2316.54,monthly
32,synthetic_user_32@example.com,0,Transporte,166.8,expense,2026-03-07,2316.54,monthly
32,synthetic_user_32@example.com,0,Ingreso Base,2007.59,income,2026-04-07,2316.54,monthly
32,synthetic_user_32@example.com,0,Inversion,170.66,investment,2026-04-14,2316.54,monthly
32,synthetic_user_32@example.com,0,Compras,119.15,expense,2026-04-07,2316.54,monthly
32,synthetic_user_32@example.com,0,rappi,222.19,expense,2026-04-17,2316.54,monthly
32,synthetic_user_32@example.com,0,Transporte,193.57,expense,2026-04-08,2316.54,monthly
32,synthetic_user_32@example.com,0,Salud,156.85,expense,2026-04-10,2316.54,monthly
32,synthetic_user_32@example.com,0,Transporte,201.13,expense,2026-04-25,2316.54,monthly
32,synthetic_user_32@example.com,0,Suscripciones,115.97,expense,2026-04-11,2316.54,monthly
32,synthetic_user_32@example.com,0,rappi,200.52,expense,2026-04-05,2316.54,monthly
32,synthetic_user_32@example.com,0,rappi,100.21,expense,2026-04-11,2316.54,monthly
32,synthetic_user_32@example.com,0,Compras,150.62,expense,2026-04-06,2316.54,monthly
32,synthetic_user_32@example.com,0,Otro,128.56,expense,2026-04-03,2316.54,monthly
32,synthetic_user_32@example.com,0,Compras,144.61,expense,2026-04-08,2316.54,monthly
32,synthetic_user_32@example.com,0,Vivienda,125.08,expense,2026-04-11,2316.54,monthly
32,synthetic_user_32@example.com,0,Ocio,111.38,expense,2026-04-15,2316.54,monthly
32,synthetic_user_32@example.com,0,Otro,249.88,expense,2026-04-11,2316.54,monthly
33,synthetic_user_33@example.com,0,Ingreso Base,792.31,income,2025-11-08,824.87,monthly
33,synthetic_user_33@example.com,0,Inversion,36.51,investment,2025-12-01,824.87,monthly
33,synthetic_user_33@example.com,0,Alimentacion,52.48,expense,2025-11-06,824.87,monthly
33,synthetic_user_33@example.com,0,Gastos generales,47.0,expense,2025-11-08,824.87,monthly
33,synthetic_user_33@example.com,0,Gastos generales,47.2,expense,2025-11-12,824.87,monthly
33,synthetic_user_33@example.com,0,Gastos generales,16.57,expense,2025-11-18,824.87,monthly
33,synthetic_user_33@example.com,0,Ingreso adicional,20.01,expense,2025-11-25,824.87,monthly
33,synthetic_user_33@example.com,0,Gastos generales,32.86,expense,2025-11-25,824.87,monthly
33,synthetic_user_33@example.com,0,Servicios,50.24,expense,2025-11-21,824.87,monthly
33,synthetic_user_33@example.com,0,Gastos generales,44.7,expense,2025-11-11,824.87,monthly
33,synthetic_user_33@example.com,0,rappi,25.76,expense,2025-11-01,824.87,monthly
33,synthetic_user_33@example.com,0,Gastos generales,44.84,expense,2025-11-26,824.87,monthly
33,synthetic_user_33@example.com,0,Gastos generales,42.59,expense,2025-11-02,824.87,monthly
33,synthetic_user_33@example.com,0,Transporte,41.19,expense,2025-11-02,824.87,monthly
33,synthetic_user_33@example.com,0,Ingresos,57.4,expense,2025-11-02,824.87,monthly
33,synthetic_user_33@example.com,0,Gastos generales,33.79,expense,2025-11-19,824.87,monthly
33,synthetic_user_33@example.com,0,Gastos generales,42.29,expense,2025-11-01,824.87,monthly
33,synthetic_user_33@example.com,0,Transporte,47.24,expense,2025-11-16,824.87,monthly
33,synthetic_user_33@example.com,0,Ingreso adicional,30.6,expense,2025-11-26,824.87,monthly
33,synthetic_user_33@example.com,0,Ingreso Base,753.25,income,2025-12-08,824.87,monthly
33,synthetic_user_33@example.com,0,Inversion,48.05,investment,2025-12-25,824.87,monthly
33,synthetic_user_33@example.com,0,Ingresos,42.16,expense,2025-12-06,824.87,monthly
33,synthetic_user_33@example.com,0,Vivienda,36.02,expense,2025-12-09,824.87,monthly
33,synthetic_user_33@example.com,0,Ingresos,32.93,expense,2025-12-27,824.87,monthly
33,synthetic_user_33@example.com,0,Transporte,41.06,expense,2025-12-24,824.87,monthly
33,synthetic_user_33@example.com,0,Ingreso adicional,21.75,expense,2025-12-21,824.87,monthly
33,synthetic_user_33@example.com,0,Vivienda,19.28,expense,2025-12-12,824.87,monthly
33,synthetic_user_33@example.com,0,Vivienda,46.09,expense,2025-12-11,824.87,monthly
33,synthetic_user_33@example.com,0,Gastos generales,39.14,expense,2025-12-11,824.87,monthly
33,synthetic_user_33@example.com,0,Alimentacion,82.02,expense,2025-12-25,824.87,monthly
33,synthetic_user_33@example.com,0,Vivienda,34.84,expense,2025-12-13,824.87,monthly
33,synthetic_user_33@example.com,0,Transporte,31.08,expense,2025-12-19,824.87,monthly
33,synthetic_user_33@example.com,0,Alimentacion,33.45,expense,2025-12-03,824.87,monthly
33,synthetic_user_33@example.com,0,Ingresos,31.74,expense,2025-12-10,824.87,monthly
33,synthetic_user_33@example.com,0,Gastos generales,49.72,expense,2025-12-21,824.87,monthly
33,synthetic_user_33@example.com,0,Gastos generales,42.21,expense,2025-12-21,824.87,monthly
33,synthetic_user_33@example.com,0,Ingresos,4.5,expense,2025-12-03,824.87,monthly
33,synthetic_user_33@example.com,0,Ingreso adicional,42.47,expense,2025-12-27,824.87,monthly
33,synthetic_user_33@example.com,0,Gastos generales,23.65,expense,2025-12-27,824.87,monthly
33,synthetic_user_33@example.com,0,Servicios,40.16,expense,2025-12-06,824.87,monthly
33,synthetic_user_33@example.com,0,Ingreso Base,751.52,income,2026-01-07,824.87,monthly
33,synthetic_user_33@example.com,0,Inversion,31.04,investment,2026-01-26,824.87,monthly
33,synthetic_user_33@example.com,0,Gastos generales,65.22,expense,2026-01-26,824.87,monthly
33,synthetic_user_33@example.com,0,Ingreso adicional,72.9,expense,2026-01-02,824.87,monthly
33,synthetic_user_33@example.com,0,Gastos generales,70.99,expense,2026-01-01,824.87,monthly
33,synthetic_user_33@example.com,0,Ingreso adicional,37.01,expense,2026-01-16,824.87,monthly
33,synthetic_user_33@example.com,0,Gastos generales,45.38,expense,2026-01-26,824.87,monthly
33,synthetic_user_33@example.com,0,Educacion,60.36,expense,2026-01-03,824.87,monthly
33,synthetic_user_33@example.com,0,Ingresos,30.67,expense,2026-01-10,824.87,monthly
33,synthetic_user_33@example.com,0,Transporte,75.52,expense,2026-01-03,824.87,monthly
33,synthetic_user_33@example.com,0,Gastos generales,67.61,expense,2026-01-10,824.87,monthly
33,synthetic_user_33@example.com,0,Alimentacion,26.51,expense,2026-01-19,824.87,monthly
33,synthetic_user_33@example.com,0,Servicios,48.38,expense,2026-01-21,824.87,monthly
33,synthetic_user_33@example.com,0,Gastos generales,60.18,expense,2026-01-04,824.87,monthly
33,synthetic_user_33@example.com,0,Ingreso adicional,45.96,expense,2026-01-20,824.87,monthly
33,synthetic_user_33@example.com,0,Ingreso Base,897.27,income,2026-02-06,824.87,monthly
33,synthetic_user_33@example.com,0,Inversion,54.35,investment,2026-02-26,824.87,monthly
33,synthetic_user_33@example.com,0,Ingresos,19.16,expense,2026-02-22,824.87,monthly
33,synthetic_user_33@example.com,0,Ingreso adicional,59.96,expense,2026-02-22,824.87,monthly
33,synthetic_user_33@example.com,0,Ingreso adicional,79.5,expense,2026-02-05,824.87,monthly
33,synthetic_user_33@example.com,0,Transporte,63.57,expense,2026-02-25,824.87,monthly
33,synthetic_user_33@example.com,0,Gastos generales,50.19,expense,2026-02-27,824.87,monthly
33,synthetic_user_33@example.com,0,Alimentacion,26.07,expense,2026-02-09,824.87,monthly
33,synthetic_user_33@example.com,0,Servicios,37.72,expense,2026-02-12,824.87,monthly
33,synthetic_user_33@example.com,0,Transporte,48.91,expense,2026-02-15,824.87,monthly
33,synthetic_user_33@example.com,0,Ingresos,38.4,expense,2026-02-16,824.87,monthly
33,synthetic_user_33@example.com,0,Transporte,47.22,expense,2026-02-18,824.87,monthly
33,synthetic_user_33@example.com,0,Educacion,21.51,expense,2026-02-14,824.87,monthly
33,synthetic_user_33@example.com,0,Alimentacion,60.66,expense,2026-02-10,824.87,monthly
33,synthetic_user_33@example.com,0,Otro,82.64,expense,2026-02-11,824.87,monthly
33,synthetic_user_33@example.com,0,Transporte,62.75,expense,2026-02-03,824.87,monthly
33,synthetic_user_33@example.com,0,Transporte,81.71,expense,2026-02-19,824.87,monthly
33,synthetic_user_33@example.com,0,Ingreso Base,861.93,income,2026-03-08,824.87,monthly
33,synthetic_user_33@example.com,0,Inversion,43.34,investment,2026-03-11,824.87,monthly
33,synthetic_user_33@example.com,0,Servicios,55.3,expense,2026-03-24,824.87,monthly
33,synthetic_user_33@example.com,0,Ingreso adicional,53.21,expense,2026-03-27,824.87,monthly
33,synthetic_user_33@example.com,0,Gastos generales,20.48,expense,2026-03-15,824.87,monthly
33,synthetic_user_33@example.com,0,Ingreso adicional,76.13,expense,2026-03-23,824.87,monthly
33,synthetic_user_33@example.com,0,Gastos generales,31.28,expense,2026-03-24,824.87,monthly
33,synthetic_user_33@example.com,0,Ingresos,75.93,expense,2026-03-24,824.87,monthly
33,synthetic_user_33@example.com,0,Vivienda,49.42,expense,2026-03-18,824.87,monthly
33,synthetic_user_33@example.com,0,Gastos generales,28.19,expense,2026-03-08,824.87,monthly
33,synthetic_user_33@example.com,0,Ingreso adicional,31.73,expense,2026-03-05,824.87,monthly
33,synthetic_user_33@example.com,0,Gastos generales,62.05,expense,2026-03-10,824.87,monthly
33,synthetic_user_33@example.com,0,Ingreso adicional,40.7,expense,2026-03-18,824.87,monthly
33,synthetic_user_33@example.com,0,Alimentacion,69.16,expense,2026-03-27,824.87,monthly
33,synthetic_user_33@example.com,0,Ingresos,63.0,expense,2026-03-16,824.87,monthly
33,synthetic_user_33@example.com,0,Educacion,54.21,expense,2026-03-27,824.87,monthly
33,synthetic_user_33@example.com,0,Ingreso Base,854.71,income,2026-04-07,824.87,monthly
33,synthetic_user_33@example.com,0,Inversion,47.44,investment,2026-04-19,824.87,monthly
33,synthetic_user_33@example.com,0,Ingresos,45.53,expense,2026-04-08,824.87,monthly
33,synthetic_user_33@example.com,0,Ingreso adicional,52.36,expense,2026-04-12,824.87,monthly
33,synthetic_user_33@example.com,0,Gastos generales,51.78,expense,2026-04-19,824.87,monthly
33,synthetic_user_33@example.com,0,Alimentacion,55.25,expense,2026-04-09,824.87,monthly
33,synthetic_user_33@example.com,0,Ingreso adicional,50.99,expense,2026-04-04,824.87,monthly
33,synthetic_user_33@example.com,0,Ingresos,28.72,expense,2026-04-12,824.87,monthly
33,synthetic_user_33@example.com,0,Gastos generales,51.58,expense,2026-04-08,824.87,monthly
33,synthetic_user_33@example.com,0,Gastos generales,39.26,expense,2026-04-27,824.87,monthly
33,synthetic_user_33@example.com,0,Otro,44.87,expense,2026-04-15,824.87,monthly
33,synthetic_user_33@example.com,0,Servicios,35.56,expense,2026-04-18,824.87,monthly
33,synthetic_user_33@example.com,0,Ingresos,53.1,expense,2026-04-10,824.87,monthly
33,synthetic_user_33@example.com,0,Ingresos,47.57,expense,2026-04-23,824.87,monthly
33,synthetic_user_33@example.com,0,Transporte,48.97,expense,2026-04-19,824.87,monthly
33,synthetic_user_33@example.com,0,Transporte,27.99,expense,2026-04-15,824.87,monthly
33,synthetic_user_33@example.com,0,Ingreso adicional,59.87,expense,2026-04-22,824.87,monthly
34,synthetic_user_34@example.com,0,Ingreso Base,1936.62,income,2025-11-08,1852.67,monthly
34,synthetic_user_34@example.com,0,Inversion,391.4,investment,2025-11-11,1852.67,monthly
34,synthetic_user_34@example.com,0,rappi,42.14,expense,2025-11-07,1852.67,monthly
34,synthetic_user_34@example.com,0,Vivienda,69.69,expense,2025-11-22,1852.67,monthly
34,synthetic_user_34@example.com,0,rappi,88.82,expense,2025-11-14,1852.67,monthly
34,synthetic_user_34@example.com,0,Ocio,60.58,expense,2025-11-07,1852.67,monthly
34,synthetic_user_34@example.com,0,Ocio,99.68,expense,2025-11-05,1852.67,monthly
34,synthetic_user_34@example.com,0,Compras,146.36,expense,2025-11-20,1852.67,monthly
34,synthetic_user_34@example.com,0,Salud,80.74,expense,2025-11-27,1852.67,monthly
34,synthetic_user_34@example.com,0,Otro,105.61,expense,2025-11-07,1852.67,monthly
34,synthetic_user_34@example.com,0,Ingresos,77.92,expense,2025-11-19,1852.67,monthly
34,synthetic_user_34@example.com,0,Suscripciones,92.34,expense,2025-11-25,1852.67,monthly
34,synthetic_user_34@example.com,0,rappi,48.98,expense,2025-11-06,1852.67,monthly
34,synthetic_user_34@example.com,0,Transporte,153.12,expense,2025-11-07,1852.67,monthly
34,synthetic_user_34@example.com,0,Gastos generales,82.53,expense,2025-11-26,1852.67,monthly
34,synthetic_user_34@example.com,0,Transporte,82.18,expense,2025-11-08,1852.67,monthly
34,synthetic_user_34@example.com,0,rappi,119.41,expense,2025-11-09,1852.67,monthly
34,synthetic_user_34@example.com,0,Ingreso Base,1848.03,income,2025-12-08,1852.67,monthly
34,synthetic_user_34@example.com,0,Inversion,265.29,investment,2025-12-30,1852.67,monthly
34,synthetic_user_34@example.com,0,Ingresos,116.38,expense,2025-12-10,1852.67,monthly
34,synthetic_user_34@example.com,0,Suscripciones,60.79,expense,2025-12-17,1852.67,monthly
34,synthetic_user_34@example.com,0,Ingresos,94.42,expense,2025-12-22,1852.67,monthly
34,synthetic_user_34@example.com,0,Ingresos,47.62,expense,2025-12-04,1852.67,monthly
34,synthetic_user_34@example.com,0,Vivienda,12.81,expense,2025-12-12,1852.67,monthly
34,synthetic_user_34@example.com,0,rappi,151.76,expense,2025-12-07,1852.67,monthly
34,synthetic_user_34@example.com,0,Salud,61.41,expense,2025-12-19,1852.67,monthly
34,synthetic_user_34@example.com,0,Salud,71.02,expense,2025-12-25,1852.67,monthly
34,synthetic_user_34@example.com,0,Ingreso adicional,86.61,expense,2025-12-20,1852.67,monthly
34,synthetic_user_34@example.com,0,Ingreso adicional,96.12,expense,2025-12-26,1852.67,monthly
34,synthetic_user_34@example.com,0,rappi,101.05,expense,2025-12-19,1852.67,monthly
34,synthetic_user_34@example.com,0,Transporte,130.02,expense,2025-12-01,1852.67,monthly
34,synthetic_user_34@example.com,0,Alimentacion,115.59,expense,2025-12-03,1852.67,monthly
34,synthetic_user_34@example.com,0,Ocio,87.87,expense,2025-12-10,1852.67,monthly
34,synthetic_user_34@example.com,0,Ingreso Base,2137.74,income,2026-01-07,1852.67,monthly
34,synthetic_user_34@example.com,0,Inversion,247.14,investment,2026-01-20,1852.67,monthly
34,synthetic_user_34@example.com,0,Salud,112.67,expense,2026-01-26,1852.67,monthly
34,synthetic_user_34@example.com,0,Educacion,166.88,expense,2026-01-18,1852.67,monthly
34,synthetic_user_34@example.com,0,rappi,181.64,expense,2026-01-06,1852.67,monthly
34,synthetic_user_34@example.com,0,Ingreso adicional,115.16,expense,2026-01-03,1852.67,monthly
34,synthetic_user_34@example.com,0,Suscripciones,91.75,expense,2026-01-02,1852.67,monthly
34,synthetic_user_34@example.com,0,Ocio,119.0,expense,2026-01-12,1852.67,monthly
34,synthetic_user_34@example.com,0,Vivienda,92.61,expense,2026-01-13,1852.67,monthly
34,synthetic_user_34@example.com,0,Salud,221.38,expense,2026-01-18,1852.67,monthly
34,synthetic_user_34@example.com,0,Ingresos,164.78,expense,2026-01-24,1852.67,monthly
34,synthetic_user_34@example.com,0,Ingreso Base,1879.29,income,2026-02-06,1852.67,monthly
34,synthetic_user_34@example.com,0,Inversion,410.5,investment,2026-02-12,1852.67,monthly
34,synthetic_user_34@example.com,0,Gastos generales,105.31,expense,2026-02-18,1852.67,monthly
34,synthetic_user_34@example.com,0,Suscripciones,99.25,expense,2026-02-11,1852.67,monthly
34,synthetic_user_34@example.com,0,Transporte,52.13,expense,2026-02-19,1852.67,monthly
34,synthetic_user_34@example.com,0,rappi,69.04,expense,2026-02-04,1852.67,monthly
34,synthetic_user_34@example.com,0,Ingresos,105.72,expense,2026-02-06,1852.67,monthly
34,synthetic_user_34@example.com,0,Gastos generales,85.38,expense,2026-02-17,1852.67,monthly
34,synthetic_user_34@example.com,0,Salud,110.4,expense,2026-02-25,1852.67,monthly
34,synthetic_user_34@example.com,0,Salud,92.11,expense,2026-02-11,1852.67,monthly
34,synthetic_user_34@example.com,0,Suscripciones,125.07,expense,2026-02-01,1852.67,monthly
34,synthetic_user_34@example.com,0,Salud,79.62,expense,2026-02-21,1852.67,monthly
34,synthetic_user_34@example.com,0,Ocio,72.64,expense,2026-02-11,1852.67,monthly
34,synthetic_user_34@example.com,0,Vivienda,100.94,expense,2026-02-06,1852.67,monthly
34,synthetic_user_34@example.com,0,Vivienda,104.43,expense,2026-02-02,1852.67,monthly
34,synthetic_user_34@example.com,0,Servicios,50.13,expense,2026-02-04,1852.67,monthly
34,synthetic_user_34@example.com,0,Salud,84.71,expense,2026-02-07,1852.67,monthly
34,synthetic_user_34@example.com,0,Vivienda,98.64,expense,2026-02-24,1852.67,monthly
34,synthetic_user_34@example.com,0,Ingreso Base,1960.58,income,2026-03-08,1852.67,monthly
34,synthetic_user_34@example.com,0,Inversion,273.8,investment,2026-04-01,1852.67,monthly
34,synthetic_user_34@example.com,0,Transporte,96.1,expense,2026-03-06,1852.67,monthly
34,synthetic_user_34@example.com,0,Ocio,138.66,expense,2026-03-09,1852.67,monthly
34,synthetic_user_34@example.com,0,Vivienda,148.68,expense,2026-03-08,1852.67,monthly
34,synthetic_user_34@example.com,0,rappi,70.65,expense,2026-03-14,1852.67,monthly
34,synthetic_user_34@example.com,0,Salud,123.61,expense,2026-03-18,1852.67,monthly
34,synthetic_user_34@example.com,0,Compras,106.9,expense,2026-03-03,1852.67,monthly
34,synthetic_user_34@example.com,0,Vivienda,84.41,expense,2026-03-02,1852.67,monthly
34,synthetic_user_34@example.com,0,Transporte,118.14,expense,2026-03-13,1852.67,monthly
34,synthetic_user_34@example.com,0,Ingreso adicional,95.99,expense,2026-03-20,1852.67,monthly
34,synthetic_user_34@example.com,0,Ingreso adicional,180.52,expense,2026-03-06,1852.67,monthly
34,synthetic_user_34@example.com,0,Compras,126.01,expense,2026-03-04,1852.67,monthly
34,synthetic_user_34@example.com,0,Ingreso Base,2155.62,income,2026-04-07,1852.67,monthly
34,synthetic_user_34@example.com,0,Inversion,304.34,investment,2026-04-26,1852.67,monthly
34,synthetic_user_34@example.com,0,Ingreso adicional,163.28,expense,2026-04-05,1852.67,monthly
34,synthetic_user_34@example.com,0,Otro,162.66,expense,2026-04-01,1852.67,monthly
34,synthetic_user_34@example.com,0,Vivienda,151.24,expense,2026-04-19,1852.67,monthly
34,synthetic_user_34@example.com,0,Ingreso adicional,55.42,expense,2026-04-01,1852.67,monthly
34,synthetic_user_34@example.com,0,Alimentacion,273.69,expense,2026-04-15,1852.67,monthly
34,synthetic_user_34@example.com,0,Gastos generales,134.59,expense,2026-04-05,1852.67,monthly
34,synthetic_user_34@example.com,0,Ocio,213.39,expense,2026-04-19,1852.67,monthly
34,synthetic_user_34@example.com,0,Salud,203.28,expense,2026-04-10,1852.67,monthly
34,synthetic_user_34@example.com,0,Gastos generales,169.7,expense,2026-04-17,1852.67,monthly
35,synthetic_user_35@example.com,0,Ingreso Base,809.96,income,2025-11-08,803.51,monthly
35,synthetic_user_35@example.com,0,Inversion,25.03,investment,2025-11-11,803.51,monthly
35,synthetic_user_35@example.com,0,Ingresos,61.1,expense,2025-11-05,803.51,monthly
35,synthetic_user_35@example.com,0,Ocio,55.69,expense,2025-11-22,803.51,monthly
35,synthetic_user_35@example.com,0,Ingreso adicional,57.09,expense,2025-11-24,803.51,monthly
35,synthetic_user_35@example.com,0,Ingresos,30.91,expense,2025-11-22,803.51,monthly
35,synthetic_user_35@example.com,0,Otro,44.12,expense,2025-11-22,803.51,monthly
35,synthetic_user_35@example.com,0,Servicios,45.8,expense,2025-11-14,803.51,monthly
35,synthetic_user_35@example.com,0,Educacion,57.01,expense,2025-11-05,803.51,monthly
35,synthetic_user_35@example.com,0,Suscripciones,26.89,expense,2025-11-22,803.51,monthly
35,synthetic_user_35@example.com,0,Suscripciones,40.68,expense,2025-11-08,803.51,monthly
35,synthetic_user_35@example.com,0,Ocio,58.03,expense,2025-11-25,803.51,monthly
35,synthetic_user_35@example.com,0,Suscripciones,45.89,expense,2025-11-27,803.51,monthly
35,synthetic_user_35@example.com,0,Alimentacion,29.01,expense,2025-11-16,803.51,monthly
35,synthetic_user_35@example.com,0,Ingresos,27.92,expense,2025-11-19,803.51,monthly
35,synthetic_user_35@example.com,0,Vivienda,26.43,expense,2025-11-05,803.51,monthly
35,synthetic_user_35@example.com,0,Otro,27.24,expense,2025-11-22,803.51,monthly
35,synthetic_user_35@example.com,0,Suscripciones,49.04,expense,2025-11-16,803.51,monthly
35,synthetic_user_35@example.com,0,Ingreso Base,805.55,income,2025-12-08,803.51,monthly
35,synthetic_user_35@example.com,0,Inversion,37.36,investment,2026-01-01,803.51,monthly
35,synthetic_user_35@example.com,0,Suscripciones,83.45,expense,2025-12-07,803.51,monthly
35,synthetic_user_35@example.com,0,Educacion,43.28,expense,2025-12-22,803.51,monthly
35,synthetic_user_35@example.com,0,Otro,91.57,expense,2025-12-24,803.51,monthly
35,synthetic_user_35@example.com,0,Ingresos,94.41,expense,2025-12-11,803.51,monthly
35,synthetic_user_35@example.com,0,Compras,53.22,expense,2025-12-17,803.51,monthly
35,synthetic_user_35@example.com,0,Vivienda,69.95,expense,2025-12-05,803.51,monthly
35,synthetic_user_35@example.com,0,Servicios,76.02,expense,2025-12-05,803.51,monthly
35,synthetic_user_35@example.com,0,Servicios,79.44,expense,2025-12-06,803.51,monthly
35,synthetic_user_35@example.com,0,Gastos generales,97.67,expense,2025-12-15,803.51,monthly
35,synthetic_user_35@example.com,0,Ingreso Base,767.77,income,2026-01-07,803.51,monthly
35,synthetic_user_35@example.com,0,Inversion,26.5,investment,2026-01-31,803.51,monthly
35,synthetic_user_35@example.com,0,rappi,62.58,expense,2026-01-01,803.51,monthly
35,synthetic_user_35@example.com,0,rappi,25.14,expense,2026-01-26,803.51,monthly
35,synthetic_user_35@example.com,0,Otro,31.21,expense,2026-01-06,803.51,monthly
35,synthetic_user_35@example.com,0,Otro,39.35,expense,2026-01-21,803.51,monthly
35,synthetic_user_35@example.com,0,Ocio,36.25,expense,2026-01-21,803.51,monthly
35,synthetic_user_35@example.com,0,Otro,38.3,expense,2026-01-20,803.51,monthly
35,synthetic_user_35@example.com,0,Ingresos,55.84,expense,2026-01-14,803.51,monthly
35,synthetic_user_35@example.com,0,rappi,23.08,expense,2026-01-05,803.51,monthly
35,synthetic_user_35@example.com,0,Suscripciones,30.27,expense,2026-01-16,803.51,monthly
35,synthetic_user_35@example.com,0,Educacion,57.09,expense,2026-01-16,803.51,monthly
35,synthetic_user_35@example.com,0,Suscripciones,58.39,expense,2026-01-26,803.51,monthly
35,synthetic_user_35@example.com,0,Ingresos,29.19,expense,2026-01-05,803.51,monthly
35,synthetic_user_35@example.com,0,Vivienda,41.0,expense,2026-01-25,803.51,monthly
35,synthetic_user_35@example.com,0,Ingreso adicional,28.01,expense,2026-01-17,803.51,monthly
35,synthetic_user_35@example.com,0,Ingreso adicional,61.59,expense,2026-01-21,803.51,monthly
35,synthetic_user_35@example.com,0,rappi,44.84,expense,2026-01-22,803.51,monthly
35,synthetic_user_35@example.com,0,Vivienda,36.27,expense,2026-01-20,803.51,monthly
35,synthetic_user_35@example.com,0,Ingreso Base,774.17,income,2026-02-06,803.51,monthly
35,synthetic_user_35@example.com,0,Inversion,25.59,investment,2026-02-22,803.51,monthly
35,synthetic_user_35@example.com,0,rappi,59.94,expense,2026-02-24,803.51,monthly
35,synthetic_user_35@example.com,0,Servicios,33.97,expense,2026-02-22,803.51,monthly
35,synthetic_user_35@example.com,0,Otro,26.21,expense,2026-02-11,803.51,monthly
35,synthetic_user_35@example.com,0,Alimentacion,73.8,expense,2026-02-11,803.51,monthly
35,synthetic_user_35@example.com,0,Ocio,63.28,expense,2026-02-03,803.51,monthly
35,synthetic_user_35@example.com,0,Suscripciones,72.11,expense,2026-02-05,803.51,monthly
35,synthetic_user_35@example.com,0,Gastos generales,54.21,expense,2026-02-24,803.51,monthly
35,synthetic_user_35@example.com,0,Gastos generales,50.61,expense,2026-02-27,803.51,monthly
35,synthetic_user_35@example.com,0,Suscripciones,61.01,expense,2026-02-24,803.51,monthly
35,synthetic_user_35@example.com,0,Ingresos,83.17,expense,2026-02-22,803.51,monthly
35,synthetic_user_35@example.com,0,Gastos generales,2.0,expense,2026-02-18,803.51,monthly
35,synthetic_user_35@example.com,0,Ingreso Base,782.52,income,2026-03-08,803.51,monthly
35,synthetic_user_35@example.com,0,Inversion,19.93,investment,2026-03-29,803.51,monthly
35,synthetic_user_35@example.com,0,Gastos generales,48.42,expense,2026-03-03,803.51,monthly
35,synthetic_user_35@example.com,0,Ingresos,70.37,expense,2026-03-20,803.51,monthly
35,synthetic_user_35@example.com,0,Ocio,20.64,expense,2026-03-16,803.51,monthly
35,synthetic_user_35@example.com,0,Servicios,46.99,expense,2026-03-07,803.51,monthly
35,synthetic_user_35@example.com,0,Vivienda,34.66,expense,2026-03-12,803.51,monthly
35,synthetic_user_35@example.com,0,Ingreso adicional,50.02,expense,2026-03-25,803.51,monthly
35,synthetic_user_35@example.com,0,rappi,54.94,expense,2026-03-25,803.51,monthly
35,synthetic_user_35@example.com,0,Otro,19.89,expense,2026-03-11,803.51,monthly
35,synthetic_user_35@example.com,0,Servicios,21.97,expense,2026-03-08,803.51,monthly
35,synthetic_user_35@example.com,0,Suscripciones,30.44,expense,2026-03-14,803.51,monthly
35,synthetic_user_35@example.com,0,Ocio,35.79,expense,2026-03-20,803.51,monthly
35,synthetic_user_35@example.com,0,Servicios,31.4,expense,2026-03-15,803.51,monthly
35,synthetic_user_35@example.com,0,Ingresos,30.87,expense,2026-03-18,803.51,monthly
35,synthetic_user_35@example.com,0,Gastos generales,28.54,expense,2026-03-21,803.51,monthly
35,synthetic_user_35@example.com,0,Compras,30.68,expense,2026-03-07,803.51,monthly
35,synthetic_user_35@example.com,0,rappi,39.56,expense,2026-03-21,803.51,monthly
35,synthetic_user_35@example.com,0,Educacion,70.5,expense,2026-03-23,803.51,monthly
35,synthetic_user_35@example.com,0,Ingreso Base,782.69,income,2026-04-07,803.51,monthly
35,synthetic_user_35@example.com,0,Inversion,32.57,investment,2026-04-16,803.51,monthly
35,synthetic_user_35@example.com,0,rappi,33.57,expense,2026-04-22,803.51,monthly
35,synthetic_user_35@example.com,0,Gastos generales,25.34,expense,2026-04-09,803.51,monthly
35,synthetic_user_35@example.com,0,Vivienda,58.97,expense,2026-04-26,803.51,monthly
35,synthetic_user_35@example.com,0,Alimentacion,41.67,expense,2026-04-24,803.51,monthly
35,synthetic_user_35@example.com,0,Ingresos,56.38,expense,2026-04-22,803.51,monthly
35,synthetic_user_35@example.com,0,Ingresos,35.22,expense,2026-04-12,803.51,monthly
35,synthetic_user_35@example.com,0,Servicios,44.09,expense,2026-04-05,803.51,monthly
35,synthetic_user_35@example.com,0,Educacion,23.53,expense,2026-04-19,803.51,monthly
35,synthetic_user_35@example.com,0,Educacion,66.07,expense,2026-04-13,803.51,monthly
35,synthetic_user_35@example.com,0,Suscripciones,43.49,expense,2026-04-18,803.51,monthly
35,synthetic_user_35@example.com,0,Servicios,43.93,expense,2026-04-17,803.51,monthly
35,synthetic_user_35@example.com,0,Ingresos,33.0,expense,2026-04-18,803.51,monthly
35,synthetic_user_35@example.com,0,Vivienda,44.83,expense,2026-04-10,803.51,monthly
35,synthetic_user_35@example.com,0,Salud,38.53,expense,2026-04-21,803.51,monthly
35,synthetic_user_35@example.com,0,Otro,44.68,expense,2026-04-15,803.51,monthly
36,synthetic_user_36@example.com,0,Ingreso Base,2403.99,income,2025-11-08,2200.16,monthly
36,synthetic_user_36@example.com,0,Inversion,137.97,investment,2025-11-25,2200.16,monthly
36,synthetic_user_36@example.com,0,Compras,293.8,expense,2025-11-03,2200.16,monthly
36,synthetic_user_36@example.com,0,Vivienda,319.58,expense,2025-11-25,2200.16,monthly
36,synthetic_user_36@example.com,0,Otro,166.61,expense,2025-11-03,2200.16,monthly
36,synthetic_user_36@example.com,0,Ingreso adicional,267.04,expense,2025-11-11,2200.16,monthly
36,synthetic_user_36@example.com,0,Vivienda,380.54,expense,2025-11-17,2200.16,monthly
36,synthetic_user_36@example.com,0,Compras,370.41,expense,2025-11-25,2200.16,monthly
36,synthetic_user_36@example.com,0,Suscripciones,220.32,expense,2025-11-01,2200.16,monthly
36,synthetic_user_36@example.com,0,Gastos generales,106.52,expense,2025-11-23,2200.16,monthly
36,synthetic_user_36@example.com,0,Ingreso Base,2331.79,income,2025-12-08,2200.16,monthly
36,synthetic_user_36@example.com,0,Inversion,132.93,investment,2025-12-21,2200.16,monthly
36,synthetic_user_36@example.com,0,rappi,187.12,expense,2025-12-03,2200.16,monthly
36,synthetic_user_36@example.com,0,rappi,183.86,expense,2025-12-08,2200.16,monthly
36,synthetic_user_36@example.com,0,Ocio,183.1,expense,2025-12-25,2200.16,monthly
36,synthetic_user_36@example.com,0,Transporte,85.99,expense,2025-12-03,2200.16,monthly
36,synthetic_user_36@example.com,0,Ingresos,86.32,expense,2025-12-01,2200.16,monthly
36,synthetic_user_36@example.com,0,Vivienda,125.38,expense,2025-12-02,2200.16,monthly
36,synthetic_user_36@example.com,0,rappi,174.74,expense,2025-12-13,2200.16,monthly
36,synthetic_user_36@example.com,0,Ingresos,116.89,expense,2025-12-03,2200.16,monthly
36,synthetic_user_36@example.com,0,Otro,215.18,expense,2025-12-10,2200.16,monthly
36,synthetic_user_36@example.com,0,Ingreso adicional,19.58,expense,2025-12-26,2200.16,monthly
36,synthetic_user_36@example.com,0,Gastos generales,224.38,expense,2025-12-25,2200.16,monthly
36,synthetic_user_36@example.com,0,rappi,84.62,expense,2025-12-24,2200.16,monthly
36,synthetic_user_36@example.com,0,Ingreso Base,2107.7,income,2026-01-07,2200.16,monthly
36,synthetic_user_36@example.com,0,Inversion,153.71,investment,2026-01-18,2200.16,monthly
36,synthetic_user_36@example.com,0,Ocio,142.19,expense,2026-01-20,2200.16,monthly
36,synthetic_user_36@example.com,0,Ocio,164.43,expense,2026-01-19,2200.16,monthly
36,synthetic_user_36@example.com,0,Salud,91.87,expense,2026-01-04,2200.16,monthly
36,synthetic_user_36@example.com,0,Ingreso adicional,105.45,expense,2026-01-19,2200.16,monthly
36,synthetic_user_36@example.com,0,Otro,140.33,expense,2026-01-21,2200.16,monthly
36,synthetic_user_36@example.com,0,Educacion,161.33,expense,2026-01-01,2200.16,monthly
36,synthetic_user_36@example.com,0,Ocio,35.07,expense,2026-01-25,2200.16,monthly
36,synthetic_user_36@example.com,0,Gastos generales,67.12,expense,2026-01-06,2200.16,monthly
36,synthetic_user_36@example.com,0,Vivienda,55.1,expense,2026-01-01,2200.16,monthly
36,synthetic_user_36@example.com,0,Compras,87.39,expense,2026-01-15,2200.16,monthly
36,synthetic_user_36@example.com,0,Suscripciones,113.21,expense,2026-01-26,2200.16,monthly
36,synthetic_user_36@example.com,0,Vivienda,125.12,expense,2026-01-07,2200.16,monthly
36,synthetic_user_36@example.com,0,Compras,100.3,expense,2026-01-06,2200.16,monthly
36,synthetic_user_36@example.com,0,rappi,84.42,expense,2026-01-16,2200.16,monthly
36,synthetic_user_36@example.com,0,Suscripciones,133.74,expense,2026-01-07,2200.16,monthly
36,synthetic_user_36@example.com,0,Ingreso Base,2325.36,income,2026-02-06,2200.16,monthly
36,synthetic_user_36@example.com,0,Inversion,136.56,investment,2026-02-24,2200.16,monthly
36,synthetic_user_36@example.com,0,Compras,214.82,expense,2026-02-06,2200.16,monthly
36,synthetic_user_36@example.com,0,Ocio,101.51,expense,2026-02-01,2200.16,monthly
36,synthetic_user_36@example.com,0,Suscripciones,71.96,expense,2026-02-10,2200.16,monthly
36,synthetic_user_36@example.com,0,Compras,231.85,expense,2026-02-04,2200.16,monthly
36,synthetic_user_36@example.com,0,Suscripciones,42.14,expense,2026-02-05,2200.16,monthly
36,synthetic_user_36@example.com,0,rappi,48.52,expense,2026-02-07,2200.16,monthly
36,synthetic_user_36@example.com,0,rappi,79.75,expense,2026-02-26,2200.16,monthly
36,synthetic_user_36@example.com,0,rappi,202.34,expense,2026-02-19,2200.16,monthly
36,synthetic_user_36@example.com,0,Ingresos,174.88,expense,2026-02-07,2200.16,monthly
36,synthetic_user_36@example.com,0,Ingreso adicional,89.35,expense,2026-02-02,2200.16,monthly
36,synthetic_user_36@example.com,0,Compras,193.55,expense,2026-02-20,2200.16,monthly
36,synthetic_user_36@example.com,0,Gastos generales,85.48,expense,2026-02-03,2200.16,monthly
36,synthetic_user_36@example.com,0,Ingreso Base,2199.92,income,2026-03-08,2200.16,monthly
36,synthetic_user_36@example.com,0,Inversion,104.52,investment,2026-03-21,2200.16,monthly
36,synthetic_user_36@example.com,0,Compras,115.48,expense,2026-03-04,2200.16,monthly
36,synthetic_user_36@example.com,0,Vivienda,56.56,expense,2026-03-15,2200.16,monthly
36,synthetic_user_36@example.com,0,Ingreso adicional,120.66,expense,2026-03-02,2200.16,monthly
36,synthetic_user_36@example.com,0,Compras,129.96,expense,2026-03-06,2200.16,monthly
36,synthetic_user_36@example.com,0,Ocio,8.72,expense,2026-03-04,2200.16,monthly
36,synthetic_user_36@example.com,0,Suscripciones,122.8,expense,2026-03-20,2200.16,monthly
36,synthetic_user_36@example.com,0,rappi,142.51,expense,2026-03-13,2200.16,monthly
36,synthetic_user_36@example.com,0,Alimentacion,76.14,expense,2026-03-06,2200.16,monthly
36,synthetic_user_36@example.com,0,Salud,128.3,expense,2026-03-12,2200.16,monthly
36,synthetic_user_36@example.com,0,Ingreso adicional,45.38,expense,2026-03-11,2200.16,monthly
36,synthetic_user_36@example.com,0,Ocio,35.34,expense,2026-03-14,2200.16,monthly
36,synthetic_user_36@example.com,0,Alimentacion,68.7,expense,2026-03-20,2200.16,monthly
36,synthetic_user_36@example.com,0,Transporte,47.42,expense,2026-03-09,2200.16,monthly
36,synthetic_user_36@example.com,0,Gastos generales,99.06,expense,2026-03-11,2200.16,monthly
36,synthetic_user_36@example.com,0,rappi,146.69,expense,2026-03-25,2200.16,monthly
36,synthetic_user_36@example.com,0,Suscripciones,77.16,expense,2026-03-10,2200.16,monthly
36,synthetic_user_36@example.com,0,Compras,52.29,expense,2026-03-01,2200.16,monthly
36,synthetic_user_36@example.com,0,Ocio,46.0,expense,2026-03-07,2200.16,monthly
36,synthetic_user_36@example.com,0,rappi,52.65,expense,2026-03-21,2200.16,monthly
36,synthetic_user_36@example.com,0,Ingreso Base,2489.83,income,2026-04-07,2200.16,monthly
36,synthetic_user_36@example.com,0,Inversion,132.49,investment,2026-04-20,2200.16,monthly
36,synthetic_user_36@example.com,0,Compras,98.87,expense,2026-04-26,2200.16,monthly
36,synthetic_user_36@example.com,0,Vivienda,28.99,expense,2026-04-15,2200.16,monthly
36,synthetic_user_36@example.com,0,Transporte,142.12,expense,2026-04-08,2200.16,monthly
36,synthetic_user_36@example.com,0,Vivienda,25.04,expense,2026-04-07,2200.16,monthly
36,synthetic_user_36@example.com,0,Transporte,76.43,expense,2026-04-21,2200.16,monthly
36,synthetic_user_36@example.com,0,Ocio,105.54,expense,2026-04-13,2200.16,monthly
36,synthetic_user_36@example.com,0,Otro,125.99,expense,2026-04-26,2200.16,monthly
36,synthetic_user_36@example.com,0,Vivienda,53.77,expense,2026-04-12,2200.16,monthly
36,synthetic_user_36@example.com,0,rappi,130.21,expense,2026-04-19,2200.16,monthly
36,synthetic_user_36@example.com,0,Alimentacion,130.19,expense,2026-04-04,2200.16,monthly
36,synthetic_user_36@example.com,0,Ingreso adicional,178.93,expense,2026-04-27,2200.16,monthly
36,synthetic_user_36@example.com,0,Otro,97.17,expense,2026-04-27,2200.16,monthly
36,synthetic_user_36@example.com,0,rappi,50.07,expense,2026-04-03,2200.16,monthly
36,synthetic_user_36@example.com,0,Ingreso adicional,109.02,expense,2026-04-10,2200.16,monthly
36,synthetic_user_36@example.com,0,Otro,192.19,expense,2026-04-01,2200.16,monthly
37,synthetic_user_37@example.com,0,Ingreso Base,1471.54,income,2025-11-08,1377.43,monthly
37,synthetic_user_37@example.com,0,Inversion,170.71,investment,2025-11-28,1377.43,monthly
37,synthetic_user_37@example.com,0,Compras,50.36,expense,2025-11-04,1377.43,monthly
37,synthetic_user_37@example.com,0,Transporte,62.29,expense,2025-11-06,1377.43,monthly
37,synthetic_user_37@example.com,0,Ingreso adicional,78.27,expense,2025-11-13,1377.43,monthly
37,synthetic_user_37@example.com,0,Ingreso adicional,69.15,expense,2025-11-20,1377.43,monthly
37,synthetic_user_37@example.com,0,Otro,123.66,expense,2025-11-21,1377.43,monthly
37,synthetic_user_37@example.com,0,Ocio,108.14,expense,2025-11-19,1377.43,monthly
37,synthetic_user_37@example.com,0,Alimentacion,124.53,expense,2025-11-24,1377.43,monthly
37,synthetic_user_37@example.com,0,Otro,144.46,expense,2025-11-07,1377.43,monthly
37,synthetic_user_37@example.com,0,Ocio,121.35,expense,2025-11-27,1377.43,monthly
37,synthetic_user_37@example.com,0,Ocio,110.26,expense,2025-11-17,1377.43,monthly
37,synthetic_user_37@example.com,0,Ocio,79.38,expense,2025-11-24,1377.43,monthly
37,synthetic_user_37@example.com,0,Alimentacion,76.32,expense,2025-11-03,1377.43,monthly
37,synthetic_user_37@example.com,0,Compras,69.08,expense,2025-11-24,1377.43,monthly
37,synthetic_user_37@example.com,0,Ingreso Base,1347.57,income,2025-12-08,1377.43,monthly
37,synthetic_user_37@example.com,0,Inversion,105.34,investment,2025-12-27,1377.43,monthly
37,synthetic_user_37@example.com,0,rappi,139.3,expense,2025-12-14,1377.43,monthly
37,synthetic_user_37@example.com,0,Ingresos,48.54,expense,2025-12-03,1377.43,monthly
37,synthetic_user_37@example.com,0,Servicios,70.58,expense,2025-12-12,1377.43,monthly
37,synthetic_user_37@example.com,0,Ocio,44.9,expense,2025-12-01,1377.43,monthly
37,synthetic_user_37@example.com,0,rappi,63.49,expense,2025-12-25,1377.43,monthly
37,synthetic_user_37@example.com,0,Vivienda,104.25,expense,2025-12-18,1377.43,monthly
37,synthetic_user_37@example.com,0,Servicios,188.53,expense,2025-12-21,1377.43,monthly
37,synthetic_user_37@example.com,0,rappi,131.09,expense,2025-12-05,1377.43,monthly
37,synthetic_user_37@example.com,0,Salud,142.68,expense,2025-12-04,1377.43,monthly
37,synthetic_user_37@example.com,0,Ingreso Base,1226.78,income,2026-01-07,1377.43,monthly
37,synthetic_user_37@example.com,0,Inversion,105.22,investment,2026-01-12,1377.43,monthly
37,synthetic_user_37@example.com,0,Compras,101.4,expense,2026-01-04,1377.43,monthly
37,synthetic_user_37@example.com,0,Ocio,69.72,expense,2026-01-26,1377.43,monthly
37,synthetic_user_37@example.com,0,Alimentacion,41.31,expense,2026-01-02,1377.43,monthly
37,synthetic_user_37@example.com,0,Ocio,89.74,expense,2026-01-27,1377.43,monthly
37,synthetic_user_37@example.com,0,Ocio,89.29,expense,2026-01-11,1377.43,monthly
37,synthetic_user_37@example.com,0,Ingreso adicional,60.11,expense,2026-01-22,1377.43,monthly
37,synthetic_user_37@example.com,0,Ocio,89.61,expense,2026-01-15,1377.43,monthly
37,synthetic_user_37@example.com,0,Alimentacion,77.27,expense,2026-01-16,1377.43,monthly
37,synthetic_user_37@example.com,0,Transporte,80.77,expense,2026-01-23,1377.43,monthly
37,synthetic_user_37@example.com,0,Ocio,65.4,expense,2026-01-09,1377.43,monthly
37,synthetic_user_37@example.com,0,Compras,73.21,expense,2026-01-23,1377.43,monthly
37,synthetic_user_37@example.com,0,Ingresos,75.3,expense,2026-01-19,1377.43,monthly
37,synthetic_user_37@example.com,0,Compras,92.73,expense,2026-01-10,1377.43,monthly
37,synthetic_user_37@example.com,0,Ingreso Base,1483.68,income,2026-02-06,1377.43,monthly
37,synthetic_user_37@example.com,0,Inversion,78.88,investment,2026-02-10,1377.43,monthly
37,synthetic_user_37@example.com,0,Ocio,99.39,expense,2026-02-20,1377.43,monthly
37,synthetic_user_37@example.com,0,Educacion,84.32,expense,2026-02-08,1377.43,monthly
37,synthetic_user_37@example.com,0,Ocio,84.75,expense,2026-02-01,1377.43,monthly
37,synthetic_user_37@example.com,0,Compras,94.32,expense,2026-02-08,1377.43,monthly
37,synthetic_user_37@example.com,0,Suscripciones,87.83,expense,2026-02-06,1377.43,monthly
37,synthetic_user_37@example.com,0,Alimentacion,63.68,expense,2026-02-24,1377.43,monthly
37,synthetic_user_37@example.com,0,rappi,60.47,expense,2026-02-24,1377.43,monthly
37,synthetic_user_37@example.com,0,rappi,73.37,expense,2026-02-06,1377.43,monthly
37,synthetic_user_37@example.com,0,Salud,95.68,expense,2026-02-24,1377.43,monthly
37,synthetic_user_37@example.com,0,Educacion,115.1,expense,2026-02-13,1377.43,monthly
37,synthetic_user_37@example.com,0,rappi,50.98,expense,2026-02-21,1377.43,monthly
37,synthetic_user_37@example.com,0,Ingreso adicional,67.09,expense,2026-02-14,1377.43,monthly
37,synthetic_user_37@example.com,0,Servicios,88.79,expense,2026-02-10,1377.43,monthly
37,synthetic_user_37@example.com,0,Ingreso adicional,71.26,expense,2026-02-17,1377.43,monthly
37,synthetic_user_37@example.com,0,Transporte,33.14,expense,2026-02-06,1377.43,monthly
37,synthetic_user_37@example.com,0,Ingreso Base,1493.04,income,2026-03-08,1377.43,monthly
37,synthetic_user_37@example.com,0,Inversion,162.57,investment,2026-03-25,1377.43,monthly
37,synthetic_user_37@example.com,0,Compras,185.96,expense,2026-03-22,1377.43,monthly
37,synthetic_user_37@example.com,0,Compras,139.79,expense,2026-03-18,1377.43,monthly
37,synthetic_user_37@example.com,0,Compras,46.09,expense,2026-03-13,1377.43,monthly
37,synthetic_user_37@example.com,0,Ocio,155.18,expense,2026-03-11,1377.43,monthly
37,synthetic_user_37@example.com,0,Compras,77.75,expense,2026-03-19,1377.43,monthly
37,synthetic_user_37@example.com,0,Salud,274.19,expense,2026-03-17,1377.43,monthly
37,synthetic_user_37@example.com,0,Ingreso adicional,96.19,expense,2026-03-26,1377.43,monthly
37,synthetic_user_37@example.com,0,Educacion,101.59,expense,2026-03-18,1377.43,monthly
37,synthetic_user_37@example.com,0,Ingreso Base,1576.17,income,2026-04-07,1377.43,monthly
37,synthetic_user_37@example.com,0,Inversion,118.42,investment,2026-04-21,1377.43,monthly
37,synthetic_user_37@example.com,0,Ocio,141.57,expense,2026-04-01,1377.43,monthly
37,synthetic_user_37@example.com,0,Ocio,84.57,expense,2026-04-15,1377.43,monthly
37,synthetic_user_37@example.com,0,Educacion,131.43,expense,2026-04-04,1377.43,monthly
37,synthetic_user_37@example.com,0,Ingreso adicional,49.79,expense,2026-04-20,1377.43,monthly
37,synthetic_user_37@example.com,0,Ocio,146.68,expense,2026-04-06,1377.43,monthly
37,synthetic_user_37@example.com,0,Suscripciones,82.38,expense,2026-04-25,1377.43,monthly
37,synthetic_user_37@example.com,0,Compras,107.93,expense,2026-04-08,1377.43,monthly
37,synthetic_user_37@example.com,0,Transporte,92.06,expense,2026-04-05,1377.43,monthly
37,synthetic_user_37@example.com,0,Compras,71.13,expense,2026-04-26,1377.43,monthly
37,synthetic_user_37@example.com,0,Compras,85.38,expense,2026-04-04,1377.43,monthly
37,synthetic_user_37@example.com,0,Ocio,171.28,expense,2026-04-15,1377.43,monthly
37,synthetic_user_37@example.com,0,Salud,117.29,expense,2026-04-09,1377.43,monthly
37,synthetic_user_37@example.com,0,Ingreso adicional,126.16,expense,2026-04-07,1377.43,monthly
38,synthetic_user_38@example.com,0,Ingreso Base,1561.49,income,2025-11-08,1509.25,monthly
38,synthetic_user_38@example.com,0,Inversion,127.09,investment,2025-11-20,1509.25,monthly
38,synthetic_user_38@example.com,0,Ingreso adicional,44.73,expense,2025-11-19,1509.25,monthly
38,synthetic_user_38@example.com,0,Alimentacion,37.31,expense,2025-11-03,1509.25,monthly
38,synthetic_user_38@example.com,0,Alimentacion,81.09,expense,2025-11-12,1509.25,monthly
38,synthetic_user_38@example.com,0,Ocio,72.13,expense,2025-11-06,1509.25,monthly
38,synthetic_user_38@example.com,0,Educacion,43.02,expense,2025-11-26,1509.25,monthly
38,synthetic_user_38@example.com,0,Educacion,51.52,expense,2025-11-16,1509.25,monthly
38,synthetic_user_38@example.com,0,Transporte,27.23,expense,2025-11-03,1509.25,monthly
38,synthetic_user_38@example.com,0,Salud,76.75,expense,2025-11-02,1509.25,monthly
38,synthetic_user_38@example.com,0,Servicios,93.8,expense,2025-11-13,1509.25,monthly
38,synthetic_user_38@example.com,0,Otro,65.46,expense,2025-11-05,1509.25,monthly
38,synthetic_user_38@example.com,0,Servicios,77.63,expense,2025-11-25,1509.25,monthly
38,synthetic_user_38@example.com,0,Otro,69.26,expense,2025-11-04,1509.25,monthly
38,synthetic_user_38@example.com,0,Gastos generales,64.49,expense,2025-11-26,1509.25,monthly
38,synthetic_user_38@example.com,0,Salud,70.06,expense,2025-11-03,1509.25,monthly
38,synthetic_user_38@example.com,0,Alimentacion,43.37,expense,2025-11-03,1509.25,monthly
38,synthetic_user_38@example.com,0,Servicios,72.76,expense,2025-11-08,1509.25,monthly
38,synthetic_user_38@example.com,0,rappi,54.31,expense,2025-11-03,1509.25,monthly
38,synthetic_user_38@example.com,0,Servicios,87.67,expense,2025-11-25,1509.25,monthly
38,synthetic_user_38@example.com,0,Vivienda,33.74,expense,2025-11-06,1509.25,monthly
38,synthetic_user_38@example.com,0,Ingreso Base,1771.28,income,2025-12-08,1509.25,monthly
38,synthetic_user_38@example.com,0,Inversion,205.58,investment,2025-12-12,1509.25,monthly
38,synthetic_user_38@example.com,0,Servicios,44.78,expense,2025-12-12,1509.25,monthly
38,synthetic_user_38@example.com,0,Servicios,107.47,expense,2025-12-25,1509.25,monthly
38,synthetic_user_38@example.com,0,Servicios,111.2,expense,2025-12-19,1509.25,monthly
38,synthetic_user_38@example.com,0,Otro,41.26,expense,2025-12-05,1509.25,monthly
38,synthetic_user_38@example.com,0,Alimentacion,114.14,expense,2025-12-17,1509.25,monthly
38,synthetic_user_38@example.com,0,Gastos generales,80.35,expense,2025-12-08,1509.25,monthly
38,synthetic_user_38@example.com,0,Servicios,102.16,expense,2025-12-18,1509.25,monthly
38,synthetic_user_38@example.com,0,Educacion,126.32,expense,2025-12-15,1509.25,monthly
38,synthetic_user_38@example.com,0,Educacion,120.42,expense,2025-12-02,1509.25,monthly
38,synthetic_user_38@example.com,0,Servicios,209.61,expense,2025-12-19,1509.25,monthly
38,synthetic_user_38@example.com,0,Gastos generales,140.66,expense,2025-12-22,1509.25,monthly
38,synthetic_user_38@example.com,0,Ingreso Base,1385.28,income,2026-01-07,1509.25,monthly
38,synthetic_user_38@example.com,0,Inversion,109.87,investment,2026-01-18,1509.25,monthly
38,synthetic_user_38@example.com,0,Compras,100.72,expense,2026-01-03,1509.25,monthly
38,synthetic_user_38@example.com,0,Alimentacion,70.51,expense,2026-01-15,1509.25,monthly
38,synthetic_user_38@example.com,0,Alimentacion,67.54,expense,2026-01-07,1509.25,monthly
38,synthetic_user_38@example.com,0,Gastos generales,112.47,expense,2026-01-20,1509.25,monthly
38,synthetic_user_38@example.com,0,Ingresos,66.93,expense,2026-01-10,1509.25,monthly
38,synthetic_user_38@example.com,0,Servicios,82.49,expense,2026-01-24,1509.25,monthly
38,synthetic_user_38@example.com,0,Compras,94.19,expense,2026-01-21,1509.25,monthly
38,synthetic_user_38@example.com,0,Alimentacion,67.09,expense,2026-01-20,1509.25,monthly
38,synthetic_user_38@example.com,0,Educacion,151.08,expense,2026-01-06,1509.25,monthly
38,synthetic_user_38@example.com,0,Transporte,115.95,expense,2026-01-14,1509.25,monthly
38,synthetic_user_38@example.com,0,Compras,97.11,expense,2026-01-05,1509.25,monthly
38,synthetic_user_38@example.com,0,Transporte,111.18,expense,2026-01-15,1509.25,monthly
38,synthetic_user_38@example.com,0,Servicios,66.55,expense,2026-01-16,1509.25,monthly
38,synthetic_user_38@example.com,0,Ingreso Base,1501.16,income,2026-02-06,1509.25,monthly
38,synthetic_user_38@example.com,0,Inversion,122.42,investment,2026-03-01,1509.25,monthly
38,synthetic_user_38@example.com,0,Servicios,111.54,expense,2026-02-27,1509.25,monthly
38,synthetic_user_38@example.com,0,Ocio,86.99,expense,2026-02-12,1509.25,monthly
38,synthetic_user_38@example.com,0,Gastos generales,61.61,expense,2026-02-07,1509.25,monthly
38,synthetic_user_38@example.com,0,Gastos generales,131.26,expense,2026-02-04,1509.25,monthly
38,synthetic_user_38@example.com,0,Compras,67.23,expense,2026-02-17,1509.25,monthly
38,synthetic_user_38@example.com,0,Compras,43.65,expense,2026-02-24,1509.25,monthly
38,synthetic_user_38@example.com,0,Compras,36.55,expense,2026-02-21,1509.25,monthly
38,synthetic_user_38@example.com,0,Vivienda,37.69,expense,2026-02-08,1509.25,monthly
38,synthetic_user_38@example.com,0,Educacion,65.69,expense,2026-02-26,1509.25,monthly
38,synthetic_user_38@example.com,0,rappi,143.63,expense,2026-02-20,1509.25,monthly
38,synthetic_user_38@example.com,0,Educacion,76.89,expense,2026-02-09,1509.25,monthly
38,synthetic_user_38@example.com,0,Servicios,114.58,expense,2026-02-18,1509.25,monthly
38,synthetic_user_38@example.com,0,Servicios,58.56,expense,2026-02-17,1509.25,monthly
38,synthetic_user_38@example.com,0,Alimentacion,76.36,expense,2026-02-27,1509.25,monthly
38,synthetic_user_38@example.com,0,Ingresos,142.98,expense,2026-02-03,1509.25,monthly
38,synthetic_user_38@example.com,0,Ingreso Base,1417.59,income,2026-03-08,1509.25,monthly
38,synthetic_user_38@example.com,0,Inversion,122.98,investment,2026-03-16,1509.25,monthly
38,synthetic_user_38@example.com,0,Servicios,80.94,expense,2026-03-25,1509.25,monthly
38,synthetic_user_38@example.com,0,Alimentacion,76.55,expense,2026-03-22,1509.25,monthly
38,synthetic_user_38@example.com,0,Servicios,84.79,expense,2026-03-20,1509.25,monthly
38,synthetic_user_38@example.com,0,Servicios,159.44,expense,2026-03-26,1509.25,monthly
38,synthetic_user_38@example.com,0,Compras,113.51,expense,2026-03-12,1509.25,monthly
38,synthetic_user_38@example.com,0,Gastos generales,63.96,expense,2026-03-23,1509.25,monthly
38,synthetic_user_38@example.com,0,rappi,140.01,expense,2026-03-22,1509.25,monthly
38,synthetic_user_38@example.com,0,Servicios,83.01,expense,2026-03-24,1509.25,monthly
38,synthetic_user_38@example.com,0,Otro,137.05,expense,2026-03-02,1509.25,monthly
38,synthetic_user_38@example.com,0,Alimentacion,170.26,expense,2026-03-11,1509.25,monthly
38,synthetic_user_38@example.com,0,Ingreso Base,1667.36,income,2026-04-07,1509.25,monthly
38,synthetic_user_38@example.com,0,Inversion,164.36,investment,2026-04-12,1509.25,monthly
38,synthetic_user_38@example.com,0,Salud,100.99,expense,2026-04-26,1509.25,monthly
38,synthetic_user_38@example.com,0,Servicios,126.18,expense,2026-04-26,1509.25,monthly
38,synthetic_user_38@example.com,0,Gastos generales,187.07,expense,2026-04-20,1509.25,monthly
38,synthetic_user_38@example.com,0,Alimentacion,107.7,expense,2026-04-24,1509.25,monthly
38,synthetic_user_38@example.com,0,Servicios,84.37,expense,2026-04-12,1509.25,monthly
38,synthetic_user_38@example.com,0,Gastos generales,72.59,expense,2026-04-20,1509.25,monthly
38,synthetic_user_38@example.com,0,Servicios,162.1,expense,2026-04-07,1509.25,monthly
38,synthetic_user_38@example.com,0,Alimentacion,61.67,expense,2026-04-12,1509.25,monthly
38,synthetic_user_38@example.com,0,Gastos generales,221.42,expense,2026-04-06,1509.25,monthly
38,synthetic_user_38@example.com,0,Servicios,90.16,expense,2026-04-27,1509.25,monthly
38,synthetic_user_38@example.com,0,Alimentacion,120.73,expense,2026-04-16,1509.25,monthly
38,synthetic_user_38@example.com,0,Suscripciones,76.08,expense,2026-04-25,1509.25,monthly
39,synthetic_user_39@example.com,0,Ingreso Base,1081.46,income,2025-11-08,1072.89,monthly
39,synthetic_user_39@example.com,0,Inversion,94.27,investment,2025-12-02,1072.89,monthly
39,synthetic_user_39@example.com,0,Ingreso adicional,70.88,expense,2025-11-07,1072.89,monthly
39,synthetic_user_39@example.com,0,rappi,81.44,expense,2025-11-18,1072.89,monthly
39,synthetic_user_39@example.com,0,Transporte,49.87,expense,2025-11-25,1072.89,monthly
39,synthetic_user_39@example.com,0,Servicios,65.88,expense,2025-11-25,1072.89,monthly
39,synthetic_user_39@example.com,0,Ingresos,38.5,expense,2025-11-27,1072.89,monthly
39,synthetic_user_39@example.com,0,Suscripciones,57.02,expense,2025-11-21,1072.89,monthly
39,synthetic_user_39@example.com,0,Servicios,58.28,expense,2025-11-14,1072.89,monthly
39,synthetic_user_39@example.com,0,Ingreso adicional,69.6,expense,2025-11-02,1072.89,monthly
39,synthetic_user_39@example.com,0,Compras,47.19,expense,2025-11-27,1072.89,monthly
39,synthetic_user_39@example.com,0,Ingreso adicional,48.7,expense,2025-11-07,1072.89,monthly
39,synthetic_user_39@example.com,0,Gastos generales,83.11,expense,2025-11-16,1072.89,monthly
39,synthetic_user_39@example.com,0,Ingreso adicional,50.74,expense,2025-11-21,1072.89,monthly
39,synthetic_user_39@example.com,0,Ingreso adicional,85.65,expense,2025-11-12,1072.89,monthly
39,synthetic_user_39@example.com,0,Ingreso adicional,51.79,expense,2025-11-04,1072.89,monthly
39,synthetic_user_39@example.com,0,Ingreso adicional,46.0,expense,2025-11-21,1072.89,monthly
39,synthetic_user_39@example.com,0,Ingreso Base,1037.26,income,2025-12-08,1072.89,monthly
39,synthetic_user_39@example.com,0,Inversion,49.17,investment,2025-12-22,1072.89,monthly
39,synthetic_user_39@example.com,0,Ingresos,141.37,expense,2025-12-14,1072.89,monthly
39,synthetic_user_39@example.com,0,Ocio,53.66,expense,2025-12-19,1072.89,monthly
39,synthetic_user_39@example.com,0,Servicios,55.18,expense,2025-12-25,1072.89,monthly
39,synthetic_user_39@example.com,0,Gastos generales,88.64,expense,2025-12-15,1072.89,monthly
39,synthetic_user_39@example.com,0,Ingresos,88.81,expense,2025-12-06,1072.89,monthly
39,synthetic_user_39@example.com,0,Servicios,130.42,expense,2025-12-05,1072.89,monthly
39,synthetic_user_39@example.com,0,Gastos generales,150.75,expense,2025-12-11,1072.89,monthly
39,synthetic_user_39@example.com,0,Ingreso adicional,143.59,expense,2025-12-07,1072.89,monthly
39,synthetic_user_39@example.com,0,Otro,123.37,expense,2025-12-07,1072.89,monthly
39,synthetic_user_39@example.com,0,Ingreso Base,943.73,income,2026-01-07,1072.89,monthly
39,synthetic_user_39@example.com,0,Inversion,99.72,investment,2026-01-17,1072.89,monthly
39,synthetic_user_39@example.com,0,Servicios,45.84,expense,2026-01-19,1072.89,monthly
39,synthetic_user_39@example.com,0,Gastos generales,35.75,expense,2026-01-17,1072.89,monthly
39,synthetic_user_39@example.com,0,Vivienda,54.77,expense,2026-01-22,1072.89,monthly
39,synthetic_user_39@example.com,0,Ocio,45.45,expense,2026-01-01,1072.89,monthly
39,synthetic_user_39@example.com,0,Ingreso adicional,39.42,expense,2026-01-19,1072.89,monthly
39,synthetic_user_39@example.com,0,Compras,46.12,expense,2026-01-15,1072.89,monthly
39,synthetic_user_39@example.com,0,Gastos generales,60.82,expense,2026-01-12,1072.89,monthly
39,synthetic_user_39@example.com,0,Compras,48.64,expense,2026-01-14,1072.89,monthly
39,synthetic_user_39@example.com,0,Ingreso adicional,59.06,expense,2026-01-19,1072.89,monthly
39,synthetic_user_39@example.com,0,Ingreso adicional,73.09,expense,2026-01-20,1072.89,monthly
39,synthetic_user_39@example.com,0,Gastos generales,24.64,expense,2026-01-12,1072.89,monthly
39,synthetic_user_39@example.com,0,Otro,73.09,expense,2026-01-13,1072.89,monthly
39,synthetic_user_39@example.com,0,Ingresos,79.37,expense,2026-01-25,1072.89,monthly
39,synthetic_user_39@example.com,0,Ingreso adicional,23.67,expense,2026-01-05,1072.89,monthly
39,synthetic_user_39@example.com,0,Ingresos,37.59,expense,2026-01-14,1072.89,monthly
39,synthetic_user_39@example.com,0,Ocio,54.72,expense,2026-01-11,1072.89,monthly
39,synthetic_user_39@example.com,0,Servicios,62.47,expense,2026-01-17,1072.89,monthly
39,synthetic_user_39@example.com,0,Ingreso Base,1089.19,income,2026-02-06,1072.89,monthly
39,synthetic_user_39@example.com,0,Inversion,128.1,investment,2026-02-16,1072.89,monthly
39,synthetic_user_39@example.com,0,Ingreso adicional,105.13,expense,2026-02-03,1072.89,monthly
39,synthetic_user_39@example.com,0,Suscripciones,65.7,expense,2026-02-03,1072.89,monthly
39,synthetic_user_39@example.com,0,Suscripciones,47.29,expense,2026-02-05,1072.89,monthly
39,synthetic_user_39@example.com,0,rappi,39.56,expense,2026-02-26,1072.89,monthly
39,synthetic_user_39@example.com,0,Gastos generales,57.19,expense,2026-02-12,1072.89,monthly
39,synthetic_user_39@example.com,0,Vivienda,52.52,expense,2026-02-22,1072.89,monthly
39,synthetic_user_39@example.com,0,Ingreso adicional,83.93,expense,2026-02-02,1072.89,monthly
39,synthetic_user_39@example.com,0,Servicios,30.4,expense,2026-02-10,1072.89,monthly
39,synthetic_user_39@example.com,0,Ingreso adicional,33.4,expense,2026-02-10,1072.89,monthly
39,synthetic_user_39@example.com,0,Vivienda,103.53,expense,2026-02-26,1072.89,monthly
39,synthetic_user_39@example.com,0,Alimentacion,71.43,expense,2026-02-07,1072.89,monthly
39,synthetic_user_39@example.com,0,Educacion,82.25,expense,2026-02-17,1072.89,monthly
39,synthetic_user_39@example.com,0,Ingreso adicional,54.75,expense,2026-02-24,1072.89,monthly
39,synthetic_user_39@example.com,0,Gastos generales,57.73,expense,2026-02-05,1072.89,monthly
39,synthetic_user_39@example.com,0,Ingreso Base,1069.51,income,2026-03-08,1072.89,monthly
39,synthetic_user_39@example.com,0,Inversion,104.07,investment,2026-03-23,1072.89,monthly
39,synthetic_user_39@example.com,0,Suscripciones,45.37,expense,2026-03-25,1072.89,monthly
39,synthetic_user_39@example.com,0,Ingreso adicional,40.79,expense,2026-03-12,1072.89,monthly
39,synthetic_user_39@example.com,0,rappi,78.53,expense,2026-03-19,1072.89,monthly
39,synthetic_user_39@example.com,0,Servicios,22.16,expense,2026-03-25,1072.89,monthly
39,synthetic_user_39@example.com,0,Ingresos,81.89,expense,2026-03-14,1072.89,monthly
39,synthetic_user_39@example.com,0,Suscripciones,64.94,expense,2026-03-14,1072.89,monthly
39,synthetic_user_39@example.com,0,Otro,83.98,expense,2026-03-09,1072.89,monthly
39,synthetic_user_39@example.com,0,Ingresos,54.57,expense,2026-03-07,1072.89,monthly
39,synthetic_user_39@example.com,0,Servicios,41.18,expense,2026-03-07,1072.89,monthly
39,synthetic_user_39@example.com,0,Ingresos,62.9,expense,2026-03-10,1072.89,monthly
39,synthetic_user_39@example.com,0,rappi,80.29,expense,2026-03-03,1072.89,monthly
39,synthetic_user_39@example.com,0,Suscripciones,77.38,expense,2026-03-20,1072.89,monthly
39,synthetic_user_39@example.com,0,Gastos generales,44.54,expense,2026-03-02,1072.89,monthly
39,synthetic_user_39@example.com,0,Ingreso adicional,47.57,expense,2026-03-06,1072.89,monthly
39,synthetic_user_39@example.com,0,Suscripciones,91.01,expense,2026-03-22,1072.89,monthly
39,synthetic_user_39@example.com,0,Ingreso adicional,84.73,expense,2026-03-03,1072.89,monthly
39,synthetic_user_39@example.com,0,Ingreso Base,1070.1,income,2026-04-07,1072.89,monthly
39,synthetic_user_39@example.com,0,Inversion,112.46,investment,2026-04-14,1072.89,monthly
39,synthetic_user_39@example.com,0,Servicios,92.9,expense,2026-04-08,1072.89,monthly
39,synthetic_user_39@example.com,0,Ingreso adicional,88.3,expense,2026-04-22,1072.89,monthly
39,synthetic_user_39@example.com,0,Ingreso adicional,56.06,expense,2026-04-07,1072.89,monthly
39,synthetic_user_39@example.com,0,Servicios,123.52,expense,2026-04-21,1072.89,monthly
39,synthetic_user_39@example.com,0,Servicios,97.02,expense,2026-04-23,1072.89,monthly
39,synthetic_user_39@example.com,0,Suscripciones,102.17,expense,2026-04-16,1072.89,monthly
39,synthetic_user_39@example.com,0,Ingreso adicional,26.9,expense,2026-04-27,1072.89,monthly
39,synthetic_user_39@example.com,0,Ingreso adicional,81.07,expense,2026-04-06,1072.89,monthly
39,synthetic_user_39@example.com,0,Transporte,144.39,expense,2026-04-21,1072.89,monthly
40,synthetic_user_40@example.com,0,Ingreso Base,942.34,income,2025-11-08,905.21,monthly
40,synthetic_user_40@example.com,0,Inversion,197.17,investment,2025-11-24,905.21,monthly
40,synthetic_user_40@example.com,0,Servicios,81.91,expense,2025-11-26,905.21,monthly
40,synthetic_user_40@example.com,0,Salud,52.61,expense,2025-11-13,905.21,monthly
40,synthetic_user_40@example.com,0,Ocio,67.44,expense,2025-11-01,905.21,monthly
40,synthetic_user_40@example.com,0,Ingreso adicional,83.6,expense,2025-11-20,905.21,monthly
40,synthetic_user_40@example.com,0,Gastos generales,69.72,expense,2025-11-11,905.21,monthly
40,synthetic_user_40@example.com,0,Ocio,34.69,expense,2025-11-05,905.21,monthly
40,synthetic_user_40@example.com,0,Servicios,24.32,expense,2025-11-13,905.21,monthly
40,synthetic_user_40@example.com,0,Suscripciones,54.34,expense,2025-11-20,905.21,monthly
40,synthetic_user_40@example.com,0,Servicios,45.14,expense,2025-11-25,905.21,monthly
40,synthetic_user_40@example.com,0,Ingresos,63.66,expense,2025-11-03,905.21,monthly
40,synthetic_user_40@example.com,0,Salud,79.83,expense,2025-11-19,905.21,monthly
40,synthetic_user_40@example.com,0,Salud,74.22,expense,2025-11-05,905.21,monthly
40,synthetic_user_40@example.com,0,Ingreso Base,773.08,income,2025-12-08,905.21,monthly
40,synthetic_user_40@example.com,0,Inversion,86.17,investment,2025-12-11,905.21,monthly
40,synthetic_user_40@example.com,0,rappi,77.6,expense,2025-12-23,905.21,monthly
40,synthetic_user_40@example.com,0,Ingresos,35.69,expense,2025-12-24,905.21,monthly
40,synthetic_user_40@example.com,0,Otro,33.5,expense,2025-12-25,905.21,monthly
40,synthetic_user_40@example.com,0,rappi,84.77,expense,2025-12-03,905.21,monthly
40,synthetic_user_40@example.com,0,rappi,30.56,expense,2025-12-20,905.21,monthly
40,synthetic_user_40@example.com,0,Ingresos,69.51,expense,2025-12-15,905.21,monthly
40,synthetic_user_40@example.com,0,Suscripciones,29.82,expense,2025-12-19,905.21,monthly
40,synthetic_user_40@example.com,0,Ingresos,77.16,expense,2025-12-13,905.21,monthly
40,synthetic_user_40@example.com,0,rappi,78.13,expense,2025-12-14,905.21,monthly
40,synthetic_user_40@example.com,0,Ingreso Base,885.41,income,2026-01-07,905.21,monthly
40,synthetic_user_40@example.com,0,Inversion,120.61,investment,2026-01-10,905.21,monthly
40,synthetic_user_40@example.com,0,Otro,27.22,expense,2026-01-12,905.21,monthly
40,synthetic_user_40@example.com,0,Gastos generales,37.34,expense,2026-01-21,905.21,monthly
40,synthetic_user_40@example.com,0,rappi,37.24,expense,2026-01-20,905.21,monthly
40,synthetic_user_40@example.com,0,Suscripciones,33.58,expense,2026-01-13,905.21,monthly
40,synthetic_user_40@example.com,0,Ingresos,32.72,expense,2026-01-02,905.21,monthly
40,synthetic_user_40@example.com,0,Ocio,32.99,expense,2026-01-05,905.21,monthly
40,synthetic_user_40@example.com,0,Vivienda,33.66,expense,2026-01-06,905.21,monthly
40,synthetic_user_40@example.com,0,rappi,46.76,expense,2026-01-11,905.21,monthly
40,synthetic_user_40@example.com,0,Servicios,15.02,expense,2026-01-22,905.21,monthly
40,synthetic_user_40@example.com,0,Ingresos,29.29,expense,2026-01-01,905.21,monthly
40,synthetic_user_40@example.com,0,Ingreso adicional,36.37,expense,2026-01-20,905.21,monthly
40,synthetic_user_40@example.com,0,Salud,38.75,expense,2026-01-02,905.21,monthly
40,synthetic_user_40@example.com,0,Ingreso adicional,31.13,expense,2026-01-26,905.21,monthly
40,synthetic_user_40@example.com,0,Ingreso adicional,45.91,expense,2026-01-20,905.21,monthly
40,synthetic_user_40@example.com,0,Suscripciones,45.34,expense,2026-01-05,905.21,monthly
40,synthetic_user_40@example.com,0,Vivienda,41.97,expense,2026-01-15,905.21,monthly
40,synthetic_user_40@example.com,0,rappi,40.11,expense,2026-01-18,905.21,monthly
40,synthetic_user_40@example.com,0,Ingreso Base,942.47,income,2026-02-06,905.21,monthly
40,synthetic_user_40@example.com,0,Inversion,184.29,investment,2026-03-02,905.21,monthly
40,synthetic_user_40@example.com,0,Salud,114.13,expense,2026-02-21,905.21,monthly
40,synthetic_user_40@example.com,0,rappi,56.33,expense,2026-02-21,905.21,monthly
40,synthetic_user_40@example.com,0,Ingresos,97.41,expense,2026-02-21,905.21,monthly
40,synthetic_user_40@example.com,0,rappi,28.19,expense,2026-02-09,905.21,monthly
40,synthetic_user_40@example.com,0,Educacion,20.59,expense,2026-02-12,905.21,monthly
40,synthetic_user_40@example.com,0,Educacion,135.98,expense,2026-02-09,905.21,monthly
40,synthetic_user_40@example.com,0,Gastos generales,60.51,expense,2026-02-18,905.21,monthly
40,synthetic_user_40@example.com,0,Ingresos,34.63,expense,2026-02-26,905.21,monthly
40,synthetic_user_40@example.com,0,Salud,118.54,expense,2026-02-15,905.21,monthly
40,synthetic_user_40@example.com,0,Ingreso Base,850.97,income,2026-03-08,905.21,monthly
40,synthetic_user_40@example.com,0,Inversion,147.98,investment,2026-03-15,905.21,monthly
40,synthetic_user_40@example.com,0,Salud,54.53,expense,2026-03-05,905.21,monthly
40,synthetic_user_40@example.com,0,rappi,90.26,expense,2026-03-08,905.21,monthly
40,synthetic_user_40@example.com,0,rappi,82.03,expense,2026-03-11,905.21,monthly
40,synthetic_user_40@example.com,0,Suscripciones,27.97,expense,2026-03-09,905.21,monthly
40,synthetic_user_40@example.com,0,Servicios,59.92,expense,2026-03-16,905.21,monthly
40,synthetic_user_40@example.com,0,Ingreso adicional,105.53,expense,2026-03-26,905.21,monthly
40,synthetic_user_40@example.com,0,Gastos generales,76.45,expense,2026-03-02,905.21,monthly
40,synthetic_user_40@example.com,0,Educacion,48.44,expense,2026-03-19,905.21,monthly
40,synthetic_user_40@example.com,0,rappi,57.78,expense,2026-03-15,905.21,monthly
40,synthetic_user_40@example.com,0,Alimentacion,61.28,expense,2026-03-20,905.21,monthly
40,synthetic_user_40@example.com,0,Suscripciones,58.05,expense,2026-03-19,905.21,monthly
40,synthetic_user_40@example.com,0,Gastos generales,87.92,expense,2026-03-12,905.21,monthly
40,synthetic_user_40@example.com,0,Ingreso Base,1049.37,income,2026-04-07,905.21,monthly
40,synthetic_user_40@example.com,0,Inversion,147.78,investment,2026-04-17,905.21,monthly
40,synthetic_user_40@example.com,0,Educacion,124.77,expense,2026-04-22,905.21,monthly
40,synthetic_user_40@example.com,0,Servicios,143.03,expense,2026-04-10,905.21,monthly
40,synthetic_user_40@example.com,0,Ingresos,44.26,expense,2026-04-11,905.21,monthly
40,synthetic_user_40@example.com,0,rappi,89.04,expense,2026-04-13,905.21,monthly
40,synthetic_user_40@example.com,0,rappi,104.52,expense,2026-04-23,905.21,monthly
40,synthetic_user_40@example.com,0,Suscripciones,125.76,expense,2026-04-23,905.21,monthly
40,synthetic_user_40@example.com,0,Servicios,118.12,expense,2026-04-24,905.21,monthly
40,synthetic_user_40@example.com,0,Ingreso adicional,51.74,expense,2026-04-15,905.21,monthly
41,synthetic_user_41@example.com,0,Ingreso Base,1649.36,income,2025-11-08,1755.83,monthly
41,synthetic_user_41@example.com,0,Inversion,122.32,investment,2025-11-27,1755.83,monthly
41,synthetic_user_41@example.com,0,Gastos generales,72.64,expense,2025-11-12,1755.83,monthly
41,synthetic_user_41@example.com,0,Compras,165.96,expense,2025-11-02,1755.83,monthly
41,synthetic_user_41@example.com,0,Gastos generales,154.9,expense,2025-11-19,1755.83,monthly
41,synthetic_user_41@example.com,0,Compras,148.31,expense,2025-11-07,1755.83,monthly
41,synthetic_user_41@example.com,0,Compras,172.17,expense,2025-11-20,1755.83,monthly
41,synthetic_user_41@example.com,0,Suscripciones,39.72,expense,2025-11-23,1755.83,monthly
41,synthetic_user_41@example.com,0,Transporte,89.65,expense,2025-11-20,1755.83,monthly
41,synthetic_user_41@example.com,0,Servicios,112.91,expense,2025-11-25,1755.83,monthly
41,synthetic_user_41@example.com,0,Servicios,107.97,expense,2025-11-21,1755.83,monthly
41,synthetic_user_41@example.com,0,Ingresos,152.61,expense,2025-11-14,1755.83,monthly
41,synthetic_user_41@example.com,0,Salud,149.73,expense,2025-11-10,1755.83,monthly
41,synthetic_user_41@example.com,0,Gastos generales,176.05,expense,2025-11-21,1755.83,monthly
41,synthetic_user_41@example.com,0,Servicios,147.27,expense,2025-11-10,1755.83,monthly
41,synthetic_user_41@example.com,0,Ingreso Base,1877.45,income,2025-12-08,1755.83,monthly
41,synthetic_user_41@example.com,0,Inversion,137.42,investment,2025-12-28,1755.83,monthly
41,synthetic_user_41@example.com,0,Otro,151.57,expense,2025-12-04,1755.83,monthly
41,synthetic_user_41@example.com,0,Otro,282.67,expense,2025-12-27,1755.83,monthly
41,synthetic_user_41@example.com,0,Compras,198.57,expense,2025-12-03,1755.83,monthly
41,synthetic_user_41@example.com,0,Salud,213.01,expense,2025-12-24,1755.83,monthly
41,synthetic_user_41@example.com,0,Otro,308.96,expense,2025-12-03,1755.83,monthly
41,synthetic_user_41@example.com,0,Transporte,92.22,expense,2025-12-27,1755.83,monthly
41,synthetic_user_41@example.com,0,Servicios,253.06,expense,2025-12-03,1755.83,monthly
41,synthetic_user_41@example.com,0,Servicios,255.72,expense,2025-12-13,1755.83,monthly
41,synthetic_user_41@example.com,0,Ingreso Base,2049.09,income,2026-01-07,1755.83,monthly
41,synthetic_user_41@example.com,0,Inversion,132.68,investment,2026-01-15,1755.83,monthly
41,synthetic_user_41@example.com,0,Educacion,77.6,expense,2026-01-12,1755.83,monthly
41,synthetic_user_41@example.com,0,Transporte,150.02,expense,2026-01-06,1755.83,monthly
41,synthetic_user_41@example.com,0,Salud,122.32,expense,2026-01-23,1755.83,monthly
41,synthetic_user_41@example.com,0,Compras,43.22,expense,2026-01-27,1755.83,monthly
41,synthetic_user_41@example.com,0,Salud,35.59,expense,2026-01-17,1755.83,monthly
41,synthetic_user_41@example.com,0,Vivienda,99.86,expense,2026-01-06,1755.83,monthly
41,synthetic_user_41@example.com,0,Ingreso adicional,59.94,expense,2026-01-15,1755.83,monthly
41,synthetic_user_41@example.com,0,Servicios,104.39,expense,2026-01-04,1755.83,monthly
41,synthetic_user_41@example.com,0,Ingreso adicional,57.47,expense,2026-01-23,1755.83,monthly
41,synthetic_user_41@example.com,0,Compras,116.37,expense,2026-01-02,1755.83,monthly
41,synthetic_user_41@example.com,0,Salud,21.81,expense,2026-01-23,1755.83,monthly
41,synthetic_user_41@example.com,0,Salud,70.42,expense,2026-01-07,1755.83,monthly
41,synthetic_user_41@example.com,0,Salud,75.66,expense,2026-01-12,1755.83,monthly
41,synthetic_user_41@example.com,0,Salud,190.93,expense,2026-01-17,1755.83,monthly
41,synthetic_user_41@example.com,0,Compras,108.69,expense,2026-01-02,1755.83,monthly
41,synthetic_user_41@example.com,0,Salud,62.1,expense,2026-01-01,1755.83,monthly
41,synthetic_user_41@example.com,0,rappi,167.68,expense,2026-01-03,1755.83,monthly
41,synthetic_user_41@example.com,0,Servicios,108.65,expense,2026-01-23,1755.83,monthly
41,synthetic_user_41@example.com,0,Ingreso Base,1537.89,income,2026-02-06,1755.83,monthly
41,synthetic_user_41@example.com,0,Inversion,111.96,investment,2026-02-28,1755.83,monthly
41,synthetic_user_41@example.com,0,Salud,65.76,expense,2026-02-22,1755.83,monthly
41,synthetic_user_41@example.com,0,Vivienda,80.31,expense,2026-02-16,1755.83,monthly
41,synthetic_user_41@example.com,0,Vivienda,55.18,expense,2026-02-13,1755.83,monthly
41,synthetic_user_41@example.com,0,Ingreso adicional,88.47,expense,2026-02-11,1755.83,monthly
41,synthetic_user_41@example.com,0,Ingreso adicional,105.23,expense,2026-02-17,1755.83,monthly
41,synthetic_user_41@example.com,0,Vivienda,71.86,expense,2026-02-01,1755.83,monthly
41,synthetic_user_41@example.com,0,Educacion,65.76,expense,2026-02-02,1755.83,monthly
41,synthetic_user_41@example.com,0,Compras,76.16,expense,2026-02-09,1755.83,monthly
41,synthetic_user_41@example.com,0,Otro,91.03,expense,2026-02-27,1755.83,monthly
41,synthetic_user_41@example.com,0,Salud,42.62,expense,2026-02-26,1755.83,monthly
41,synthetic_user_41@example.com,0,Salud,100.15,expense,2026-02-18,1755.83,monthly
41,synthetic_user_41@example.com,0,Ingreso adicional,77.95,expense,2026-02-10,1755.83,monthly
41,synthetic_user_41@example.com,0,Salud,56.78,expense,2026-02-24,1755.83,monthly
41,synthetic_user_41@example.com,0,Salud,68.01,expense,2026-02-21,1755.83,monthly
41,synthetic_user_41@example.com,0,Salud,94.6,expense,2026-02-04,1755.83,monthly
41,synthetic_user_41@example.com,0,Compras,112.62,expense,2026-02-19,1755.83,monthly
41,synthetic_user_41@example.com,0,Salud,58.78,expense,2026-02-22,1755.83,monthly
41,synthetic_user_41@example.com,0,Ingreso Base,1525.64,income,2026-03-08,1755.83,monthly
41,synthetic_user_41@example.com,0,Inversion,85.01,investment,2026-03-25,1755.83,monthly
41,synthetic_user_41@example.com,0,Salud,111.16,expense,2026-03-22,1755.83,monthly
41,synthetic_user_41@example.com,0,Otro,91.77,expense,2026-03-22,1755.83,monthly
41,synthetic_user_41@example.com,0,Transporte,45.63,expense,2026-03-01,1755.83,monthly
41,synthetic_user_41@example.com,0,Compras,89.21,expense,2026-03-20,1755.83,monthly
41,synthetic_user_41@example.com,0,Servicios,80.47,expense,2026-03-16,1755.83,monthly
41,synthetic_user_41@example.com,0,Gastos generales,103.02,expense,2026-03-14,1755.83,monthly
41,synthetic_user_41@example.com,0,Gastos generales,64.99,expense,2026-03-17,1755.83,monthly
41,synthetic_user_41@example.com,0,Suscripciones,60.74,expense,2026-03-03,1755.83,monthly
41,synthetic_user_41@example.com,0,Educacion,82.19,expense,2026-03-18,1755.83,monthly
41,synthetic_user_41@example.com,0,Vivienda,57.73,expense,2026-03-24,1755.83,monthly
41,synthetic_user_41@example.com,0,Salud,98.32,expense,2026-03-26,1755.83,monthly
41,synthetic_user_41@example.com,0,Compras,105.68,expense,2026-03-06,1755.83,monthly
41,synthetic_user_41@example.com,0,Salud,74.01,expense,2026-03-02,1755.83,monthly
41,synthetic_user_41@example.com,0,Ingresos,52.25,expense,2026-03-26,1755.83,monthly
41,synthetic_user_41@example.com,0,Salud,29.18,expense,2026-03-05,1755.83,monthly
41,synthetic_user_41@example.com,0,Vivienda,50.63,expense,2026-03-27,1755.83,monthly
41,synthetic_user_41@example.com,0,Servicios,78.25,expense,2026-03-18,1755.83,monthly
41,synthetic_user_41@example.com,0,Gastos generales,75.31,expense,2026-03-19,1755.83,monthly
41,synthetic_user_41@example.com,0,Ingreso Base,1693.04,income,2026-04-07,1755.83,monthly
41,synthetic_user_41@example.com,0,Inversion,108.97,investment,2026-04-21,1755.83,monthly
41,synthetic_user_41@example.com,0,Transporte,75.17,expense,2026-04-13,1755.83,monthly
41,synthetic_user_41@example.com,0,Compras,93.27,expense,2026-04-18,1755.83,monthly
41,synthetic_user_41@example.com,0,Salud,78.17,expense,2026-04-06,1755.83,monthly
41,synthetic_user_41@example.com,0,Ocio,90.76,expense,2026-04-13,1755.83,monthly
41,synthetic_user_41@example.com,0,Ingresos,106.81,expense,2026-04-04,1755.83,monthly
41,synthetic_user_41@example.com,0,Ocio,78.85,expense,2026-04-23,1755.83,monthly
41,synthetic_user_41@example.com,0,Servicios,159.24,expense,2026-04-17,1755.83,monthly
41,synthetic_user_41@example.com,0,Servicios,94.16,expense,2026-04-07,1755.83,monthly
41,synthetic_user_41@example.com,0,Otro,106.36,expense,2026-04-25,1755.83,monthly
41,synthetic_user_41@example.com,0,Servicios,79.55,expense,2026-04-01,1755.83,monthly
41,synthetic_user_41@example.com,0,Ocio,111.17,expense,2026-04-27,1755.83,monthly
41,synthetic_user_41@example.com,0,Alimentacion,11.2,expense,2026-04-25,1755.83,monthly
41,synthetic_user_41@example.com,0,Alimentacion,73.99,expense,2026-04-03,1755.83,monthly
41,synthetic_user_41@example.com,0,Salud,77.02,expense,2026-04-09,1755.83,monthly
41,synthetic_user_41@example.com,0,Vivienda,33.76,expense,2026-04-22,1755.83,monthly
41,synthetic_user_41@example.com,0,Ingresos,91.64,expense,2026-04-12,1755.83,monthly
41,synthetic_user_41@example.com,0,Salud,81.72,expense,2026-04-05,1755.83,monthly
41,synthetic_user_41@example.com,0,Otro,94.47,expense,2026-04-04,1755.83,monthly
41,synthetic_user_41@example.com,0,Compras,81.35,expense,2026-04-01,1755.83,monthly
42,synthetic_user_42@example.com,0,Ingreso Base,1168.92,income,2025-11-08,1081.53,monthly
42,synthetic_user_42@example.com,0,Inversion,101.61,investment,2025-11-28,1081.53,monthly
42,synthetic_user_42@example.com,0,Suscripciones,109.32,expense,2025-11-20,1081.53,monthly
42,synthetic_user_42@example.com,0,Transporte,31.89,expense,2025-11-02,1081.53,monthly
42,synthetic_user_42@example.com,0,Suscripciones,62.51,expense,2025-11-10,1081.53,monthly
42,synthetic_user_42@example.com,0,Gastos generales,57.65,expense,2025-11-16,1081.53,monthly
42,synthetic_user_42@example.com,0,Suscripciones,73.84,expense,2025-11-12,1081.53,monthly
42,synthetic_user_42@example.com,0,Transporte,52.44,expense,2025-11-22,1081.53,monthly
42,synthetic_user_42@example.com,0,Otro,51.65,expense,2025-11-19,1081.53,monthly
42,synthetic_user_42@example.com,0,Ocio,95.04,expense,2025-11-02,1081.53,monthly
42,synthetic_user_42@example.com,0,Otro,46.95,expense,2025-11-17,1081.53,monthly
42,synthetic_user_42@example.com,0,Gastos generales,87.57,expense,2025-11-21,1081.53,monthly
42,synthetic_user_42@example.com,0,Otro,44.05,expense,2025-11-20,1081.53,monthly
42,synthetic_user_42@example.com,0,Ocio,93.32,expense,2025-11-26,1081.53,monthly
42,synthetic_user_42@example.com,0,Educacion,93.02,expense,2025-11-26,1081.53,monthly
42,synthetic_user_42@example.com,0,Servicios,54.89,expense,2025-11-02,1081.53,monthly
42,synthetic_user_42@example.com,0,Transporte,82.47,expense,2025-11-05,1081.53,monthly
42,synthetic_user_42@example.com,0,Ingreso Base,1058.9,income,2025-12-08,1081.53,monthly
42,synthetic_user_42@example.com,0,Inversion,85.46,investment,2025-12-26,1081.53,monthly
42,synthetic_user_42@example.com,0,Otro,42.95,expense,2025-12-26,1081.53,monthly
42,synthetic_user_42@example.com,0,Transporte,66.0,expense,2025-12-19,1081.53,monthly
42,synthetic_user_42@example.com,0,Ingreso adicional,37.24,expense,2025-12-07,1081.53,monthly
42,synthetic_user_42@example.com,0,Salud,62.99,expense,2025-12-15,1081.53,monthly
42,synthetic_user_42@example.com,0,Otro,61.13,expense,2025-12-15,1081.53,monthly
42,synthetic_user_42@example.com,0,Otro,84.69,expense,2025-12-05,1081.53,monthly
42,synthetic_user_42@example.com,0,Otro,65.53,expense,2025-12-21,1081.53,monthly
42,synthetic_user_42@example.com,0,Gastos generales,46.3,expense,2025-12-04,1081.53,monthly
42,synthetic_user_42@example.com,0,Servicios,74.17,expense,2025-12-23,1081.53,monthly
42,synthetic_user_42@example.com,0,Ingreso adicional,82.58,expense,2025-12-19,1081.53,monthly
42,synthetic_user_42@example.com,0,Educacion,93.67,expense,2025-12-17,1081.53,monthly
42,synthetic_user_42@example.com,0,Ingreso adicional,100.18,expense,2025-12-08,1081.53,monthly
42,synthetic_user_42@example.com,0,Ingreso Base,1194.44,income,2026-01-07,1081.53,monthly
42,synthetic_user_42@example.com,0,Inversion,86.46,investment,2026-01-30,1081.53,monthly
42,synthetic_user_42@example.com,0,Salud,84.51,expense,2026-01-12,1081.53,monthly
42,synthetic_user_42@example.com,0,Compras,59.23,expense,2026-01-11,1081.53,monthly
42,synthetic_user_42@example.com,0,Servicios,51.83,expense,2026-01-12,1081.53,monthly
42,synthetic_user_42@example.com,0,Suscripciones,74.72,expense,2026-01-11,1081.53,monthly
42,synthetic_user_42@example.com,0,Educacion,84.89,expense,2026-01-14,1081.53,monthly
42,synthetic_user_42@example.com,0,Compras,102.23,expense,2026-01-04,1081.53,monthly
42,synthetic_user_42@example.com,0,Transporte,48.88,expense,2026-01-27,1081.53,monthly
42,synthetic_user_42@example.com,0,Gastos generales,53.84,expense,2026-01-13,1081.53,monthly
42,synthetic_user_42@example.com,0,Educacion,46.74,expense,2026-01-17,1081.53,monthly
42,synthetic_user_42@example.com,0,Educacion,25.11,expense,2026-01-09,1081.53,monthly
42,synthetic_user_42@example.com,0,Gastos generales,59.96,expense,2026-01-13,1081.53,monthly
42,synthetic_user_42@example.com,0,Suscripciones,63.04,expense,2026-01-09,1081.53,monthly
42,synthetic_user_42@example.com,0,Ingreso adicional,89.09,expense,2026-01-24,1081.53,monthly
42,synthetic_user_42@example.com,0,Transporte,21.08,expense,2026-01-26,1081.53,monthly
42,synthetic_user_42@example.com,0,Otro,68.56,expense,2026-01-26,1081.53,monthly
42,synthetic_user_42@example.com,0,Ingreso Base,975.99,income,2026-02-06,1081.53,monthly
42,synthetic_user_42@example.com,0,Inversion,101.7,investment,2026-02-13,1081.53,monthly
42,synthetic_user_42@example.com,0,Transporte,69.62,expense,2026-02-02,1081.53,monthly
42,synthetic_user_42@example.com,0,Servicios,32.48,expense,2026-02-11,1081.53,monthly
42,synthetic_user_42@example.com,0,rappi,34.7,expense,2026-02-25,1081.53,monthly
42,synthetic_user_42@example.com,0,Educacion,48.73,expense,2026-02-14,1081.53,monthly
42,synthetic_user_42@example.com,0,Ocio,58.82,expense,2026-02-05,1081.53,monthly
42,synthetic_user_42@example.com,0,Vivienda,35.52,expense,2026-02-19,1081.53,monthly
42,synthetic_user_42@example.com,0,Otro,74.45,expense,2026-02-17,1081.53,monthly
42,synthetic_user_42@example.com,0,Servicios,18.38,expense,2026-02-05,1081.53,monthly
42,synthetic_user_42@example.com,0,Ocio,46.94,expense,2026-02-12,1081.53,monthly
42,synthetic_user_42@example.com,0,rappi,41.25,expense,2026-02-02,1081.53,monthly
42,synthetic_user_42@example.com,0,Educacion,33.27,expense,2026-02-20,1081.53,monthly
42,synthetic_user_42@example.com,0,Ingreso adicional,51.66,expense,2026-02-19,1081.53,monthly
42,synthetic_user_42@example.com,0,rappi,45.47,expense,2026-02-06,1081.53,monthly
42,synthetic_user_42@example.com,0,Educacion,27.5,expense,2026-02-09,1081.53,monthly
42,synthetic_user_42@example.com,0,Servicios,21.5,expense,2026-02-14,1081.53,monthly
42,synthetic_user_42@example.com,0,Educacion,65.13,expense,2026-02-20,1081.53,monthly
42,synthetic_user_42@example.com,0,Transporte,60.69,expense,2026-02-24,1081.53,monthly
42,synthetic_user_42@example.com,0,Compras,46.5,expense,2026-02-08,1081.53,monthly
42,synthetic_user_42@example.com,0,Ingreso Base,1144.64,income,2026-03-08,1081.53,monthly
42,synthetic_user_42@example.com,0,Inversion,110.55,investment,2026-03-24,1081.53,monthly
42,synthetic_user_42@example.com,0,Compras,40.23,expense,2026-03-06,1081.53,monthly
42,synthetic_user_42@example.com,0,Vivienda,170.82,expense,2026-03-22,1081.53,monthly
42,synthetic_user_42@example.com,0,Servicios,80.46,expense,2026-03-04,1081.53,monthly
42,synthetic_user_42@example.com,0,Alimentacion,62.69,expense,2026-03-05,1081.53,monthly
42,synthetic_user_42@example.com,0,Ingreso adicional,75.61,expense,2026-03-03,1081.53,monthly
42,synthetic_user_42@example.com,0,Otro,148.43,expense,2026-03-21,1081.53,monthly
42,synthetic_user_42@example.com,0,Educacion,104.12,expense,2026-03-17,1081.53,monthly
42,synthetic_user_42@example.com,0,Educacion,36.4,expense,2026-03-03,1081.53,monthly
42,synthetic_user_42@example.com,0,Ingreso adicional,74.12,expense,2026-03-24,1081.53,monthly
42,synthetic_user_42@example.com,0,Ingreso Base,998.52,income,2026-04-07,1081.53,monthly
42,synthetic_user_42@example.com,0,Inversion,70.68,investment,2026-04-28,1081.53,monthly
42,synthetic_user_42@example.com,0,Otro,31.36,expense,2026-04-23,1081.53,monthly
42,synthetic_user_42@example.com,0,rappi,58.62,expense,2026-04-20,1081.53,monthly
42,synthetic_user_42@example.com,0,Suscripciones,60.59,expense,2026-04-07,1081.53,monthly
42,synthetic_user_42@example.com,0,Educacion,109.63,expense,2026-04-11,1081.53,monthly
42,synthetic_user_42@example.com,0,Ingreso adicional,89.61,expense,2026-04-24,1081.53,monthly
42,synthetic_user_42@example.com,0,Salud,74.69,expense,2026-04-10,1081.53,monthly
42,synthetic_user_42@example.com,0,Transporte,89.01,expense,2026-04-19,1081.53,monthly
42,synthetic_user_42@example.com,0,rappi,120.72,expense,2026-04-16,1081.53,monthly
42,synthetic_user_42@example.com,0,Compras,112.08,expense,2026-04-18,1081.53,monthly
42,synthetic_user_42@example.com,0,Educacion,157.7,expense,2026-04-23,1081.53,monthly
43,synthetic_user_43@example.com,0,Ingreso Base,1956.22,income,2025-11-08,1983.73,monthly
43,synthetic_user_43@example.com,0,Inversion,250.91,investment,2025-11-14,1983.73,monthly
43,synthetic_user_43@example.com,0,Salud,128.32,expense,2025-11-23,1983.73,monthly
43,synthetic_user_43@example.com,0,Servicios,127.08,expense,2025-11-27,1983.73,monthly
43,synthetic_user_43@example.com,0,Transporte,150.46,expense,2025-11-19,1983.73,monthly
43,synthetic_user_43@example.com,0,Salud,205.02,expense,2025-11-20,1983.73,monthly
43,synthetic_user_43@example.com,0,Otro,166.0,expense,2025-11-14,1983.73,monthly
43,synthetic_user_43@example.com,0,Vivienda,99.99,expense,2025-11-11,1983.73,monthly
43,synthetic_user_43@example.com,0,Suscripciones,144.61,expense,2025-11-06,1983.73,monthly
43,synthetic_user_43@example.com,0,Servicios,81.54,expense,2025-11-14,1983.73,monthly
43,synthetic_user_43@example.com,0,Suscripciones,209.08,expense,2025-11-12,1983.73,monthly
43,synthetic_user_43@example.com,0,Gastos generales,87.36,expense,2025-11-05,1983.73,monthly
43,synthetic_user_43@example.com,0,Compras,113.49,expense,2025-11-12,1983.73,monthly
43,synthetic_user_43@example.com,0,Ingreso Base,1754.87,income,2025-12-08,1983.73,monthly
43,synthetic_user_43@example.com,0,Inversion,164.0,investment,2025-12-13,1983.73,monthly
43,synthetic_user_43@example.com,0,Suscripciones,91.52,expense,2025-12-23,1983.73,monthly
43,synthetic_user_43@example.com,0,Compras,112.25,expense,2025-12-13,1983.73,monthly
43,synthetic_user_43@example.com,0,Servicios,151.16,expense,2025-12-14,1983.73,monthly
43,synthetic_user_43@example.com,0,Suscripciones,101.0,expense,2025-12-24,1983.73,monthly
43,synthetic_user_43@example.com,0,Gastos generales,80.94,expense,2025-12-01,1983.73,monthly
43,synthetic_user_43@example.com,0,Suscripciones,102.85,expense,2025-12-26,1983.73,monthly
43,synthetic_user_43@example.com,0,rappi,98.87,expense,2025-12-10,1983.73,monthly
43,synthetic_user_43@example.com,0,Vivienda,135.02,expense,2025-12-16,1983.73,monthly
43,synthetic_user_43@example.com,0,Otro,57.6,expense,2025-12-02,1983.73,monthly
43,synthetic_user_43@example.com,0,Servicios,56.37,expense,2025-12-03,1983.73,monthly
43,synthetic_user_43@example.com,0,Alimentacion,117.63,expense,2025-12-15,1983.73,monthly
43,synthetic_user_43@example.com,0,Servicios,71.72,expense,2025-12-16,1983.73,monthly
43,synthetic_user_43@example.com,0,Servicios,85.92,expense,2025-12-18,1983.73,monthly
43,synthetic_user_43@example.com,0,Ingreso Base,1737.76,income,2026-01-07,1983.73,monthly
43,synthetic_user_43@example.com,0,Inversion,141.06,investment,2026-01-18,1983.73,monthly
43,synthetic_user_43@example.com,0,Alimentacion,222.46,expense,2026-01-19,1983.73,monthly
43,synthetic_user_43@example.com,0,Suscripciones,137.9,expense,2026-01-04,1983.73,monthly
43,synthetic_user_43@example.com,0,Servicios,100.38,expense,2026-01-08,1983.73,monthly
43,synthetic_user_43@example.com,0,Alimentacion,237.38,expense,2026-01-16,1983.73,monthly
43,synthetic_user_43@example.com,0,Servicios,181.05,expense,2026-01-12,1983.73,monthly
43,synthetic_user_43@example.com,0,Compras,144.32,expense,2026-01-26,1983.73,monthly
43,synthetic_user_43@example.com,0,Salud,162.68,expense,2026-01-17,1983.73,monthly
43,synthetic_user_43@example.com,0,Alimentacion,208.08,expense,2026-01-06,1983.73,monthly
43,synthetic_user_43@example.com,0,Ingreso Base,1895.43,income,2026-02-06,1983.73,monthly
43,synthetic_user_43@example.com,0,Inversion,226.96,investment,2026-02-24,1983.73,monthly
43,synthetic_user_43@example.com,0,Compras,55.32,expense,2026-02-10,1983.73,monthly
43,synthetic_user_43@example.com,0,Compras,69.91,expense,2026-02-12,1983.73,monthly
43,synthetic_user_43@example.com,0,Servicios,93.13,expense,2026-02-18,1983.73,monthly
43,synthetic_user_43@example.com,0,Vivienda,95.44,expense,2026-02-19,1983.73,monthly
43,synthetic_user_43@example.com,0,Alimentacion,87.62,expense,2026-02-20,1983.73,monthly
43,synthetic_user_43@example.com,0,Educacion,91.67,expense,2026-02-07,1983.73,monthly
43,synthetic_user_43@example.com,0,Compras,47.14,expense,2026-02-12,1983.73,monthly
43,synthetic_user_43@example.com,0,Ingreso adicional,68.87,expense,2026-02-07,1983.73,monthly
43,synthetic_user_43@example.com,0,Compras,106.65,expense,2026-02-18,1983.73,monthly
43,synthetic_user_43@example.com,0,Educacion,91.17,expense,2026-02-13,1983.73,monthly
43,synthetic_user_43@example.com,0,Servicios,30.11,expense,2026-02-21,1983.73,monthly
43,synthetic_user_43@example.com,0,Ocio,70.04,expense,2026-02-06,1983.73,monthly
43,synthetic_user_43@example.com,0,Alimentacion,43.94,expense,2026-02-01,1983.73,monthly
43,synthetic_user_43@example.com,0,rappi,122.87,expense,2026-02-25,1983.73,monthly
43,synthetic_user_43@example.com,0,Suscripciones,75.57,expense,2026-02-04,1983.73,monthly
43,synthetic_user_43@example.com,0,rappi,105.55,expense,2026-02-02,1983.73,monthly
43,synthetic_user_43@example.com,0,Educacion,106.45,expense,2026-02-07,1983.73,monthly
43,synthetic_user_43@example.com,0,Suscripciones,45.46,expense,2026-02-07,1983.73,monthly
43,synthetic_user_43@example.com,0,Suscripciones,108.93,expense,2026-02-24,1983.73,monthly
43,synthetic_user_43@example.com,0,Ingreso Base,2059.34,income,2026-03-08,1983.73,monthly
43,synthetic_user_43@example.com,0,Inversion,133.66,investment,2026-03-12,1983.73,monthly
43,synthetic_user_43@example.com,0,Ingresos,117.38,expense,2026-03-21,1983.73,monthly
43,synthetic_user_43@example.com,0,Servicios,190.55,expense,2026-03-02,1983.73,monthly
43,synthetic_user_43@example.com,0,Ingresos,175.35,expense,2026-03-06,1983.73,monthly
43,synthetic_user_43@example.com,0,Otro,81.34,expense,2026-03-19,1983.73,monthly
43,synthetic_user_43@example.com,0,Suscripciones,128.66,expense,2026-03-26,1983.73,monthly
43,synthetic_user_43@example.com,0,Transporte,90.63,expense,2026-03-03,1983.73,monthly
43,synthetic_user_43@example.com,0,Salud,46.83,expense,2026-03-27,1983.73,monthly
43,synthetic_user_43@example.com,0,Alimentacion,101.08,expense,2026-03-07,1983.73,monthly
43,synthetic_user_43@example.com,0,Gastos generales,151.33,expense,2026-03-26,1983.73,monthly
43,synthetic_user_43@example.com,0,Compras,197.05,expense,2026-03-26,1983.73,monthly
43,synthetic_user_43@example.com,0,Compras,129.29,expense,2026-03-25,1983.73,monthly
43,synthetic_user_43@example.com,0,Otro,156.54,expense,2026-03-26,1983.73,monthly
43,synthetic_user_43@example.com,0,Compras,92.26,expense,2026-03-03,1983.73,monthly
43,synthetic_user_43@example.com,0,Educacion,97.87,expense,2026-03-01,1983.73,monthly
43,synthetic_user_43@example.com,0,Ingreso Base,2275.63,income,2026-04-07,1983.73,monthly
43,synthetic_user_43@example.com,0,Inversion,254.52,investment,2026-04-26,1983.73,monthly
43,synthetic_user_43@example.com,0,Vivienda,89.27,expense,2026-04-17,1983.73,monthly
43,synthetic_user_43@example.com,0,Ingreso adicional,48.86,expense,2026-04-25,1983.73,monthly
43,synthetic_user_43@example.com,0,Servicios,189.85,expense,2026-04-17,1983.73,monthly
43,synthetic_user_43@example.com,0,Educacion,142.28,expense,2026-04-20,1983.73,monthly
43,synthetic_user_43@example.com,0,Transporte,141.81,expense,2026-04-17,1983.73,monthly
43,synthetic_user_43@example.com,0,Salud,206.3,expense,2026-04-17,1983.73,monthly
43,synthetic_user_43@example.com,0,Compras,204.56,expense,2026-04-27,1983.73,monthly
43,synthetic_user_43@example.com,0,Salud,93.3,expense,2026-04-13,1983.73,monthly
43,synthetic_user_43@example.com,0,Otro,237.42,expense,2026-04-17,1983.73,monthly
43,synthetic_user_43@example.com,0,Salud,253.06,expense,2026-04-23,1983.73,monthly
43,synthetic_user_43@example.com,0,Salud,222.37,expense,2026-04-19,1983.73,monthly
44,synthetic_user_44@example.com,0,Ingreso Base,1514.45,income,2025-11-08,1664.04,monthly
44,synthetic_user_44@example.com,0,Inversion,128.96,investment,2025-11-18,1664.04,monthly
44,synthetic_user_44@example.com,0,rappi,87.73,expense,2025-11-04,1664.04,monthly
44,synthetic_user_44@example.com,0,Ingreso adicional,170.69,expense,2025-11-22,1664.04,monthly
44,synthetic_user_44@example.com,0,Ocio,98.34,expense,2025-11-20,1664.04,monthly
44,synthetic_user_44@example.com,0,Ingreso adicional,49.6,expense,2025-11-16,1664.04,monthly
44,synthetic_user_44@example.com,0,Ingresos,87.26,expense,2025-11-10,1664.04,monthly
44,synthetic_user_44@example.com,0,Otro,115.45,expense,2025-11-16,1664.04,monthly
44,synthetic_user_44@example.com,0,Ingreso adicional,56.88,expense,2025-11-02,1664.04,monthly
44,synthetic_user_44@example.com,0,Ingresos,43.37,expense,2025-11-12,1664.04,monthly
44,synthetic_user_44@example.com,0,Compras,30.97,expense,2025-11-22,1664.04,monthly
44,synthetic_user_44@example.com,0,Ingreso adicional,51.71,expense,2025-11-16,1664.04,monthly
44,synthetic_user_44@example.com,0,Compras,116.06,expense,2025-11-24,1664.04,monthly
44,synthetic_user_44@example.com,0,Ingreso Base,1809.01,income,2025-12-08,1664.04,monthly
44,synthetic_user_44@example.com,0,Inversion,161.01,investment,2025-12-25,1664.04,monthly
44,synthetic_user_44@example.com,0,Educacion,91.22,expense,2025-12-23,1664.04,monthly
44,synthetic_user_44@example.com,0,Educacion,104.94,expense,2025-12-19,1664.04,monthly
44,synthetic_user_44@example.com,0,rappi,98.54,expense,2025-12-15,1664.04,monthly
44,synthetic_user_44@example.com,0,Ingresos,98.52,expense,2025-12-07,1664.04,monthly
44,synthetic_user_44@example.com,0,Ingreso adicional,109.15,expense,2025-12-04,1664.04,monthly
44,synthetic_user_44@example.com,0,Educacion,92.74,expense,2025-12-26,1664.04,monthly
44,synthetic_user_44@example.com,0,rappi,72.26,expense,2025-12-04,1664.04,monthly
44,synthetic_user_44@example.com,0,Otro,81.16,expense,2025-12-24,1664.04,monthly
44,synthetic_user_44@example.com,0,Educacion,103.27,expense,2025-12-11,1664.04,monthly
44,synthetic_user_44@example.com,0,rappi,119.59,expense,2025-12-23,1664.04,monthly
44,synthetic_user_44@example.com,0,Ingresos,75.08,expense,2025-12-25,1664.04,monthly
44,synthetic_user_44@example.com,0,Ingresos,90.42,expense,2025-12-17,1664.04,monthly
44,synthetic_user_44@example.com,0,Educacion,33.9,expense,2025-12-20,1664.04,monthly
44,synthetic_user_44@example.com,0,Transporte,145.87,expense,2025-12-07,1664.04,monthly
44,synthetic_user_44@example.com,0,Ingreso Base,1499.53,income,2026-01-07,1664.04,monthly
44,synthetic_user_44@example.com,0,Inversion,152.38,investment,2026-01-18,1664.04,monthly
44,synthetic_user_44@example.com,0,Ingresos,129.64,expense,2026-01-03,1664.04,monthly
44,synthetic_user_44@example.com,0,rappi,75.33,expense,2026-01-07,1664.04,monthly
44,synthetic_user_44@example.com,0,Educacion,76.78,expense,2026-01-04,1664.04,monthly
44,synthetic_user_44@example.com,0,Servicios,80.57,expense,2026-01-07,1664.04,monthly
44,synthetic_user_44@example.com,0,Salud,97.54,expense,2026-01-25,1664.04,monthly
44,synthetic_user_44@example.com,0,Educacion,87.67,expense,2026-01-12,1664.04,monthly
44,synthetic_user_44@example.com,0,rappi,162.42,expense,2026-01-04,1664.04,monthly
44,synthetic_user_44@example.com,0,Salud,57.45,expense,2026-01-24,1664.04,monthly
44,synthetic_user_44@example.com,0,Salud,79.27,expense,2026-01-23,1664.04,monthly
44,synthetic_user_44@example.com,0,Servicios,92.08,expense,2026-01-15,1664.04,monthly
44,synthetic_user_44@example.com,0,Compras,109.6,expense,2026-01-19,1664.04,monthly
44,synthetic_user_44@example.com,0,Ingreso Base,1805.04,income,2026-02-06,1664.04,monthly
44,synthetic_user_44@example.com,0,Inversion,164.83,investment,2026-02-13,1664.04,monthly
44,synthetic_user_44@example.com,0,Ingresos,56.38,expense,2026-02-27,1664.04,monthly
44,synthetic_user_44@example.com,0,Ingreso adicional,45.55,expense,2026-02-19,1664.04,monthly
44,synthetic_user_44@example.com,0,Servicios,62.32,expense,2026-02-15,1664.04,monthly
44,synthetic_user_44@example.com,0,Educacion,83.91,expense,2026-02-25,1664.04,monthly
44,synthetic_user_44@example.com,0,Alimentacion,50.81,expense,2026-02-23,1664.04,monthly
44,synthetic_user_44@example.com,0,Transporte,62.29,expense,2026-02-20,1664.04,monthly
44,synthetic_user_44@example.com,0,Transporte,50.51,expense,2026-02-24,1664.04,monthly
44,synthetic_user_44@example.com,0,Compras,32.0,expense,2026-02-06,1664.04,monthly
44,synthetic_user_44@example.com,0,Ingresos,99.14,expense,2026-02-05,1664.04,monthly
44,synthetic_user_44@example.com,0,Educacion,126.2,expense,2026-02-03,1664.04,monthly
44,synthetic_user_44@example.com,0,Ocio,36.42,expense,2026-02-11,1664.04,monthly
44,synthetic_user_44@example.com,0,Educacion,70.87,expense,2026-02-04,1664.04,monthly
44,synthetic_user_44@example.com,0,Transporte,40.33,expense,2026-02-14,1664.04,monthly
44,synthetic_user_44@example.com,0,Educacion,72.97,expense,2026-02-18,1664.04,monthly
44,synthetic_user_44@example.com,0,Ocio,96.87,expense,2026-02-25,1664.04,monthly
44,synthetic_user_44@example.com,0,Transporte,41.03,expense,2026-02-14,1664.04,monthly
44,synthetic_user_44@example.com,0,Salud,84.22,expense,2026-02-09,1664.04,monthly
44,synthetic_user_44@example.com,0,Transporte,55.24,expense,2026-02-26,1664.04,monthly
44,synthetic_user_44@example.com,0,Ingreso Base,1635.34,income,2026-03-08,1664.04,monthly
44,synthetic_user_44@example.com,0,Inversion,210.09,investment,2026-03-16,1664.04,monthly
44,synthetic_user_44@example.com,0,Ingresos,90.55,expense,2026-03-27,1664.04,monthly
44,synthetic_user_44@example.com,0,Ingreso adicional,127.97,expense,2026-03-10,1664.04,monthly
44,synthetic_user_44@example.com,0,Transporte,172.49,expense,2026-03-13,1664.04,monthly
44,synthetic_user_44@example.com,0,Servicios,74.51,expense,2026-03-03,1664.04,monthly
44,synthetic_user_44@example.com,0,Transporte,89.57,expense,2026-03-01,1664.04,monthly
44,synthetic_user_44@example.com,0,Transporte,84.04,expense,2026-03-07,1664.04,monthly
44,synthetic_user_44@example.com,0,Suscripciones,106.79,expense,2026-03-03,1664.04,monthly
44,synthetic_user_44@example.com,0,Transporte,198.71,expense,2026-03-20,1664.04,monthly
44,synthetic_user_44@example.com,0,Servicios,87.19,expense,2026-03-21,1664.04,monthly
44,synthetic_user_44@example.com,0,Otro,111.37,expense,2026-03-15,1664.04,monthly
44,synthetic_user_44@example.com,0,Ingreso Base,1636.92,income,2026-04-07,1664.04,monthly
44,synthetic_user_44@example.com,0,Inversion,212.07,investment,2026-04-14,1664.04,monthly
44,synthetic_user_44@example.com,0,Servicios,139.07,expense,2026-04-20,1664.04,monthly
44,synthetic_user_44@example.com,0,Ingreso adicional,154.4,expense,2026-04-23,1664.04,monthly
44,synthetic_user_44@example.com,0,Ingreso adicional,31.39,expense,2026-04-01,1664.04,monthly
44,synthetic_user_44@example.com,0,Ingresos,125.71,expense,2026-04-10,1664.04,monthly
44,synthetic_user_44@example.com,0,Ingresos,155.62,expense,2026-04-20,1664.04,monthly
44,synthetic_user_44@example.com,0,Ocio,105.95,expense,2026-04-22,1664.04,monthly
44,synthetic_user_44@example.com,0,Suscripciones,149.24,expense,2026-04-12,1664.04,monthly
44,synthetic_user_44@example.com,0,Compras,121.87,expense,2026-04-23,1664.04,monthly
44,synthetic_user_44@example.com,0,Compras,181.35,expense,2026-04-01,1664.04,monthly
44,synthetic_user_44@example.com,0,Transporte,124.48,expense,2026-04-07,1664.04,monthly
45,synthetic_user_45@example.com,0,Ingreso Base,1629.82,income,2025-11-08,1620.83,monthly
45,synthetic_user_45@example.com,0,Inversion,70.56,investment,2025-12-01,1620.83,monthly
45,synthetic_user_45@example.com,0,Alimentacion,166.06,expense,2025-11-18,1620.83,monthly
45,synthetic_user_45@example.com,0,Vivienda,137.01,expense,2025-11-03,1620.83,monthly
45,synthetic_user_45@example.com,0,Ingresos,80.37,expense,2025-11-08,1620.83,monthly
45,synthetic_user_45@example.com,0,Ingreso adicional,79.08,expense,2025-11-09,1620.83,monthly
45,synthetic_user_45@example.com,0,Gastos generales,161.34,expense,2025-11-27,1620.83,monthly
45,synthetic_user_45@example.com,0,Ingreso adicional,144.0,expense,2025-11-25,1620.83,monthly
45,synthetic_user_45@example.com,0,Ingreso adicional,27.15,expense,2025-11-12,1620.83,monthly
45,synthetic_user_45@example.com,0,Servicios,128.36,expense,2025-11-24,1620.83,monthly
45,synthetic_user_45@example.com,0,Educacion,98.26,expense,2025-11-03,1620.83,monthly
45,synthetic_user_45@example.com,0,Ingreso adicional,67.46,expense,2025-11-26,1620.83,monthly
45,synthetic_user_45@example.com,0,Educacion,104.94,expense,2025-11-07,1620.83,monthly
45,synthetic_user_45@example.com,0,Ocio,68.25,expense,2025-11-03,1620.83,monthly
45,synthetic_user_45@example.com,0,Ingreso Base,1849.0,income,2025-12-08,1620.83,monthly
45,synthetic_user_45@example.com,0,Inversion,111.14,investment,2025-12-28,1620.83,monthly
45,synthetic_user_45@example.com,0,Gastos generales,106.22,expense,2025-12-13,1620.83,monthly
45,synthetic_user_45@example.com,0,Salud,154.37,expense,2025-12-02,1620.83,monthly
45,synthetic_user_45@example.com,0,Ocio,92.07,expense,2025-12-08,1620.83,monthly
45,synthetic_user_45@example.com,0,Ocio,98.02,expense,2025-12-20,1620.83,monthly
45,synthetic_user_45@example.com,0,Servicios,61.25,expense,2025-12-02,1620.83,monthly
45,synthetic_user_45@example.com,0,Suscripciones,74.83,expense,2025-12-11,1620.83,monthly
45,synthetic_user_45@example.com,0,Salud,102.72,expense,2025-12-06,1620.83,monthly
45,synthetic_user_45@example.com,0,rappi,62.0,expense,2025-12-10,1620.83,monthly
45,synthetic_user_45@example.com,0,Salud,84.13,expense,2025-12-02,1620.83,monthly
45,synthetic_user_45@example.com,0,Servicios,83.79,expense,2025-12-24,1620.83,monthly
45,synthetic_user_45@example.com,0,Vivienda,124.91,expense,2025-12-09,1620.83,monthly
45,synthetic_user_45@example.com,0,Educacion,61.53,expense,2025-12-19,1620.83,monthly
45,synthetic_user_45@example.com,0,Salud,74.8,expense,2025-12-24,1620.83,monthly
45,synthetic_user_45@example.com,0,Otro,72.28,expense,2025-12-04,1620.83,monthly
45,synthetic_user_45@example.com,0,Otro,59.96,expense,2025-12-07,1620.83,monthly
45,synthetic_user_45@example.com,0,Servicios,114.35,expense,2025-12-27,1620.83,monthly
45,synthetic_user_45@example.com,0,Ingreso Base,1524.58,income,2026-01-07,1620.83,monthly
45,synthetic_user_45@example.com,0,Inversion,169.83,investment,2026-01-20,1620.83,monthly
45,synthetic_user_45@example.com,0,Ingreso adicional,70.54,expense,2026-01-24,1620.83,monthly
45,synthetic_user_45@example.com,0,Educacion,45.83,expense,2026-01-15,1620.83,monthly
45,synthetic_user_45@example.com,0,Otro,79.97,expense,2026-01-26,1620.83,monthly
45,synthetic_user_45@example.com,0,Ocio,69.79,expense,2026-01-27,1620.83,monthly
45,synthetic_user_45@example.com,0,Gastos generales,102.91,expense,2026-01-24,1620.83,monthly
45,synthetic_user_45@example.com,0,Salud,36.78,expense,2026-01-26,1620.83,monthly
45,synthetic_user_45@example.com,0,Servicios,103.28,expense,2026-01-16,1620.83,monthly
45,synthetic_user_45@example.com,0,Servicios,120.41,expense,2026-01-01,1620.83,monthly
45,synthetic_user_45@example.com,0,Suscripciones,35.41,expense,2026-01-01,1620.83,monthly
45,synthetic_user_45@example.com,0,Salud,45.4,expense,2026-01-25,1620.83,monthly
45,synthetic_user_45@example.com,0,Otro,81.69,expense,2026-01-14,1620.83,monthly
45,synthetic_user_45@example.com,0,Salud,84.43,expense,2026-01-14,1620.83,monthly
45,synthetic_user_45@example.com,0,Otro,129.05,expense,2026-01-02,1620.83,monthly
45,synthetic_user_45@example.com,0,Compras,82.79,expense,2026-01-18,1620.83,monthly
45,synthetic_user_45@example.com,0,Salud,114.29,expense,2026-01-12,1620.83,monthly
45,synthetic_user_45@example.com,0,Gastos generales,2.0,expense,2026-01-15,1620.83,monthly
45,synthetic_user_45@example.com,0,Ingreso Base,1644.57,income,2026-02-06,1620.83,monthly
45,synthetic_user_45@example.com,0,Inversion,152.18,investment,2026-02-19,1620.83,monthly
45,synthetic_user_45@example.com,0,Servicios,123.94,expense,2026-02-17,1620.83,monthly
45,synthetic_user_45@example.com,0,Servicios,54.87,expense,2026-02-23,1620.83,monthly
45,synthetic_user_45@example.com,0,Ingreso adicional,75.21,expense,2026-02-14,1620.83,monthly
45,synthetic_user_45@example.com,0,Salud,140.51,expense,2026-02-03,1620.83,monthly
45,synthetic_user_45@example.com,0,Salud,84.8,expense,2026-02-02,1620.83,monthly
45,synthetic_user_45@example.com,0,Servicios,42.85,expense,2026-02-20,1620.83,monthly
45,synthetic_user_45@example.com,0,Ocio,105.64,expense,2026-02-05,1620.83,monthly
45,synthetic_user_45@example.com,0,Servicios,162.12,expense,2026-02-24,1620.83,monthly
45,synthetic_user_45@example.com,0,Salud,92.64,expense,2026-02-23,1620.83,monthly
45,synthetic_user_45@example.com,0,Salud,98.47,expense,2026-02-19,1620.83,monthly
45,synthetic_user_45@example.com,0,Servicios,119.61,expense,2026-02-25,1620.83,monthly
45,synthetic_user_45@example.com,0,Compras,125.34,expense,2026-02-06,1620.83,monthly
45,synthetic_user_45@example.com,0,Salud,96.72,expense,2026-02-05,1620.83,monthly
45,synthetic_user_45@example.com,0,Ingreso Base,1512.71,income,2026-03-08,1620.83,monthly
45,synthetic_user_45@example.com,0,Inversion,108.52,investment,2026-03-28,1620.83,monthly
45,synthetic_user_45@example.com,0,Otro,173.39,expense,2026-03-04,1620.83,monthly
45,synthetic_user_45@example.com,0,Salud,158.95,expense,2026-03-17,1620.83,monthly
45,synthetic_user_45@example.com,0,Servicios,168.91,expense,2026-03-10,1620.83,monthly
45,synthetic_user_45@example.com,0,Salud,149.02,expense,2026-03-15,1620.83,monthly
45,synthetic_user_45@example.com,0,Servicios,101.93,expense,2026-03-19,1620.83,monthly
45,synthetic_user_45@example.com,0,Salud,106.44,expense,2026-03-05,1620.83,monthly
45,synthetic_user_45@example.com,0,Salud,65.99,expense,2026-03-23,1620.83,monthly
45,synthetic_user_45@example.com,0,Otro,128.08,expense,2026-03-12,1620.83,monthly
45,synthetic_user_45@example.com,0,Ingreso Base,1836.72,income,2026-04-07,1620.83,monthly
45,synthetic_user_45@example.com,0,Inversion,115.19,investment,2026-04-19,1620.83,monthly
45,synthetic_user_45@example.com,0,rappi,180.85,expense,2026-04-27,1620.83,monthly
45,synthetic_user_45@example.com,0,Servicios,182.04,expense,2026-04-16,1620.83,monthly
45,synthetic_user_45@example.com,0,Compras,127.91,expense,2026-04-11,1620.83,monthly
45,synthetic_user_45@example.com,0,Salud,163.65,expense,2026-04-19,1620.83,monthly
45,synthetic_user_45@example.com,0,Servicios,131.7,expense,2026-04-06,1620.83,monthly
45,synthetic_user_45@example.com,0,Ingreso adicional,129.18,expense,2026-04-03,1620.83,monthly
45,synthetic_user_45@example.com,0,Otro,67.41,expense,2026-04-17,1620.83,monthly
45,synthetic_user_45@example.com,0,Ingreso adicional,133.84,expense,2026-04-14,1620.83,monthly
45,synthetic_user_45@example.com,0,Ingresos,210.39,expense,2026-04-15,1620.83,monthly
46,synthetic_user_46@example.com,0,Ingreso Base,3050.0,income,2025-11-08,3359.42,monthly
46,synthetic_user_46@example.com,0,Inversion,164.2,investment,2025-11-25,3359.42,monthly
46,synthetic_user_46@example.com,0,Ingreso adicional,166.62,expense,2025-11-02,3359.42,monthly
46,synthetic_user_46@example.com,0,Ocio,145.18,expense,2025-11-24,3359.42,monthly
46,synthetic_user_46@example.com,0,Servicios,143.57,expense,2025-11-18,3359.42,monthly
46,synthetic_user_46@example.com,0,Servicios,99.7,expense,2025-11-09,3359.42,monthly
46,synthetic_user_46@example.com,0,Educacion,83.08,expense,2025-11-21,3359.42,monthly
46,synthetic_user_46@example.com,0,Transporte,215.84,expense,2025-11-07,3359.42,monthly
46,synthetic_user_46@example.com,0,Alimentacion,208.15,expense,2025-11-02,3359.42,monthly
46,synthetic_user_46@example.com,0,Ingreso adicional,151.31,expense,2025-11-21,3359.42,monthly
46,synthetic_user_46@example.com,0,Ocio,275.89,expense,2025-11-23,3359.42,monthly
46,synthetic_user_46@example.com,0,Vivienda,113.57,expense,2025-11-20,3359.42,monthly
46,synthetic_user_46@example.com,0,Ocio,243.71,expense,2025-11-08,3359.42,monthly
46,synthetic_user_46@example.com,0,Ingreso adicional,50.47,expense,2025-11-01,3359.42,monthly
46,synthetic_user_46@example.com,0,Transporte,197.09,expense,2025-11-20,3359.42,monthly
46,synthetic_user_46@example.com,0,Alimentacion,197.78,expense,2025-11-11,3359.42,monthly
46,synthetic_user_46@example.com,0,Ingreso Base,3133.42,income,2025-12-08,3359.42,monthly
46,synthetic_user_46@example.com,0,Inversion,138.83,investment,2025-12-26,3359.42,monthly
46,synthetic_user_46@example.com,0,Ocio,163.21,expense,2025-12-27,3359.42,monthly
46,synthetic_user_46@example.com,0,Ocio,150.68,expense,2025-12-27,3359.42,monthly
46,synthetic_user_46@example.com,0,Ocio,197.3,expense,2025-12-13,3359.42,monthly
46,synthetic_user_46@example.com,0,Servicios,95.46,expense,2025-12-14,3359.42,monthly
46,synthetic_user_46@example.com,0,Ingreso adicional,222.85,expense,2025-12-01,3359.42,monthly
46,synthetic_user_46@example.com,0,Servicios,43.09,expense,2025-12-25,3359.42,monthly
46,synthetic_user_46@example.com,0,Vivienda,191.85,expense,2025-12-16,3359.42,monthly
46,synthetic_user_46@example.com,0,Servicios,161.56,expense,2025-12-17,3359.42,monthly
46,synthetic_user_46@example.com,0,Vivienda,263.32,expense,2025-12-12,3359.42,monthly
46,synthetic_user_46@example.com,0,Educacion,214.15,expense,2025-12-27,3359.42,monthly
46,synthetic_user_46@example.com,0,Alimentacion,172.54,expense,2025-12-24,3359.42,monthly
46,synthetic_user_46@example.com,0,Suscripciones,153.69,expense,2025-12-07,3359.42,monthly
46,synthetic_user_46@example.com,0,Suscripciones,265.17,expense,2025-12-20,3359.42,monthly
46,synthetic_user_46@example.com,0,Ingreso Base,3323.47,income,2026-01-07,3359.42,monthly
46,synthetic_user_46@example.com,0,Inversion,168.09,investment,2026-01-27,3359.42,monthly
46,synthetic_user_46@example.com,0,Transporte,29.83,expense,2026-01-15,3359.42,monthly
46,synthetic_user_46@example.com,0,Vivienda,200.57,expense,2026-01-14,3359.42,monthly
46,synthetic_user_46@example.com,0,Ingresos,122.56,expense,2026-01-18,3359.42,monthly
46,synthetic_user_46@example.com,0,Educacion,245.04,expense,2026-01-02,3359.42,monthly
46,synthetic_user_46@example.com,0,Salud,207.51,expense,2026-01-22,3359.42,monthly
46,synthetic_user_46@example.com,0,Servicios,146.9,expense,2026-01-16,3359.42,monthly
46,synthetic_user_46@example.com,0,Compras,154.23,expense,2026-01-01,3359.42,monthly
46,synthetic_user_46@example.com,0,Ocio,97.16,expense,2026-01-24,3359.42,monthly
46,synthetic_user_46@example.com,0,Suscripciones,193.07,expense,2026-01-20,3359.42,monthly
46,synthetic_user_46@example.com,0,Ingreso adicional,271.48,expense,2026-01-06,3359.42,monthly
46,synthetic_user_46@example.com,0,Ocio,92.48,expense,2026-01-23,3359.42,monthly
46,synthetic_user_46@example.com,0,Educacion,174.7,expense,2026-01-15,3359.42,monthly
46,synthetic_user_46@example.com,0,Vivienda,115.91,expense,2026-01-20,3359.42,monthly
46,synthetic_user_46@example.com,0,Suscripciones,207.79,expense,2026-01-13,3359.42,monthly
46,synthetic_user_46@example.com,0,Ocio,184.59,expense,2026-01-06,3359.42,monthly
46,synthetic_user_46@example.com,0,Servicios,188.52,expense,2026-01-27,3359.42,monthly
46,synthetic_user_46@example.com,0,Ingreso Base,3260.06,income,2026-02-06,3359.42,monthly
46,synthetic_user_46@example.com,0,Inversion,125.65,investment,2026-02-24,3359.42,monthly
46,synthetic_user_46@example.com,0,Vivienda,245.91,expense,2026-02-15,3359.42,monthly
46,synthetic_user_46@example.com,0,Ocio,224.77,expense,2026-02-15,3359.42,monthly
46,synthetic_user_46@example.com,0,Servicios,201.65,expense,2026-02-26,3359.42,monthly
46,synthetic_user_46@example.com,0,Otro,187.11,expense,2026-02-24,3359.42,monthly
46,synthetic_user_46@example.com,0,Vivienda,75.46,expense,2026-02-22,3359.42,monthly
46,synthetic_user_46@example.com,0,Educacion,345.08,expense,2026-02-06,3359.42,monthly
46,synthetic_user_46@example.com,0,Ingreso adicional,264.48,expense,2026-02-18,3359.42,monthly
46,synthetic_user_46@example.com,0,Servicios,217.66,expense,2026-02-12,3359.42,monthly
46,synthetic_user_46@example.com,0,Ocio,266.15,expense,2026-02-21,3359.42,monthly
46,synthetic_user_46@example.com,0,Ingresos,214.42,expense,2026-02-03,3359.42,monthly
46,synthetic_user_46@example.com,0,Vivienda,87.38,expense,2026-02-18,3359.42,monthly
46,synthetic_user_46@example.com,0,Transporte,195.7,expense,2026-02-06,3359.42,monthly
46,synthetic_user_46@example.com,0,Ingreso Base,3434.24,income,2026-03-08,3359.42,monthly
46,synthetic_user_46@example.com,0,Inversion,122.81,investment,2026-03-19,3359.42,monthly
46,synthetic_user_46@example.com,0,Transporte,346.05,expense,2026-03-06,3359.42,monthly
46,synthetic_user_46@example.com,0,Suscripciones,226.3,expense,2026-03-07,3359.42,monthly
46,synthetic_user_46@example.com,0,Vivienda,398.23,expense,2026-03-09,3359.42,monthly
46,synthetic_user_46@example.com,0,Servicios,561.27,expense,2026-03-04,3359.42,monthly
46,synthetic_user_46@example.com,0,Suscripciones,463.06,expense,2026-03-18,3359.42,monthly
46,synthetic_user_46@example.com,0,Compras,418.63,expense,2026-03-14,3359.42,monthly
46,synthetic_user_46@example.com,0,Servicios,188.84,expense,2026-03-26,3359.42,monthly
46,synthetic_user_46@example.com,0,Servicios,396.92,expense,2026-03-27,3359.42,monthly
46,synthetic_user_46@example.com,0,Ingreso Base,3069.8,income,2026-04-07,3359.42,monthly
46,synthetic_user_46@example.com,0,Inversion,135.79,investment,2026-04-14,3359.42,monthly
46,synthetic_user_46@example.com,0,Vivienda,141.05,expense,2026-04-20,3359.42,monthly
46,synthetic_user_46@example.com,0,Suscripciones,137.36,expense,2026-04-14,3359.42,monthly
46,synthetic_user_46@example.com,0,Ingreso adicional,159.22,expense,2026-04-11,3359.42,monthly
46,synthetic_user_46@example.com,0,Transporte,208.2,expense,2026-04-20,3359.42,monthly
46,synthetic_user_46@example.com,0,Ocio,185.75,expense,2026-04-06,3359.42,monthly
46,synthetic_user_46@example.com,0,Ocio,366.75,expense,2026-04-05,3359.42,monthly
46,synthetic_user_46@example.com,0,Servicios,281.89,expense,2026-04-16,3359.42,monthly
46,synthetic_user_46@example.com,0,Ocio,121.64,expense,2026-04-12,3359.42,monthly
46,synthetic_user_46@example.com,0,Ocio,338.78,expense,2026-04-06,3359.42,monthly
46,synthetic_user_46@example.com,0,Servicios,202.22,expense,2026-04-17,3359.42,monthly
47,synthetic_user_47@example.com,0,Ingreso Base,1752.13,income,2025-11-08,1677.79,monthly
47,synthetic_user_47@example.com,0,Inversion,35.74,investment,2025-11-11,1677.79,monthly
47,synthetic_user_47@example.com,0,Vivienda,106.2,expense,2025-11-06,1677.79,monthly
47,synthetic_user_47@example.com,0,Ingresos,121.18,expense,2025-11-09,1677.79,monthly
47,synthetic_user_47@example.com,0,Educacion,121.09,expense,2025-11-09,1677.79,monthly
47,synthetic_user_47@example.com,0,Servicios,82.73,expense,2025-11-22,1677.79,monthly
47,synthetic_user_47@example.com,0,Vivienda,95.48,expense,2025-11-02,1677.79,monthly
47,synthetic_user_47@example.com,0,Servicios,92.59,expense,2025-11-04,1677.79,monthly
47,synthetic_user_47@example.com,0,Alimentacion,124.52,expense,2025-11-22,1677.79,monthly
47,synthetic_user_47@example.com,0,Educacion,62.97,expense,2025-11-18,1677.79,monthly
47,synthetic_user_47@example.com,0,Alimentacion,53.5,expense,2025-11-20,1677.79,monthly
47,synthetic_user_47@example.com,0,Ingresos,71.86,expense,2025-11-23,1677.79,monthly
47,synthetic_user_47@example.com,0,Compras,77.3,expense,2025-11-15,1677.79,monthly
47,synthetic_user_47@example.com,0,Alimentacion,69.49,expense,2025-11-27,1677.79,monthly
47,synthetic_user_47@example.com,0,Educacion,139.1,expense,2025-11-12,1677.79,monthly
47,synthetic_user_47@example.com,0,Alimentacion,145.98,expense,2025-11-02,1677.79,monthly
47,synthetic_user_47@example.com,0,Compras,65.16,expense,2025-11-04,1677.79,monthly
47,synthetic_user_47@example.com,0,Ingresos,97.59,expense,2025-11-05,1677.79,monthly
47,synthetic_user_47@example.com,0,Ingreso Base,1469.87,income,2025-12-08,1677.79,monthly
47,synthetic_user_47@example.com,0,Inversion,23.22,investment,2025-12-15,1677.79,monthly
47,synthetic_user_47@example.com,0,Otro,43.51,expense,2025-12-04,1677.79,monthly
47,synthetic_user_47@example.com,0,Servicios,43.93,expense,2025-12-22,1677.79,monthly
47,synthetic_user_47@example.com,0,Educacion,60.39,expense,2025-12-23,1677.79,monthly
47,synthetic_user_47@example.com,0,Servicios,68.01,expense,2025-12-27,1677.79,monthly
47,synthetic_user_47@example.com,0,Ingreso adicional,66.21,expense,2025-12-05,1677.79,monthly
47,synthetic_user_47@example.com,0,Servicios,75.51,expense,2025-12-05,1677.79,monthly
47,synthetic_user_47@example.com,0,Ingresos,95.88,expense,2025-12-20,1677.79,monthly
47,synthetic_user_47@example.com,0,Educacion,51.88,expense,2025-12-17,1677.79,monthly
47,synthetic_user_47@example.com,0,Compras,36.81,expense,2025-12-09,1677.79,monthly
47,synthetic_user_47@example.com,0,Servicios,98.11,expense,2025-12-10,1677.79,monthly
47,synthetic_user_47@example.com,0,Servicios,94.4,expense,2025-12-13,1677.79,monthly
47,synthetic_user_47@example.com,0,Transporte,59.33,expense,2025-12-02,1677.79,monthly
47,synthetic_user_47@example.com,0,Alimentacion,98.82,expense,2025-12-01,1677.79,monthly
47,synthetic_user_47@example.com,0,Gastos generales,113.45,expense,2025-12-21,1677.79,monthly
47,synthetic_user_47@example.com,0,Servicios,74.29,expense,2025-12-12,1677.79,monthly
47,synthetic_user_47@example.com,0,Ocio,51.14,expense,2025-12-10,1677.79,monthly
47,synthetic_user_47@example.com,0,Gastos generales,71.34,expense,2025-12-19,1677.79,monthly
47,synthetic_user_47@example.com,0,Servicios,56.95,expense,2025-12-10,1677.79,monthly
47,synthetic_user_47@example.com,0,Ingreso Base,1775.65,income,2026-01-07,1677.79,monthly
47,synthetic_user_47@example.com,0,Inversion,46.29,investment,2026-01-31,1677.79,monthly
47,synthetic_user_47@example.com,0,Compras,119.93,expense,2026-01-10,1677.79,monthly
47,synthetic_user_47@example.com,0,Educacion,76.83,expense,2026-01-01,1677.79,monthly
47,synthetic_user_47@example.com,0,Compras,129.13,expense,2026-01-13,1677.79,monthly
47,synthetic_user_47@example.com,0,Educacion,95.83,expense,2026-01-20,1677.79,monthly
47,synthetic_user_47@example.com,0,Vivienda,80.49,expense,2026-01-27,1677.79,monthly
47,synthetic_user_47@example.com,0,Salud,162.81,expense,2026-01-20,1677.79,monthly
47,synthetic_user_47@example.com,0,Transporte,92.83,expense,2026-01-14,1677.79,monthly
47,synthetic_user_47@example.com,0,Servicios,89.88,expense,2026-01-21,1677.79,monthly
47,synthetic_user_47@example.com,0,Compras,135.63,expense,2026-01-09,1677.79,monthly
47,synthetic_user_47@example.com,0,Educacion,116.26,expense,2026-01-19,1677.79,monthly
47,synthetic_user_47@example.com,0,Vivienda,79.04,expense,2026-01-15,1677.79,monthly
47,synthetic_user_47@example.com,0,Salud,152.86,expense,2026-01-27,1677.79,monthly
47,synthetic_user_47@example.com,0,rappi,161.17,expense,2026-01-26,1677.79,monthly
47,synthetic_user_47@example.com,0,Ocio,134.02,expense,2026-01-20,1677.79,monthly
47,synthetic_user_47@example.com,0,Ingreso Base,1776.58,income,2026-02-06,1677.79,monthly
47,synthetic_user_47@example.com,0,Inversion,37.15,investment,2026-02-10,1677.79,monthly
47,synthetic_user_47@example.com,0,Servicios,85.75,expense,2026-02-11,1677.79,monthly
47,synthetic_user_47@example.com,0,Compras,71.1,expense,2026-02-18,1677.79,monthly
47,synthetic_user_47@example.com,0,Salud,130.52,expense,2026-02-26,1677.79,monthly
47,synthetic_user_47@example.com,0,Alimentacion,93.19,expense,2026-02-07,1677.79,monthly
47,synthetic_user_47@example.com,0,Vivienda,134.79,expense,2026-02-03,1677.79,monthly
47,synthetic_user_47@example.com,0,Servicios,53.57,expense,2026-02-12,1677.79,monthly
47,synthetic_user_47@example.com,0,Educacion,111.43,expense,2026-02-03,1677.79,monthly
47,synthetic_user_47@example.com,0,Gastos generales,99.58,expense,2026-02-18,1677.79,monthly
47,synthetic_user_47@example.com,0,Ingresos,91.19,expense,2026-02-17,1677.79,monthly
47,synthetic_user_47@example.com,0,Salud,177.01,expense,2026-02-15,1677.79,monthly
47,synthetic_user_47@example.com,0,Compras,99.31,expense,2026-02-06,1677.79,monthly
47,synthetic_user_47@example.com,0,Alimentacion,92.84,expense,2026-02-05,1677.79,monthly
47,synthetic_user_47@example.com,0,Vivienda,62.36,expense,2026-02-20,1677.79,monthly
47,synthetic_user_47@example.com,0,Vivienda,150.53,expense,2026-02-25,1677.79,monthly
47,synthetic_user_47@example.com,0,Vivienda,113.71,expense,2026-02-11,1677.79,monthly
47,synthetic_user_47@example.com,0,Educacion,138.51,expense,2026-02-17,1677.79,monthly
47,synthetic_user_47@example.com,0,rappi,117.22,expense,2026-02-25,1677.79,monthly
47,synthetic_user_47@example.com,0,Ingreso Base,1838.15,income,2026-03-08,1677.79,monthly
47,synthetic_user_47@example.com,0,Inversion,54.5,investment,2026-03-28,1677.79,monthly
47,synthetic_user_47@example.com,0,Compras,129.83,expense,2026-03-10,1677.79,monthly
47,synthetic_user_47@example.com,0,Vivienda,54.37,expense,2026-03-07,1677.79,monthly
47,synthetic_user_47@example.com,0,Compras,93.82,expense,2026-03-17,1677.79,monthly
47,synthetic_user_47@example.com,0,Salud,95.26,expense,2026-03-25,1677.79,monthly
47,synthetic_user_47@example.com,0,Alimentacion,74.56,expense,2026-03-22,1677.79,monthly
47,synthetic_user_47@example.com,0,Educacion,78.54,expense,2026-03-22,1677.79,monthly
47,synthetic_user_47@example.com,0,Educacion,118.4,expense,2026-03-23,1677.79,monthly
47,synthetic_user_47@example.com,0,Servicios,85.64,expense,2026-03-21,1677.79,monthly
47,synthetic_user_47@example.com,0,Alimentacion,110.38,expense,2026-03-27,1677.79,monthly
47,synthetic_user_47@example.com,0,Gastos generales,133.17,expense,2026-03-04,1677.79,monthly
47,synthetic_user_47@example.com,0,Educacion,109.74,expense,2026-03-05,1677.79,monthly
47,synthetic_user_47@example.com,0,Gastos generales,98.07,expense,2026-03-19,1677.79,monthly
47,synthetic_user_47@example.com,0,Servicios,50.66,expense,2026-03-07,1677.79,monthly
47,synthetic_user_47@example.com,0,Alimentacion,132.27,expense,2026-03-10,1677.79,monthly
47,synthetic_user_47@example.com,0,Servicios,88.08,expense,2026-03-13,1677.79,monthly
47,synthetic_user_47@example.com,0,Compras,31.92,expense,2026-03-25,1677.79,monthly
47,synthetic_user_47@example.com,0,Servicios,46.48,expense,2026-03-22,1677.79,monthly
47,synthetic_user_47@example.com,0,Ingreso Base,1701.55,income,2026-04-07,1677.79,monthly
47,synthetic_user_47@example.com,0,Inversion,51.5,investment,2026-04-17,1677.79,monthly
47,synthetic_user_47@example.com,0,Servicios,27.19,expense,2026-04-20,1677.79,monthly
47,synthetic_user_47@example.com,0,Compras,91.36,expense,2026-04-23,1677.79,monthly
47,synthetic_user_47@example.com,0,rappi,55.96,expense,2026-04-18,1677.79,monthly
47,synthetic_user_47@example.com,0,Compras,93.1,expense,2026-04-21,1677.79,monthly
47,synthetic_user_47@example.com,0,Compras,44.89,expense,2026-04-27,1677.79,monthly
47,synthetic_user_47@example.com,0,Servicios,44.03,expense,2026-04-10,1677.79,monthly
47,synthetic_user_47@example.com,0,Compras,67.68,expense,2026-04-12,1677.79,monthly
47,synthetic_user_47@example.com,0,Educacion,86.79,expense,2026-04-22,1677.79,monthly
47,synthetic_user_47@example.com,0,Educacion,85.06,expense,2026-04-11,1677.79,monthly
47,synthetic_user_47@example.com,0,Ingreso adicional,50.06,expense,2026-04-18,1677.79,monthly
47,synthetic_user_47@example.com,0,Educacion,68.15,expense,2026-04-11,1677.79,monthly
47,synthetic_user_47@example.com,0,Vivienda,67.46,expense,2026-04-07,1677.79,monthly
47,synthetic_user_47@example.com,0,Educacion,70.74,expense,2026-04-22,1677.79,monthly
47,synthetic_user_47@example.com,0,Salud,72.69,expense,2026-04-12,1677.79,monthly
47,synthetic_user_47@example.com,0,Ingresos,130.64,expense,2026-04-10,1677.79,monthly
47,synthetic_user_47@example.com,0,rappi,72.1,expense,2026-04-03,1677.79,monthly
47,synthetic_user_47@example.com,0,Compras,77.93,expense,2026-04-03,1677.79,monthly
47,synthetic_user_47@example.com,0,Compras,55.33,expense,2026-04-04,1677.79,monthly
47,synthetic_user_47@example.com,0,Salud,85.19,expense,2026-04-01,1677.79,monthly
48,synthetic_user_48@example.com,0,Ingreso Base,906.0,income,2025-11-08,900.87,monthly
48,synthetic_user_48@example.com,0,Inversion,82.2,investment,2025-11-27,900.87,monthly
48,synthetic_user_48@example.com,0,Servicios,97.18,expense,2025-11-02,900.87,monthly
48,synthetic_user_48@example.com,0,Ocio,63.48,expense,2025-11-17,900.87,monthly
48,synthetic_user_48@example.com,0,Alimentacion,44.58,expense,2025-11-10,900.87,monthly
48,synthetic_user_48@example.com,0,Transporte,58.47,expense,2025-11-15,900.87,monthly
48,synthetic_user_48@example.com,0,Ingresos,55.87,expense,2025-11-07,900.87,monthly
48,synthetic_user_48@example.com,0,Servicios,88.94,expense,2025-11-07,900.87,monthly
48,synthetic_user_48@example.com,0,Suscripciones,45.52,expense,2025-11-02,900.87,monthly
48,synthetic_user_48@example.com,0,Servicios,84.71,expense,2025-11-09,900.87,monthly
48,synthetic_user_48@example.com,0,Ingreso adicional,80.17,expense,2025-11-27,900.87,monthly
48,synthetic_user_48@example.com,0,Vivienda,62.87,expense,2025-11-10,900.87,monthly
48,synthetic_user_48@example.com,0,Servicios,60.71,expense,2025-11-13,900.87,monthly
48,synthetic_user_48@example.com,0,Compras,20.18,expense,2025-11-21,900.87,monthly
48,synthetic_user_48@example.com,0,Servicios,24.22,expense,2025-11-25,900.87,monthly
48,synthetic_user_48@example.com,0,Salud,34.76,expense,2025-11-12,900.87,monthly
48,synthetic_user_48@example.com,0,Ingreso Base,910.85,income,2025-12-08,900.87,monthly
48,synthetic_user_48@example.com,0,Inversion,77.89,investment,2025-12-24,900.87,monthly
48,synthetic_user_48@example.com,0,Suscripciones,65.56,expense,2025-12-09,900.87,monthly
48,synthetic_user_48@example.com,0,Educacion,38.78,expense,2025-12-27,900.87,monthly
48,synthetic_user_48@example.com,0,Alimentacion,91.18,expense,2025-12-16,900.87,monthly
48,synthetic_user_48@example.com,0,Ingreso adicional,54.52,expense,2025-12-18,900.87,monthly
48,synthetic_user_48@example.com,0,Compras,33.88,expense,2025-12-04,900.87,monthly
48,synthetic_user_48@example.com,0,Servicios,83.03,expense,2025-12-16,900.87,monthly
48,synthetic_user_48@example.com,0,Salud,62.39,expense,2025-12-19,900.87,monthly
48,synthetic_user_48@example.com,0,Alimentacion,52.93,expense,2025-12-26,900.87,monthly
48,synthetic_user_48@example.com,0,Educacion,40.21,expense,2025-12-25,900.87,monthly
48,synthetic_user_48@example.com,0,Ingresos,64.45,expense,2025-12-14,900.87,monthly
48,synthetic_user_48@example.com,0,Transporte,99.94,expense,2025-12-14,900.87,monthly
48,synthetic_user_48@example.com,0,Compras,83.39,expense,2025-12-04,900.87,monthly
48,synthetic_user_48@example.com,0,Ingreso Base,867.6,income,2026-01-07,900.87,monthly
48,synthetic_user_48@example.com,0,Inversion,76.26,investment,2026-01-17,900.87,monthly
48,synthetic_user_48@example.com,0,Alimentacion,57.27,expense,2026-01-27,900.87,monthly
48,synthetic_user_48@example.com,0,Compras,38.26,expense,2026-01-14,900.87,monthly
48,synthetic_user_48@example.com,0,Alimentacion,40.04,expense,2026-01-10,900.87,monthly
48,synthetic_user_48@example.com,0,rappi,61.8,expense,2026-01-08,900.87,monthly
48,synthetic_user_48@example.com,0,Transporte,43.1,expense,2026-01-27,900.87,monthly
48,synthetic_user_48@example.com,0,Suscripciones,48.04,expense,2026-01-06,900.87,monthly
48,synthetic_user_48@example.com,0,Compras,43.26,expense,2026-01-09,900.87,monthly
48,synthetic_user_48@example.com,0,Compras,48.54,expense,2026-01-19,900.87,monthly
48,synthetic_user_48@example.com,0,Alimentacion,59.87,expense,2026-01-05,900.87,monthly
48,synthetic_user_48@example.com,0,Salud,92.48,expense,2026-01-17,900.87,monthly
48,synthetic_user_48@example.com,0,Servicios,97.26,expense,2026-01-08,900.87,monthly
48,synthetic_user_48@example.com,0,Servicios,47.21,expense,2026-01-18,900.87,monthly
48,synthetic_user_48@example.com,0,Suscripciones,28.35,expense,2026-01-04,900.87,monthly
48,synthetic_user_48@example.com,0,Transporte,40.2,expense,2026-01-25,900.87,monthly
48,synthetic_user_48@example.com,0,Ocio,71.58,expense,2026-01-12,900.87,monthly
48,synthetic_user_48@example.com,0,Compras,27.38,expense,2026-01-01,900.87,monthly
48,synthetic_user_48@example.com,0,Ingreso Base,864.54,income,2026-02-06,900.87,monthly
48,synthetic_user_48@example.com,0,Inversion,76.09,investment,2026-02-11,900.87,monthly
48,synthetic_user_48@example.com,0,Servicios,9.78,expense,2026-02-13,900.87,monthly
48,synthetic_user_48@example.com,0,Transporte,43.74,expense,2026-02-27,900.87,monthly
48,synthetic_user_48@example.com,0,Servicios,19.28,expense,2026-02-09,900.87,monthly
48,synthetic_user_48@example.com,0,Alimentacion,23.26,expense,2026-02-17,900.87,monthly
48,synthetic_user_48@example.com,0,Compras,58.27,expense,2026-02-11,900.87,monthly
48,synthetic_user_48@example.com,0,Otro,32.09,expense,2026-02-05,900.87,monthly
48,synthetic_user_48@example.com,0,Servicios,38.41,expense,2026-02-23,900.87,monthly
48,synthetic_user_48@example.com,0,Alimentacion,21.98,expense,2026-02-01,900.87,monthly
48,synthetic_user_48@example.com,0,Transporte,64.81,expense,2026-02-14,900.87,monthly
48,synthetic_user_48@example.com,0,Compras,30.78,expense,2026-02-05,900.87,monthly
48,synthetic_user_48@example.com,0,Servicios,45.51,expense,2026-02-15,900.87,monthly
48,synthetic_user_48@example.com,0,Suscripciones,47.27,expense,2026-02-12,900.87,monthly
48,synthetic_user_48@example.com,0,Compras,17.94,expense,2026-02-11,900.87,monthly
48,synthetic_user_48@example.com,0,Transporte,47.96,expense,2026-02-16,900.87,monthly
48,synthetic_user_48@example.com,0,Servicios,42.1,expense,2026-02-02,900.87,monthly
48,synthetic_user_48@example.com,0,Transporte,40.63,expense,2026-02-15,900.87,monthly
48,synthetic_user_48@example.com,0,Suscripciones,52.85,expense,2026-02-01,900.87,monthly
48,synthetic_user_48@example.com,0,Ingreso Base,873.74,income,2026-03-08,900.87,monthly
48,synthetic_user_48@example.com,0,Inversion,95.83,investment,2026-03-25,900.87,monthly
48,synthetic_user_48@example.com,0,Suscripciones,134.29,expense,2026-03-15,900.87,monthly
48,synthetic_user_48@example.com,0,Otro,76.67,expense,2026-03-04,900.87,monthly
48,synthetic_user_48@example.com,0,Compras,80.48,expense,2026-03-22,900.87,monthly
48,synthetic_user_48@example.com,0,Alimentacion,153.25,expense,2026-03-20,900.87,monthly
48,synthetic_user_48@example.com,0,Servicios,120.19,expense,2026-03-17,900.87,monthly
48,synthetic_user_48@example.com,0,Ocio,88.86,expense,2026-03-08,900.87,monthly
48,synthetic_user_48@example.com,0,Suscripciones,75.73,expense,2026-03-07,900.87,monthly
48,synthetic_user_48@example.com,0,Otro,122.92,expense,2026-03-15,900.87,monthly
48,synthetic_user_48@example.com,0,Servicios,78.53,expense,2026-03-22,900.87,monthly
48,synthetic_user_48@example.com,0,Ingreso Base,905.89,income,2026-04-07,900.87,monthly
48,synthetic_user_48@example.com,0,Inversion,91.22,investment,2026-04-17,900.87,monthly
48,synthetic_user_48@example.com,0,Ingreso adicional,93.06,expense,2026-04-22,900.87,monthly
48,synthetic_user_48@example.com,0,Ocio,100.03,expense,2026-04-04,900.87,monthly
48,synthetic_user_48@example.com,0,Transporte,78.99,expense,2026-04-01,900.87,monthly
48,synthetic_user_48@example.com,0,Transporte,82.09,expense,2026-04-08,900.87,monthly
48,synthetic_user_48@example.com,0,Alimentacion,87.46,expense,2026-04-04,900.87,monthly
48,synthetic_user_48@example.com,0,Vivienda,78.65,expense,2026-04-16,900.87,monthly
48,synthetic_user_48@example.com,0,Vivienda,76.62,expense,2026-04-04,900.87,monthly
48,synthetic_user_48@example.com,0,Compras,64.65,expense,2026-04-07,900.87,monthly
48,synthetic_user_48@example.com,0,Compras,60.93,expense,2026-04-21,900.87,monthly
49,synthetic_user_49@example.com,0,Ingreso Base,1805.08,income,2025-11-08,1747.23,monthly
49,synthetic_user_49@example.com,0,Inversion,157.1,investment,2025-11-26,1747.23,monthly
49,synthetic_user_49@example.com,0,Otro,152.4,expense,2025-11-13,1747.23,monthly
49,synthetic_user_49@example.com,0,Alimentacion,152.03,expense,2025-11-19,1747.23,monthly
49,synthetic_user_49@example.com,0,Ingreso adicional,73.13,expense,2025-11-10,1747.23,monthly
49,synthetic_user_49@example.com,0,Compras,103.32,expense,2025-11-16,1747.23,monthly
49,synthetic_user_49@example.com,0,Compras,177.44,expense,2025-11-15,1747.23,monthly
49,synthetic_user_49@example.com,0,Gastos generales,152.21,expense,2025-11-03,1747.23,monthly
49,synthetic_user_49@example.com,0,Gastos generales,161.32,expense,2025-11-12,1747.23,monthly
49,synthetic_user_49@example.com,0,Suscripciones,146.92,expense,2025-11-25,1747.23,monthly
49,synthetic_user_49@example.com,0,Vivienda,136.6,expense,2025-11-19,1747.23,monthly
49,synthetic_user_49@example.com,0,Ocio,52.43,expense,2025-11-12,1747.23,monthly
49,synthetic_user_49@example.com,0,Ingreso Base,1875.59,income,2025-12-08,1747.23,monthly
49,synthetic_user_49@example.com,0,Inversion,221.24,investment,2025-12-30,1747.23,monthly
49,synthetic_user_49@example.com,0,Ocio,142.55,expense,2025-12-09,1747.23,monthly
49,synthetic_user_49@example.com,0,Gastos generales,89.5,expense,2025-12-02,1747.23,monthly
49,synthetic_user_49@example.com,0,Gastos generales,148.38,expense,2025-12-05,1747.23,monthly
49,synthetic_user_49@example.com,0,Suscripciones,213.16,expense,2025-12-04,1747.23,monthly
49,synthetic_user_49@example.com,0,Ingreso adicional,141.22,expense,2025-12-12,1747.23,monthly
49,synthetic_user_49@example.com,0,Suscripciones,216.0,expense,2025-12-15,1747.23,monthly
49,synthetic_user_49@example.com,0,Ingreso adicional,83.29,expense,2025-12-16,1747.23,monthly
49,synthetic_user_49@example.com,0,Suscripciones,92.59,expense,2025-12-08,1747.23,monthly
49,synthetic_user_49@example.com,0,Compras,177.1,expense,2025-12-03,1747.23,monthly
49,synthetic_user_49@example.com,0,Ingreso Base,1544.2,income,2026-01-07,1747.23,monthly
49,synthetic_user_49@example.com,0,Inversion,166.65,investment,2026-01-30,1747.23,monthly
49,synthetic_user_49@example.com,0,Gastos generales,138.29,expense,2026-01-20,1747.23,monthly
49,synthetic_user_49@example.com,0,Suscripciones,126.55,expense,2026-01-14,1747.23,monthly
49,synthetic_user_49@example.com,0,Gastos generales,81.32,expense,2026-01-27,1747.23,monthly
49,synthetic_user_49@example.com,0,Gastos generales,154.73,expense,2026-01-17,1747.23,monthly
49,synthetic_user_49@example.com,0,Ingreso adicional,82.03,expense,2026-01-13,1747.23,monthly
49,synthetic_user_49@example.com,0,Suscripciones,135.95,expense,2026-01-27,1747.23,monthly
49,synthetic_user_49@example.com,0,Ingreso adicional,159.33,expense,2026-01-09,1747.23,monthly
49,synthetic_user_49@example.com,0,Vivienda,119.77,expense,2026-01-24,1747.23,monthly
49,synthetic_user_49@example.com,0,Gastos generales,77.3,expense,2026-01-14,1747.23,monthly
49,synthetic_user_49@example.com,0,Ingreso Base,1673.47,income,2026-02-06,1747.23,monthly
49,synthetic_user_49@example.com,0,Inversion,178.67,investment,2026-02-12,1747.23,monthly
49,synthetic_user_49@example.com,0,Compras,92.07,expense,2026-02-17,1747.23,monthly
49,synthetic_user_49@example.com,0,Ocio,68.78,expense,2026-02-24,1747.23,monthly
49,synthetic_user_49@example.com,0,Gastos generales,20.31,expense,2026-02-23,1747.23,monthly
49,synthetic_user_49@example.com,0,Gastos generales,89.33,expense,2026-02-11,1747.23,monthly
49,synthetic_user_49@example.com,0,Gastos generales,83.87,expense,2026-02-20,1747.23,monthly
49,synthetic_user_49@example.com,0,Transporte,69.4,expense,2026-02-16,1747.23,monthly
49,synthetic_user_49@example.com,0,Suscripciones,100.38,expense,2026-02-03,1747.23,monthly
49,synthetic_user_49@example.com,0,Ocio,40.37,expense,2026-02-03,1747.23,monthly
49,synthetic_user_49@example.com,0,Compras,143.35,expense,2026-02-03,1747.23,monthly
49,synthetic_user_49@example.com,0,Educacion,81.5,expense,2026-02-17,1747.23,monthly
49,synthetic_user_49@example.com,0,Gastos generales,75.85,expense,2026-02-16,1747.23,monthly
49,synthetic_user_49@example.com,0,Salud,61.99,expense,2026-02-22,1747.23,monthly
49,synthetic_user_49@example.com,0,Gastos generales,88.81,expense,2026-02-27,1747.23,monthly
49,synthetic_user_49@example.com,0,Ingreso adicional,72.69,expense,2026-02-07,1747.23,monthly
49,synthetic_user_49@example.com,0,Ocio,103.96,expense,2026-02-11,1747.23,monthly
49,synthetic_user_49@example.com,0,Educacion,59.03,expense,2026-02-06,1747.23,monthly
49,synthetic_user_49@example.com,0,Alimentacion,56.03,expense,2026-02-09,1747.23,monthly
49,synthetic_user_49@example.com,0,Gastos generales,86.25,expense,2026-02-27,1747.23,monthly
49,synthetic_user_49@example.com,0,Ingreso Base,1856.83,income,2026-03-08,1747.23,monthly
49,synthetic_user_49@example.com,0,Inversion,235.15,investment,2026-03-24,1747.23,monthly
49,synthetic_user_49@example.com,0,Ingreso adicional,53.15,expense,2026-03-22,1747.23,monthly
49,synthetic_user_49@example.com,0,Compras,59.64,expense,2026-03-06,1747.23,monthly
49,synthetic_user_49@example.com,0,Ingreso adicional,43.1,expense,2026-03-20,1747.23,monthly
49,synthetic_user_49@example.com,0,Gastos generales,98.32,expense,2026-03-05,1747.23,monthly
49,synthetic_user_49@example.com,0,Gastos generales,42.68,expense,2026-03-15,1747.23,monthly
49,synthetic_user_49@example.com,0,Ingresos,79.99,expense,2026-03-24,1747.23,monthly
49,synthetic_user_49@example.com,0,Ingresos,64.96,expense,2026-03-01,1747.23,monthly
49,synthetic_user_49@example.com,0,Vivienda,56.25,expense,2026-03-21,1747.23,monthly
49,synthetic_user_49@example.com,0,Servicios,104.66,expense,2026-03-07,1747.23,monthly
49,synthetic_user_49@example.com,0,Suscripciones,76.91,expense,2026-03-16,1747.23,monthly
49,synthetic_user_49@example.com,0,Vivienda,82.66,expense,2026-03-09,1747.23,monthly
49,synthetic_user_49@example.com,0,Gastos generales,44.92,expense,2026-03-21,1747.23,monthly
49,synthetic_user_49@example.com,0,Servicios,116.45,expense,2026-03-15,1747.23,monthly
49,synthetic_user_49@example.com,0,Gastos generales,113.62,expense,2026-03-11,1747.23,monthly
49,synthetic_user_49@example.com,0,Suscripciones,90.53,expense,2026-03-09,1747.23,monthly
49,synthetic_user_49@example.com,0,Servicios,56.47,expense,2026-03-18,1747.23,monthly
49,synthetic_user_49@example.com,0,Suscripciones,68.38,expense,2026-03-27,1747.23,monthly
49,synthetic_user_49@example.com,0,Suscripciones,89.19,expense,2026-03-06,1747.23,monthly
49,synthetic_user_49@example.com,0,Suscripciones,89.24,expense,2026-03-20,1747.23,monthly
49,synthetic_user_49@example.com,0,Ingreso Base,1708.84,income,2026-04-07,1747.23,monthly
49,synthetic_user_49@example.com,0,Inversion,157.14,investment,2026-04-30,1747.23,monthly
49,synthetic_user_49@example.com,0,Ingreso adicional,72.85,expense,2026-04-27,1747.23,monthly
49,synthetic_user_49@example.com,0,Suscripciones,66.17,expense,2026-04-25,1747.23,monthly
49,synthetic_user_49@example.com,0,Vivienda,58.8,expense,2026-04-08,1747.23,monthly
49,synthetic_user_49@example.com,0,Gastos generales,51.5,expense,2026-04-21,1747.23,monthly
49,synthetic_user_49@example.com,0,Suscripciones,66.33,expense,2026-04-01,1747.23,monthly
49,synthetic_user_49@example.com,0,rappi,86.89,expense,2026-04-02,1747.23,monthly
49,synthetic_user_49@example.com,0,Ingreso adicional,91.58,expense,2026-04-08,1747.23,monthly
49,synthetic_user_49@example.com,0,Otro,98.55,expense,2026-04-02,1747.23,monthly
49,synthetic_user_49@example.com,0,Gastos generales,76.33,expense,2026-04-14,1747.23,monthly
49,synthetic_user_49@example.com,0,Compras,57.49,expense,2026-04-22,1747.23,monthly
49,synthetic_user_49@example.com,0,Suscripciones,59.32,expense,2026-04-23,1747.23,monthly
49,synthetic_user_49@example.com,0,Alimentacion,104.36,expense,2026-04-23,1747.23,monthly
49,synthetic_user_49@example.com,0,Suscripciones,42.84,expense,2026-04-05,1747.23,monthly
49,synthetic_user_49@example.com,0,Ingresos,38.48,expense,2026-04-12,1747.23,monthly
49,synthetic_user_49@example.com,0,Ingreso adicional,58.29,expense,2026-04-08,1747.23,monthly
49,synthetic_user_49@example.com,0,Suscripciones,55.86,expense,2026-04-26,1747.23,monthly
49,synthetic_user_49@example.com,0,Alimentacion,85.4,expense,2026-04-24,1747.23,monthly
49,synthetic_user_49@example.com,0,Ingresos,69.43,expense,2026-04-03,1747.23,monthly
49,synthetic_user_49@example.com,0,Vivienda,71.6,expense,2026-04-22,1747.23,monthly
50,synthetic_user_50@example.com,0,Ingreso Base,1052.87,income,2025-11-08,1077.07,monthly
50,synthetic_user_50@example.com,0,Inversion,50.17,investment,2025-11-12,1077.07,monthly
50,synthetic_user_50@example.com,0,Educacion,47.16,expense,2025-11-16,1077.07,monthly
50,synthetic_user_50@example.com,0,Ingresos,52.06,expense,2025-11-06,1077.07,monthly
50,synthetic_user_50@example.com,0,Servicios,69.98,expense,2025-11-04,1077.07,monthly
50,synthetic_user_50@example.com,0,Alimentacion,56.3,expense,2025-11-16,1077.07,monthly
50,synthetic_user_50@example.com,0,Ocio,54.47,expense,2025-11-07,1077.07,monthly
50,synthetic_user_50@example.com,0,Gastos generales,92.74,expense,2025-11-19,1077.07,monthly
50,synthetic_user_50@example.com,0,Servicios,52.52,expense,2025-11-14,1077.07,monthly
50,synthetic_user_50@example.com,0,Ingresos,63.8,expense,2025-11-14,1077.07,monthly
50,synthetic_user_50@example.com,0,Salud,44.76,expense,2025-11-07,1077.07,monthly
50,synthetic_user_50@example.com,0,Educacion,90.94,expense,2025-11-06,1077.07,monthly
50,synthetic_user_50@example.com,0,rappi,44.89,expense,2025-11-08,1077.07,monthly
50,synthetic_user_50@example.com,0,Vivienda,86.56,expense,2025-11-18,1077.07,monthly
50,synthetic_user_50@example.com,0,Gastos generales,69.37,expense,2025-11-20,1077.07,monthly
50,synthetic_user_50@example.com,0,Ingreso Base,1025.68,income,2025-12-08,1077.07,monthly
50,synthetic_user_50@example.com,0,Inversion,49.47,investment,2025-12-14,1077.07,monthly
50,synthetic_user_50@example.com,0,Ocio,78.06,expense,2025-12-11,1077.07,monthly
50,synthetic_user_50@example.com,0,rappi,72.12,expense,2025-12-04,1077.07,monthly
50,synthetic_user_50@example.com,0,Otro,61.78,expense,2025-12-15,1077.07,monthly
50,synthetic_user_50@example.com,0,Salud,58.49,expense,2025-12-01,1077.07,monthly
50,synthetic_user_50@example.com,0,Suscripciones,58.5,expense,2025-12-03,1077.07,monthly
50,synthetic_user_50@example.com,0,Ingresos,68.37,expense,2025-12-06,1077.07,monthly
50,synthetic_user_50@example.com,0,Alimentacion,73.78,expense,2025-12-06,1077.07,monthly
50,synthetic_user_50@example.com,0,Compras,85.78,expense,2025-12-27,1077.07,monthly
50,synthetic_user_50@example.com,0,Ocio,59.0,expense,2025-12-17,1077.07,monthly
50,synthetic_user_50@example.com,0,Educacion,76.27,expense,2025-12-09,1077.07,monthly
50,synthetic_user_50@example.com,0,Ingreso Base,1164.46,income,2026-01-07,1077.07,monthly
50,synthetic_user_50@example.com,0,Inversion,45.0,investment,2026-01-16,1077.07,monthly
50,synthetic_user_50@example.com,0,Salud,23.74,expense,2026-01-08,1077.07,monthly
50,synthetic_user_50@example.com,0,rappi,47.28,expense,2026-01-15,1077.07,monthly
50,synthetic_user_50@example.com,0,Educacion,46.23,expense,2026-01-06,1077.07,monthly
50,synthetic_user_50@example.com,0,rappi,114.67,expense,2026-01-02,1077.07,monthly
50,synthetic_user_50@example.com,0,rappi,70.36,expense,2026-01-19,1077.07,monthly
50,synthetic_user_50@example.com,0,Servicios,16.92,expense,2026-01-12,1077.07,monthly
50,synthetic_user_50@example.com,0,Educacion,10.94,expense,2026-01-11,1077.07,monthly
50,synthetic_user_50@example.com,0,Servicios,114.47,expense,2026-01-27,1077.07,monthly
50,synthetic_user_50@example.com,0,Vivienda,98.48,expense,2026-01-05,1077.07,monthly
50,synthetic_user_50@example.com,0,Ingresos,71.92,expense,2026-01-03,1077.07,monthly
50,synthetic_user_50@example.com,0,Alimentacion,91.29,expense,2026-01-09,1077.07,monthly
50,synthetic_user_50@example.com,0,Ocio,78.0,expense,2026-01-01,1077.07,monthly
50,synthetic_user_50@example.com,0,rappi,58.35,expense,2026-01-18,1077.07,monthly
50,synthetic_user_50@example.com,0,Educacion,72.25,expense,2026-01-21,1077.07,monthly
50,synthetic_user_50@example.com,0,Ingreso Base,971.52,income,2026-02-06,1077.07,monthly
50,synthetic_user_50@example.com,0,Inversion,38.17,investment,2026-02-25,1077.07,monthly
50,synthetic_user_50@example.com,0,Educacion,82.65,expense,2026-02-18,1077.07,monthly
50,synthetic_user_50@example.com,0,rappi,82.61,expense,2026-02-22,1077.07,monthly
50,synthetic_user_50@example.com,0,Servicios,57.86,expense,2026-02-05,1077.07,monthly
50,synthetic_user_50@example.com,0,Suscripciones,53.71,expense,2026-02-05,1077.07,monthly
50,synthetic_user_50@example.com,0,Otro,50.08,expense,2026-02-09,1077.07,monthly
50,synthetic_user_50@example.com,0,Vivienda,57.79,expense,2026-02-21,1077.07,monthly
50,synthetic_user_50@example.com,0,Vivienda,40.6,expense,2026-02-19,1077.07,monthly
50,synthetic_user_50@example.com,0,Suscripciones,97.15,expense,2026-02-11,1077.07,monthly
50,synthetic_user_50@example.com,0,rappi,71.78,expense,2026-02-08,1077.07,monthly
50,synthetic_user_50@example.com,0,Ingresos,61.36,expense,2026-02-09,1077.07,monthly
50,synthetic_user_50@example.com,0,rappi,29.75,expense,2026-02-16,1077.07,monthly
50,synthetic_user_50@example.com,0,Ocio,53.75,expense,2026-02-23,1077.07,monthly
50,synthetic_user_50@example.com,0,Ingresos,42.47,expense,2026-02-08,1077.07,monthly
50,synthetic_user_50@example.com,0,Ingresos,73.88,expense,2026-02-24,1077.07,monthly
50,synthetic_user_50@example.com,0,Ingreso Base,910.95,income,2026-03-08,1077.07,monthly
50,synthetic_user_50@example.com,0,Inversion,40.79,investment,2026-03-20,1077.07,monthly
50,synthetic_user_50@example.com,0,Ingreso adicional,39.74,expense,2026-03-01,1077.07,monthly
50,synthetic_user_50@example.com,0,Ocio,27.21,expense,2026-03-16,1077.07,monthly
50,synthetic_user_50@example.com,0,Salud,52.38,expense,2026-03-14,1077.07,monthly
50,synthetic_user_50@example.com,0,Educacion,50.32,expense,2026-03-18,1077.07,monthly
50,synthetic_user_50@example.com,0,Salud,55.62,expense,2026-03-04,1077.07,monthly
50,synthetic_user_50@example.com,0,Ocio,50.3,expense,2026-03-18,1077.07,monthly
50,synthetic_user_50@example.com,0,Alimentacion,58.1,expense,2026-03-21,1077.07,monthly
50,synthetic_user_50@example.com,0,Servicios,56.71,expense,2026-03-05,1077.07,monthly
50,synthetic_user_50@example.com,0,Ingresos,28.8,expense,2026-03-06,1077.07,monthly
50,synthetic_user_50@example.com,0,Servicios,23.51,expense,2026-03-16,1077.07,monthly
50,synthetic_user_50@example.com,0,Suscripciones,36.59,expense,2026-03-09,1077.07,monthly
50,synthetic_user_50@example.com,0,Servicios,62.49,expense,2026-03-06,1077.07,monthly
50,synthetic_user_50@example.com,0,Suscripciones,61.51,expense,2026-03-02,1077.07,monthly
50,synthetic_user_50@example.com,0,rappi,43.75,expense,2026-03-14,1077.07,monthly
50,synthetic_user_50@example.com,0,Vivienda,38.3,expense,2026-03-25,1077.07,monthly
50,synthetic_user_50@example.com,0,Servicios,57.31,expense,2026-03-12,1077.07,monthly
50,synthetic_user_50@example.com,0,Ingreso Base,1111.39,income,2026-04-07,1077.07,monthly
50,synthetic_user_50@example.com,0,Inversion,57.23,investment,2026-04-12,1077.07,monthly
50,synthetic_user_50@example.com,0,rappi,82.61,expense,2026-04-16,1077.07,monthly
50,synthetic_user_50@example.com,0,Alimentacion,59.38,expense,2026-04-04,1077.07,monthly
50,synthetic_user_50@example.com,0,Ocio,30.5,expense,2026-04-04,1077.07,monthly
50,synthetic_user_50@example.com,0,Servicios,56.54,expense,2026-04-21,1077.07,monthly
50,synthetic_user_50@example.com,0,Servicios,81.73,expense,2026-04-18,1077.07,monthly
50,synthetic_user_50@example.com,0,rappi,80.11,expense,2026-04-19,1077.07,monthly
50,synthetic_user_50@example.com,0,Ingreso adicional,84.65,expense,2026-04-14,1077.07,monthly
50,synthetic_user_50@example.com,0,Ingresos,70.62,expense,2026-04-25,1077.07,monthly
50,synthetic_user_50@example.com,0,Compras,93.64,expense,2026-04-15,1077.07,monthly
50,synthetic_user_50@example.com,0,Suscripciones,41.61,expense,2026-04-12,1077.07,monthly
50,synthetic_user_50@example.com,0,Otro,25.32,expense,2026-04-11,1077.07,monthly
50,synthetic_user_50@example.com,0,Vivienda,99.86,expense,2026-04-07,1077.07,monthly
50,synthetic_user_50@example.com,0,Suscripciones,15.75,expense,2026-04-07,1077.07,monthly
50,synthetic_user_50@example.com,0,Suscripciones,68.01,expense,2026-04-18,1077.07,monthly
51,synthetic_user_51@example.com,0,Ingreso Base,1968.79,income,2025-11-08,1699.03,monthly
51,synthetic_user_51@example.com,0,Inversion,139.0,investment,2025-11-14,1699.03,monthly
51,synthetic_user_51@example.com,0,Servicios,120.24,expense,2025-11-11,1699.03,monthly
51,synthetic_user_51@example.com,0,Alimentacion,66.63,expense,2025-11-16,1699.03,monthly
51,synthetic_user_51@example.com,0,Ingreso adicional,108.35,expense,2025-11-04,1699.03,monthly
51,synthetic_user_51@example.com,0,Servicios,117.28,expense,2025-11-15,1699.03,monthly
51,synthetic_user_51@example.com,0,Servicios,50.98,expense,2025-11-11,1699.03,monthly
51,synthetic_user_51@example.com,0,Ocio,121.77,expense,2025-11-23,1699.03,monthly
51,synthetic_user_51@example.com,0,Educacion,98.73,expense,2025-11-20,1699.03,monthly
51,synthetic_user_51@example.com,0,Alimentacion,108.36,expense,2025-11-08,1699.03,monthly
51,synthetic_user_51@example.com,0,Transporte,64.58,expense,2025-11-17,1699.03,monthly
51,synthetic_user_51@example.com,0,Servicios,127.47,expense,2025-11-07,1699.03,monthly
51,synthetic_user_51@example.com,0,Educacion,60.1,expense,2025-11-01,1699.03,monthly
51,synthetic_user_51@example.com,0,Servicios,108.95,expense,2025-11-08,1699.03,monthly
51,synthetic_user_51@example.com,0,Suscripciones,130.59,expense,2025-11-13,1699.03,monthly
51,synthetic_user_51@example.com,0,Compras,60.51,expense,2025-11-14,1699.03,monthly
51,synthetic_user_51@example.com,0,Ocio,74.46,expense,2025-11-14,1699.03,monthly
51,synthetic_user_51@example.com,0,Compras,107.1,expense,2025-11-18,1699.03,monthly
51,synthetic_user_51@example.com,0,Servicios,82.32,expense,2025-11-22,1699.03,monthly
51,synthetic_user_51@example.com,0,Ingreso Base,1650.39,income,2025-12-08,1699.03,monthly
51,synthetic_user_51@example.com,0,Inversion,95.66,investment,2026-01-01,1699.03,monthly
51,synthetic_user_51@example.com,0,Vivienda,178.14,expense,2025-12-20,1699.03,monthly
51,synthetic_user_51@example.com,0,Gastos generales,210.74,expense,2025-12-24,1699.03,monthly
51,synthetic_user_51@example.com,0,Ocio,135.42,expense,2025-12-05,1699.03,monthly
51,synthetic_user_51@example.com,0,Alimentacion,157.91,expense,2025-12-18,1699.03,monthly
51,synthetic_user_51@example.com,0,Ocio,281.51,expense,2025-12-08,1699.03,monthly
51,synthetic_user_51@example.com,0,Ingreso adicional,84.83,expense,2025-12-26,1699.03,monthly
51,synthetic_user_51@example.com,0,Servicios,225.17,expense,2025-12-03,1699.03,monthly
51,synthetic_user_51@example.com,0,Gastos generales,163.27,expense,2025-12-18,1699.03,monthly
51,synthetic_user_51@example.com,0,Ingreso Base,1796.48,income,2026-01-07,1699.03,monthly
51,synthetic_user_51@example.com,0,Inversion,106.13,investment,2026-01-29,1699.03,monthly
51,synthetic_user_51@example.com,0,Suscripciones,102.69,expense,2026-01-25,1699.03,monthly
51,synthetic_user_51@example.com,0,Vivienda,64.79,expense,2026-01-15,1699.03,monthly
51,synthetic_user_51@example.com,0,Gastos generales,87.31,expense,2026-01-15,1699.03,monthly
51,synthetic_user_51@example.com,0,Suscripciones,120.24,expense,2026-01-18,1699.03,monthly
51,synthetic_user_51@example.com,0,Transporte,128.97,expense,2026-01-14,1699.03,monthly
51,synthetic_user_51@example.com,0,Servicios,92.26,expense,2026-01-04,1699.03,monthly
51,synthetic_user_51@example.com,0,Gastos generales,85.19,expense,2026-01-24,1699.03,monthly
51,synthetic_user_51@example.com,0,Alimentacion,91.8,expense,2026-01-08,1699.03,monthly
51,synthetic_user_51@example.com,0,Servicios,79.34,expense,2026-01-07,1699.03,monthly
51,synthetic_user_51@example.com,0,Ocio,71.5,expense,2026-01-27,1699.03,monthly
51,synthetic_user_51@example.com,0,Ingreso adicional,47.89,expense,2026-01-14,1699.03,monthly
51,synthetic_user_51@example.com,0,Ocio,58.95,expense,2026-01-05,1699.03,monthly
51,synthetic_user_51@example.com,0,Suscripciones,95.14,expense,2026-01-21,1699.03,monthly
51,synthetic_user_51@example.com,0,Compras,112.08,expense,2026-01-17,1699.03,monthly
51,synthetic_user_51@example.com,0,Transporte,83.0,expense,2026-01-07,1699.03,monthly
51,synthetic_user_51@example.com,0,Gastos generales,67.84,expense,2026-01-02,1699.03,monthly
51,synthetic_user_51@example.com,0,Ocio,111.16,expense,2026-01-25,1699.03,monthly
51,synthetic_user_51@example.com,0,Servicios,71.56,expense,2026-01-24,1699.03,monthly
51,synthetic_user_51@example.com,0,Ocio,82.16,expense,2026-01-03,1699.03,monthly
51,synthetic_user_51@example.com,0,Ingreso Base,1662.23,income,2026-02-06,1699.03,monthly
51,synthetic_user_51@example.com,0,Inversion,151.26,investment,2026-02-14,1699.03,monthly
51,synthetic_user_51@example.com,0,Ingreso adicional,61.77,expense,2026-02-05,1699.03,monthly
51,synthetic_user_51@example.com,0,Gastos generales,124.03,expense,2026-02-11,1699.03,monthly
51,synthetic_user_51@example.com,0,Servicios,129.48,expense,2026-02-10,1699.03,monthly
51,synthetic_user_51@example.com,0,Transporte,100.6,expense,2026-02-20,1699.03,monthly
51,synthetic_user_51@example.com,0,Alimentacion,161.53,expense,2026-02-09,1699.03,monthly
51,synthetic_user_51@example.com,0,Servicios,199.39,expense,2026-02-17,1699.03,monthly
51,synthetic_user_51@example.com,0,Suscripciones,137.88,expense,2026-02-25,1699.03,monthly
51,synthetic_user_51@example.com,0,Servicios,95.83,expense,2026-02-16,1699.03,monthly
51,synthetic_user_51@example.com,0,Compras,66.18,expense,2026-02-13,1699.03,monthly
51,synthetic_user_51@example.com,0,Servicios,25.45,expense,2026-02-06,1699.03,monthly
51,synthetic_user_51@example.com,0,Ocio,101.3,expense,2026-02-17,1699.03,monthly
51,synthetic_user_51@example.com,0,Ocio,99.78,expense,2026-02-12,1699.03,monthly
51,synthetic_user_51@example.com,0,Servicios,52.57,expense,2026-02-10,1699.03,monthly
51,synthetic_user_51@example.com,0,Ingreso Base,1774.56,income,2026-03-08,1699.03,monthly
51,synthetic_user_51@example.com,0,Inversion,178.65,investment,2026-03-28,1699.03,monthly
51,synthetic_user_51@example.com,0,Ingreso adicional,183.29,expense,2026-03-17,1699.03,monthly
51,synthetic_user_51@example.com,0,Servicios,177.11,expense,2026-03-19,1699.03,monthly
51,synthetic_user_51@example.com,0,Ocio,124.62,expense,2026-03-27,1699.03,monthly
51,synthetic_user_51@example.com,0,Ingreso adicional,146.01,expense,2026-03-08,1699.03,monthly
51,synthetic_user_51@example.com,0,Ingreso adicional,162.28,expense,2026-03-17,1699.03,monthly
51,synthetic_user_51@example.com,0,Servicios,178.35,expense,2026-03-23,1699.03,monthly
51,synthetic_user_51@example.com,0,Ocio,201.88,expense,2026-03-14,1699.03,monthly
51,synthetic_user_51@example.com,0,Vivienda,66.1,expense,2026-03-05,1699.03,monthly
51,synthetic_user_51@example.com,0,Alimentacion,172.2,expense,2026-03-16,1699.03,monthly
51,synthetic_user_51@example.com,0,Ingreso Base,1880.42,income,2026-04-07,1699.03,monthly
51,synthetic_user_51@example.com,0,Inversion,191.23,investment,2026-04-11,1699.03,monthly
51,synthetic_user_51@example.com,0,Ocio,189.46,expense,2026-04-15,1699.03,monthly
51,synthetic_user_51@example.com,0,Compras,199.64,expense,2026-04-03,1699.03,monthly
51,synthetic_user_51@example.com,0,Servicios,77.39,expense,2026-04-08,1699.03,monthly
51,synthetic_user_51@example.com,0,Suscripciones,34.29,expense,2026-04-07,1699.03,monthly
51,synthetic_user_51@example.com,0,Salud,70.04,expense,2026-04-19,1699.03,monthly
51,synthetic_user_51@example.com,0,Suscripciones,104.77,expense,2026-04-16,1699.03,monthly
51,synthetic_user_51@example.com,0,Servicios,128.07,expense,2026-04-13,1699.03,monthly
51,synthetic_user_51@example.com,0,Servicios,85.2,expense,2026-04-26,1699.03,monthly
51,synthetic_user_51@example.com,0,Alimentacion,67.4,expense,2026-04-11,1699.03,monthly
51,synthetic_user_51@example.com,0,Ocio,137.17,expense,2026-04-23,1699.03,monthly
51,synthetic_user_51@example.com,0,Servicios,141.12,expense,2026-04-09,1699.03,monthly
51,synthetic_user_51@example.com,0,Otro,75.13,expense,2026-04-04,1699.03,monthly
51,synthetic_user_51@example.com,0,Ocio,120.28,expense,2026-04-05,1699.03,monthly
51,synthetic_user_51@example.com,0,Suscripciones,176.33,expense,2026-04-18,1699.03,monthly
52,synthetic_user_52@example.com,0,Ingreso Base,2232.88,income,2025-11-08,2341.61,monthly
52,synthetic_user_52@example.com,0,Inversion,388.05,investment,2025-11-27,2341.61,monthly
52,synthetic_user_52@example.com,0,Ingresos,67.09,expense,2025-11-20,2341.61,monthly
52,synthetic_user_52@example.com,0,Educacion,280.59,expense,2025-11-14,2341.61,monthly
52,synthetic_user_52@example.com,0,Educacion,209.73,expense,2025-11-16,2341.61,monthly
52,synthetic_user_52@example.com,0,Servicios,144.69,expense,2025-11-26,2341.61,monthly
52,synthetic_user_52@example.com,0,rappi,217.57,expense,2025-11-17,2341.61,monthly
52,synthetic_user_52@example.com,0,Transporte,155.56,expense,2025-11-24,2341.61,monthly
52,synthetic_user_52@example.com,0,Ocio,189.37,expense,2025-11-19,2341.61,monthly
52,synthetic_user_52@example.com,0,Transporte,184.84,expense,2025-11-21,2341.61,monthly
52,synthetic_user_52@example.com,0,Ingreso Base,2173.3,income,2025-12-08,2341.61,monthly
52,synthetic_user_52@example.com,0,Inversion,452.07,investment,2025-12-20,2341.61,monthly
52,synthetic_user_52@example.com,0,Transporte,37.72,expense,2025-12-03,2341.61,monthly
52,synthetic_user_52@example.com,0,Ocio,184.53,expense,2025-12-25,2341.61,monthly
52,synthetic_user_52@example.com,0,Gastos generales,190.56,expense,2025-12-10,2341.61,monthly
52,synthetic_user_52@example.com,0,Transporte,112.81,expense,2025-12-18,2341.61,monthly
52,synthetic_user_52@example.com,0,Suscripciones,102.66,expense,2025-12-01,2341.61,monthly
52,synthetic_user_52@example.com,0,Compras,53.45,expense,2025-12-18,2341.61,monthly
52,synthetic_user_52@example.com,0,Otro,50.55,expense,2025-12-27,2341.61,monthly
52,synthetic_user_52@example.com,0,Transporte,84.47,expense,2025-12-11,2341.61,monthly
52,synthetic_user_52@example.com,0,Ingresos,50.36,expense,2025-12-26,2341.61,monthly
52,synthetic_user_52@example.com,0,Compras,171.5,expense,2025-12-10,2341.61,monthly
52,synthetic_user_52@example.com,0,Transporte,77.31,expense,2025-12-02,2341.61,monthly
52,synthetic_user_52@example.com,0,Transporte,118.68,expense,2025-12-17,2341.61,monthly
52,synthetic_user_52@example.com,0,Transporte,90.57,expense,2025-12-08,2341.61,monthly
52,synthetic_user_52@example.com,0,Compras,105.75,expense,2025-12-02,2341.61,monthly
52,synthetic_user_52@example.com,0,Ingreso Base,2167.25,income,2026-01-07,2341.61,monthly
52,synthetic_user_52@example.com,0,Inversion,322.32,investment,2026-01-22,2341.61,monthly
52,synthetic_user_52@example.com,0,Otro,182.38,expense,2026-01-16,2341.61,monthly
52,synthetic_user_52@example.com,0,Gastos generales,157.72,expense,2026-01-20,2341.61,monthly
52,synthetic_user_52@example.com,0,Transporte,144.75,expense,2026-01-23,2341.61,monthly
52,synthetic_user_52@example.com,0,Suscripciones,162.21,expense,2026-01-20,2341.61,monthly
52,synthetic_user_52@example.com,0,Transporte,159.45,expense,2026-01-15,2341.61,monthly
52,synthetic_user_52@example.com,0,Ingreso adicional,205.29,expense,2026-01-20,2341.61,monthly
52,synthetic_user_52@example.com,0,Suscripciones,221.24,expense,2026-01-22,2341.61,monthly
52,synthetic_user_52@example.com,0,Ocio,182.44,expense,2026-01-26,2341.61,monthly
52,synthetic_user_52@example.com,0,Suscripciones,180.06,expense,2026-01-08,2341.61,monthly
52,synthetic_user_52@example.com,0,Suscripciones,191.42,expense,2026-01-02,2341.61,monthly
52,synthetic_user_52@example.com,0,Ingreso adicional,126.13,expense,2026-01-04,2341.61,monthly
52,synthetic_user_52@example.com,0,Ingreso Base,2040.53,income,2026-02-06,2341.61,monthly
52,synthetic_user_52@example.com,0,Inversion,247.85,investment,2026-03-01,2341.61,monthly
52,synthetic_user_52@example.com,0,Ingresos,122.12,expense,2026-02-13,2341.61,monthly
52,synthetic_user_52@example.com,0,Alimentacion,83.07,expense,2026-02-15,2341.61,monthly
52,synthetic_user_52@example.com,0,Ingresos,111.53,expense,2026-02-27,2341.61,monthly
52,synthetic_user_52@example.com,0,Transporte,97.98,expense,2026-02-01,2341.61,monthly
52,synthetic_user_52@example.com,0,Suscripciones,51.76,expense,2026-02-14,2341.61,monthly
52,synthetic_user_52@example.com,0,Ingreso adicional,170.86,expense,2026-02-21,2341.61,monthly
52,synthetic_user_52@example.com,0,Ingresos,115.95,expense,2026-02-21,2341.61,monthly
52,synthetic_user_52@example.com,0,Transporte,91.25,expense,2026-02-12,2341.61,monthly
52,synthetic_user_52@example.com,0,Transporte,150.25,expense,2026-02-14,2341.61,monthly
52,synthetic_user_52@example.com,0,Ocio,146.47,expense,2026-02-23,2341.61,monthly
52,synthetic_user_52@example.com,0,Ocio,118.84,expense,2026-02-20,2341.61,monthly
52,synthetic_user_52@example.com,0,Ocio,126.04,expense,2026-02-05,2341.61,monthly
52,synthetic_user_52@example.com,0,Otro,92.81,expense,2026-02-27,2341.61,monthly
52,synthetic_user_52@example.com,0,Ingreso Base,2049.12,income,2026-03-08,2341.61,monthly
52,synthetic_user_52@example.com,0,Inversion,339.13,investment,2026-03-15,2341.61,monthly
52,synthetic_user_52@example.com,0,Transporte,183.95,expense,2026-03-16,2341.61,monthly
52,synthetic_user_52@example.com,0,Ingresos,57.66,expense,2026-03-26,2341.61,monthly
52,synthetic_user_52@example.com,0,Transporte,200.65,expense,2026-03-14,2341.61,monthly
52,synthetic_user_52@example.com,0,Transporte,207.02,expense,2026-03-04,2341.61,monthly
52,synthetic_user_52@example.com,0,Ingresos,126.3,expense,2026-03-09,2341.61,monthly
52,synthetic_user_52@example.com,0,Gastos generales,135.43,expense,2026-03-19,2341.61,monthly
52,synthetic_user_52@example.com,0,Servicios,154.23,expense,2026-03-21,2341.61,monthly
52,synthetic_user_52@example.com,0,Otro,196.98,expense,2026-03-19,2341.61,monthly
52,synthetic_user_52@example.com,0,Transporte,227.05,expense,2026-03-14,2341.61,monthly
52,synthetic_user_52@example.com,0,Ingreso Base,2308.58,income,2026-04-07,2341.61,monthly
52,synthetic_user_52@example.com,0,Inversion,403.7,investment,2026-04-15,2341.61,monthly
52,synthetic_user_52@example.com,0,Ingreso adicional,160.45,expense,2026-04-13,2341.61,monthly
52,synthetic_user_52@example.com,0,Ocio,118.28,expense,2026-04-12,2341.61,monthly
52,synthetic_user_52@example.com,0,Alimentacion,129.63,expense,2026-04-19,2341.61,monthly
52,synthetic_user_52@example.com,0,Ingresos,95.38,expense,2026-04-06,2341.61,monthly
52,synthetic_user_52@example.com,0,Transporte,111.29,expense,2026-04-20,2341.61,monthly
52,synthetic_user_52@example.com,0,Transporte,27.19,expense,2026-04-05,2341.61,monthly
52,synthetic_user_52@example.com,0,Transporte,193.64,expense,2026-04-02,2341.61,monthly
52,synthetic_user_52@example.com,0,Ingreso adicional,129.61,expense,2026-04-05,2341.61,monthly
52,synthetic_user_52@example.com,0,Transporte,52.58,expense,2026-04-02,2341.61,monthly
52,synthetic_user_52@example.com,0,Vivienda,176.33,expense,2026-04-14,2341.61,monthly
52,synthetic_user_52@example.com,0,Otro,66.82,expense,2026-04-05,2341.61,monthly
52,synthetic_user_52@example.com,0,Transporte,165.02,expense,2026-04-26,2341.61,monthly
52,synthetic_user_52@example.com,0,Compras,121.23,expense,2026-04-18,2341.61,monthly
52,synthetic_user_52@example.com,0,Transporte,73.7,expense,2026-04-05,2341.61,monthly
52,synthetic_user_52@example.com,0,Ingresos,132.04,expense,2026-04-07,2341.61,monthly
53,synthetic_user_53@example.com,0,Ingreso Base,1366.98,income,2025-11-08,1250.25,monthly
53,synthetic_user_53@example.com,0,Inversion,67.93,investment,2025-12-02,1250.25,monthly
53,synthetic_user_53@example.com,0,Gastos generales,2.0,expense,2025-11-15,1250.25,monthly
53,synthetic_user_53@example.com,0,Vivienda,79.27,expense,2025-11-20,1250.25,monthly
53,synthetic_user_53@example.com,0,Compras,9.62,expense,2025-11-19,1250.25,monthly
53,synthetic_user_53@example.com,0,Gastos generales,82.0,expense,2025-11-11,1250.25,monthly
53,synthetic_user_53@example.com,0,Gastos generales,44.58,expense,2025-11-19,1250.25,monthly
53,synthetic_user_53@example.com,0,Gastos generales,32.96,expense,2025-11-27,1250.25,monthly
53,synthetic_user_53@example.com,0,Gastos generales,69.31,expense,2025-11-27,1250.25,monthly
53,synthetic_user_53@example.com,0,Ingreso adicional,75.53,expense,2025-11-02,1250.25,monthly
53,synthetic_user_53@example.com,0,Ingresos,52.03,expense,2025-11-07,1250.25,monthly
53,synthetic_user_53@example.com,0,Suscripciones,53.19,expense,2025-11-14,1250.25,monthly
53,synthetic_user_53@example.com,0,Gastos generales,81.42,expense,2025-11-11,1250.25,monthly
53,synthetic_user_53@example.com,0,Gastos generales,27.04,expense,2025-11-13,1250.25,monthly
53,synthetic_user_53@example.com,0,Gastos generales,48.93,expense,2025-11-19,1250.25,monthly
53,synthetic_user_53@example.com,0,Transporte,68.58,expense,2025-11-24,1250.25,monthly
53,synthetic_user_53@example.com,0,Transporte,80.8,expense,2025-11-07,1250.25,monthly
53,synthetic_user_53@example.com,0,Servicios,54.51,expense,2025-11-21,1250.25,monthly
53,synthetic_user_53@example.com,0,Vivienda,47.92,expense,2025-11-12,1250.25,monthly
53,synthetic_user_53@example.com,0,Alimentacion,25.87,expense,2025-11-18,1250.25,monthly
53,synthetic_user_53@example.com,0,Ingreso Base,1174.66,income,2025-12-08,1250.25,monthly
53,synthetic_user_53@example.com,0,Inversion,70.78,investment,2025-12-30,1250.25,monthly
53,synthetic_user_53@example.com,0,Salud,21.07,expense,2025-12-26,1250.25,monthly
53,synthetic_user_53@example.com,0,Alimentacion,66.43,expense,2025-12-08,1250.25,monthly
53,synthetic_user_53@example.com,0,Gastos generales,8.56,expense,2025-12-09,1250.25,monthly
53,synthetic_user_53@example.com,0,Gastos generales,70.45,expense,2025-12-18,1250.25,monthly
53,synthetic_user_53@example.com,0,Ingreso adicional,33.4,expense,2025-12-18,1250.25,monthly
53,synthetic_user_53@example.com,0,Salud,52.98,expense,2025-12-10,1250.25,monthly
53,synthetic_user_53@example.com,0,Gastos generales,46.18,expense,2025-12-18,1250.25,monthly
53,synthetic_user_53@example.com,0,Gastos generales,24.93,expense,2025-12-10,1250.25,monthly
53,synthetic_user_53@example.com,0,Servicios,42.86,expense,2025-12-07,1250.25,monthly
53,synthetic_user_53@example.com,0,Compras,55.22,expense,2025-12-25,1250.25,monthly
53,synthetic_user_53@example.com,0,Ingresos,69.65,expense,2025-12-27,1250.25,monthly
53,synthetic_user_53@example.com,0,Gastos generales,68.6,expense,2025-12-25,1250.25,monthly
53,synthetic_user_53@example.com,0,Gastos generales,45.87,expense,2025-12-05,1250.25,monthly
53,synthetic_user_53@example.com,0,Salud,63.44,expense,2025-12-13,1250.25,monthly
53,synthetic_user_53@example.com,0,Suscripciones,39.5,expense,2025-12-01,1250.25,monthly
53,synthetic_user_53@example.com,0,Alimentacion,67.39,expense,2025-12-26,1250.25,monthly
53,synthetic_user_53@example.com,0,Suscripciones,62.04,expense,2025-12-09,1250.25,monthly
53,synthetic_user_53@example.com,0,Gastos generales,52.95,expense,2025-12-02,1250.25,monthly
53,synthetic_user_53@example.com,0,Ingreso Base,1117.27,income,2026-01-07,1250.25,monthly
53,synthetic_user_53@example.com,0,Inversion,62.94,investment,2026-01-27,1250.25,monthly
53,synthetic_user_53@example.com,0,Ingreso adicional,95.4,expense,2026-01-16,1250.25,monthly
53,synthetic_user_53@example.com,0,Gastos generales,96.84,expense,2026-01-19,1250.25,monthly
53,synthetic_user_53@example.com,0,Vivienda,113.14,expense,2026-01-08,1250.25,monthly
53,synthetic_user_53@example.com,0,Alimentacion,170.93,expense,2026-01-13,1250.25,monthly
53,synthetic_user_53@example.com,0,Gastos generales,166.98,expense,2026-01-11,1250.25,monthly
53,synthetic_user_53@example.com,0,Compras,61.0,expense,2026-01-24,1250.25,monthly
53,synthetic_user_53@example.com,0,Gastos generales,48.25,expense,2026-01-04,1250.25,monthly
53,synthetic_user_53@example.com,0,Gastos generales,80.1,expense,2026-01-25,1250.25,monthly
53,synthetic_user_53@example.com,0,Suscripciones,103.28,expense,2026-01-23,1250.25,monthly
53,synthetic_user_53@example.com,0,Ingreso Base,1489.89,income,2026-02-06,1250.25,monthly
53,synthetic_user_53@example.com,0,Inversion,50.21,investment,2026-02-14,1250.25,monthly
53,synthetic_user_53@example.com,0,Ingresos,127.54,expense,2026-02-22,1250.25,monthly
53,synthetic_user_53@example.com,0,Suscripciones,50.55,expense,2026-02-20,1250.25,monthly
53,synthetic_user_53@example.com,0,Gastos generales,49.68,expense,2026-02-12,1250.25,monthly
53,synthetic_user_53@example.com,0,Gastos generales,64.41,expense,2026-02-12,1250.25,monthly
53,synthetic_user_53@example.com,0,Gastos generales,90.07,expense,2026-02-12,1250.25,monthly
53,synthetic_user_53@example.com,0,Transporte,42.92,expense,2026-02-27,1250.25,monthly
53,synthetic_user_53@example.com,0,Vivienda,55.78,expense,2026-02-01,1250.25,monthly
53,synthetic_user_53@example.com,0,Educacion,76.13,expense,2026-02-19,1250.25,monthly
53,synthetic_user_53@example.com,0,Servicios,79.9,expense,2026-02-21,1250.25,monthly
53,synthetic_user_53@example.com,0,Ingreso adicional,65.36,expense,2026-02-19,1250.25,monthly
53,synthetic_user_53@example.com,0,Gastos generales,50.53,expense,2026-02-06,1250.25,monthly
53,synthetic_user_53@example.com,0,Ingresos,68.96,expense,2026-02-22,1250.25,monthly
53,synthetic_user_53@example.com,0,Vivienda,93.71,expense,2026-02-20,1250.25,monthly
53,synthetic_user_53@example.com,0,Compras,55.29,expense,2026-02-01,1250.25,monthly
53,synthetic_user_53@example.com,0,Gastos generales,55.67,expense,2026-02-27,1250.25,monthly
53,synthetic_user_53@example.com,0,Otro,63.18,expense,2026-02-14,1250.25,monthly
53,synthetic_user_53@example.com,0,Ingreso Base,1390.27,income,2026-03-08,1250.25,monthly
53,synthetic_user_53@example.com,0,Inversion,73.94,investment,2026-03-29,1250.25,monthly
53,synthetic_user_53@example.com,0,Gastos generales,131.54,expense,2026-03-01,1250.25,monthly
53,synthetic_user_53@example.com,0,Transporte,196.69,expense,2026-03-04,1250.25,monthly
53,synthetic_user_53@example.com,0,Gastos generales,48.59,expense,2026-03-04,1250.25,monthly
53,synthetic_user_53@example.com,0,Gastos generales,49.75,expense,2026-03-19,1250.25,monthly
53,synthetic_user_53@example.com,0,Gastos generales,139.07,expense,2026-03-13,1250.25,monthly
53,synthetic_user_53@example.com,0,Gastos generales,132.27,expense,2026-03-04,1250.25,monthly
53,synthetic_user_53@example.com,0,Gastos generales,139.57,expense,2026-03-25,1250.25,monthly
53,synthetic_user_53@example.com,0,Gastos generales,93.25,expense,2026-03-08,1250.25,monthly
53,synthetic_user_53@example.com,0,Ingresos,124.36,expense,2026-03-25,1250.25,monthly
53,synthetic_user_53@example.com,0,Ingreso Base,1228.29,income,2026-04-07,1250.25,monthly
53,synthetic_user_53@example.com,0,Inversion,63.56,investment,2026-04-15,1250.25,monthly
53,synthetic_user_53@example.com,0,Otro,58.38,expense,2026-04-22,1250.25,monthly
53,synthetic_user_53@example.com,0,Vivienda,19.2,expense,2026-04-01,1250.25,monthly
53,synthetic_user_53@example.com,0,Servicios,71.7,expense,2026-04-27,1250.25,monthly
53,synthetic_user_53@example.com,0,Otro,24.56,expense,2026-04-23,1250.25,monthly
53,synthetic_user_53@example.com,0,Transporte,74.67,expense,2026-04-12,1250.25,monthly
53,synthetic_user_53@example.com,0,Suscripciones,38.06,expense,2026-04-18,1250.25,monthly
53,synthetic_user_53@example.com,0,Alimentacion,62.83,expense,2026-04-09,1250.25,monthly
53,synthetic_user_53@example.com,0,Gastos generales,48.86,expense,2026-04-06,1250.25,monthly
53,synthetic_user_53@example.com,0,Transporte,57.61,expense,2026-04-03,1250.25,monthly
53,synthetic_user_53@example.com,0,Alimentacion,34.04,expense,2026-04-26,1250.25,monthly
53,synthetic_user_53@example.com,0,Ingresos,66.78,expense,2026-04-04,1250.25,monthly
53,synthetic_user_53@example.com,0,Vivienda,56.43,expense,2026-04-05,1250.25,monthly
53,synthetic_user_53@example.com,0,Salud,26.51,expense,2026-04-10,1250.25,monthly
53,synthetic_user_53@example.com,0,Salud,57.22,expense,2026-04-02,1250.25,monthly
53,synthetic_user_53@example.com,0,Salud,89.76,expense,2026-04-22,1250.25,monthly
53,synthetic_user_53@example.com,0,Gastos generales,49.12,expense,2026-04-08,1250.25,monthly
53,synthetic_user_53@example.com,0,Gastos generales,33.2,expense,2026-04-19,1250.25,monthly
54,synthetic_user_54@example.com,0,Ingreso Base,2772.92,income,2025-11-08,2843.75,monthly
54,synthetic_user_54@example.com,0,Inversion,122.99,investment,2025-12-01,2843.75,monthly
54,synthetic_user_54@example.com,0,Servicios,89.94,expense,2025-11-25,2843.75,monthly
54,synthetic_user_54@example.com,0,Transporte,97.92,expense,2025-11-07,2843.75,monthly
54,synthetic_user_54@example.com,0,Transporte,149.2,expense,2025-11-12,2843.75,monthly
54,synthetic_user_54@example.com,0,Otro,65.77,expense,2025-11-08,2843.75,monthly
54,synthetic_user_54@example.com,0,Salud,120.07,expense,2025-11-09,2843.75,monthly
54,synthetic_user_54@example.com,0,Vivienda,67.64,expense,2025-11-14,2843.75,monthly
54,synthetic_user_54@example.com,0,Servicios,87.64,expense,2025-11-02,2843.75,monthly
54,synthetic_user_54@example.com,0,Suscripciones,53.84,expense,2025-11-12,2843.75,monthly
54,synthetic_user_54@example.com,0,Otro,103.9,expense,2025-11-15,2843.75,monthly
54,synthetic_user_54@example.com,0,Vivienda,164.88,expense,2025-11-07,2843.75,monthly
54,synthetic_user_54@example.com,0,Otro,206.74,expense,2025-11-04,2843.75,monthly
54,synthetic_user_54@example.com,0,Ingresos,150.51,expense,2025-11-17,2843.75,monthly
54,synthetic_user_54@example.com,0,Alimentacion,157.49,expense,2025-11-27,2843.75,monthly
54,synthetic_user_54@example.com,0,Suscripciones,165.32,expense,2025-11-25,2843.75,monthly
54,synthetic_user_54@example.com,0,Otro,102.74,expense,2025-11-07,2843.75,monthly
54,synthetic_user_54@example.com,0,Otro,55.67,expense,2025-11-08,2843.75,monthly
54,synthetic_user_54@example.com,0,rappi,152.53,expense,2025-11-05,2843.75,monthly
54,synthetic_user_54@example.com,0,Ingreso Base,3140.55,income,2025-12-08,2843.75,monthly
54,synthetic_user_54@example.com,0,Inversion,152.25,investment,2025-12-16,2843.75,monthly
54,synthetic_user_54@example.com,0,Vivienda,140.03,expense,2025-12-27,2843.75,monthly
54,synthetic_user_54@example.com,0,Vivienda,276.67,expense,2025-12-09,2843.75,monthly
54,synthetic_user_54@example.com,0,Alimentacion,311.16,expense,2025-12-22,2843.75,monthly
54,synthetic_user_54@example.com,0,Otro,184.92,expense,2025-12-11,2843.75,monthly
54,synthetic_user_54@example.com,0,rappi,401.47,expense,2025-12-15,2843.75,monthly
54,synthetic_user_54@example.com,0,Ingreso adicional,225.82,expense,2025-12-18,2843.75,monthly
54,synthetic_user_54@example.com,0,Otro,258.94,expense,2025-12-02,2843.75,monthly
54,synthetic_user_54@example.com,0,Ingresos,363.01,expense,2025-12-10,2843.75,monthly
54,synthetic_user_54@example.com,0,Transporte,245.41,expense,2025-12-12,2843.75,monthly
54,synthetic_user_54@example.com,0,Ingreso Base,3121.23,income,2026-01-07,2843.75,monthly
54,synthetic_user_54@example.com,0,Inversion,204.61,investment,2026-01-11,2843.75,monthly
54,synthetic_user_54@example.com,0,rappi,336.99,expense,2026-01-11,2843.75,monthly
54,synthetic_user_54@example.com,0,Otro,365.22,expense,2026-01-15,2843.75,monthly
54,synthetic_user_54@example.com,0,rappi,422.3,expense,2026-01-13,2843.75,monthly
54,synthetic_user_54@example.com,0,Salud,233.69,expense,2026-01-08,2843.75,monthly
54,synthetic_user_54@example.com,0,Ingresos,304.58,expense,2026-01-20,2843.75,monthly
54,synthetic_user_54@example.com,0,rappi,144.66,expense,2026-01-15,2843.75,monthly
54,synthetic_user_54@example.com,0,Otro,317.58,expense,2026-01-06,2843.75,monthly
54,synthetic_user_54@example.com,0,Gastos generales,224.44,expense,2026-01-14,2843.75,monthly
54,synthetic_user_54@example.com,0,Ingreso Base,2885.61,income,2026-02-06,2843.75,monthly
54,synthetic_user_54@example.com,0,Inversion,224.1,investment,2026-03-02,2843.75,monthly
54,synthetic_user_54@example.com,0,Otro,157.52,expense,2026-02-16,2843.75,monthly
54,synthetic_user_54@example.com,0,Ingresos,248.15,expense,2026-02-17,2843.75,monthly
54,synthetic_user_54@example.com,0,Educacion,94.67,expense,2026-02-03,2843.75,monthly
54,synthetic_user_54@example.com,0,Ingresos,187.55,expense,2026-02-06,2843.75,monthly
54,synthetic_user_54@example.com,0,rappi,199.71,expense,2026-02-17,2843.75,monthly
54,synthetic_user_54@example.com,0,Otro,251.07,expense,2026-02-09,2843.75,monthly
54,synthetic_user_54@example.com,0,Ingresos,108.33,expense,2026-02-27,2843.75,monthly
54,synthetic_user_54@example.com,0,Transporte,268.42,expense,2026-02-24,2843.75,monthly
54,synthetic_user_54@example.com,0,rappi,182.37,expense,2026-02-27,2843.75,monthly
54,synthetic_user_54@example.com,0,Ingresos,253.48,expense,2026-02-20,2843.75,monthly
54,synthetic_user_54@example.com,0,Otro,398.42,expense,2026-02-26,2843.75,monthly
54,synthetic_user_54@example.com,0,Ingreso Base,3322.7,income,2026-03-08,2843.75,monthly
54,synthetic_user_54@example.com,0,Inversion,211.9,investment,2026-03-12,2843.75,monthly
54,synthetic_user_54@example.com,0,Otro,223.56,expense,2026-03-09,2843.75,monthly
54,synthetic_user_54@example.com,0,Transporte,227.73,expense,2026-03-08,2843.75,monthly
54,synthetic_user_54@example.com,0,Transporte,174.24,expense,2026-03-26,2843.75,monthly
54,synthetic_user_54@example.com,0,Vivienda,170.47,expense,2026-03-05,2843.75,monthly
54,synthetic_user_54@example.com,0,Otro,185.87,expense,2026-03-08,2843.75,monthly
54,synthetic_user_54@example.com,0,Transporte,94.11,expense,2026-03-02,2843.75,monthly
54,synthetic_user_54@example.com,0,Transporte,296.09,expense,2026-03-11,2843.75,monthly
54,synthetic_user_54@example.com,0,Otro,240.13,expense,2026-03-21,2843.75,monthly
54,synthetic_user_54@example.com,0,Transporte,217.36,expense,2026-03-21,2843.75,monthly
54,synthetic_user_54@example.com,0,Otro,154.27,expense,2026-03-01,2843.75,monthly
54,synthetic_user_54@example.com,0,Salud,241.95,expense,2026-03-05,2843.75,monthly
54,synthetic_user_54@example.com,0,Vivienda,274.56,expense,2026-03-09,2843.75,monthly
54,synthetic_user_54@example.com,0,Ingresos,100.56,expense,2026-03-14,2843.75,monthly
54,synthetic_user_54@example.com,0,Ingresos,214.83,expense,2026-03-27,2843.75,monthly
54,synthetic_user_54@example.com,0,Ingreso Base,2732.46,income,2026-04-07,2843.75,monthly
54,synthetic_user_54@example.com,0,Inversion,145.01,investment,2026-04-30,2843.75,monthly
54,synthetic_user_54@example.com,0,Suscripciones,79.33,expense,2026-04-09,2843.75,monthly
54,synthetic_user_54@example.com,0,Ingresos,205.85,expense,2026-04-15,2843.75,monthly
54,synthetic_user_54@example.com,0,Otro,33.55,expense,2026-04-24,2843.75,monthly
54,synthetic_user_54@example.com,0,Vivienda,106.25,expense,2026-04-24,2843.75,monthly
54,synthetic_user_54@example.com,0,Ocio,70.06,expense,2026-04-27,2843.75,monthly
54,synthetic_user_54@example.com,0,Compras,131.84,expense,2026-04-03,2843.75,monthly
54,synthetic_user_54@example.com,0,Transporte,131.45,expense,2026-04-05,2843.75,monthly
54,synthetic_user_54@example.com,0,Ingreso adicional,56.4,expense,2026-04-27,2843.75,monthly
54,synthetic_user_54@example.com,0,Compras,91.09,expense,2026-04-05,2843.75,monthly
54,synthetic_user_54@example.com,0,Educacion,183.75,expense,2026-04-25,2843.75,monthly
54,synthetic_user_54@example.com,0,Ingresos,32.04,expense,2026-04-01,2843.75,monthly
54,synthetic_user_54@example.com,0,Vivienda,220.07,expense,2026-04-04,2843.75,monthly
54,synthetic_user_54@example.com,0,Transporte,207.62,expense,2026-04-09,2843.75,monthly
54,synthetic_user_54@example.com,0,Vivienda,185.09,expense,2026-04-02,2843.75,monthly
55,synthetic_user_55@example.com,0,Ingreso Base,1212.74,income,2025-11-08,1237.71,monthly
55,synthetic_user_55@example.com,0,Inversion,141.37,investment,2025-11-30,1237.71,monthly
55,synthetic_user_55@example.com,0,Ocio,50.03,expense,2025-11-26,1237.71,monthly
55,synthetic_user_55@example.com,0,Ocio,70.95,expense,2025-11-25,1237.71,monthly
55,synthetic_user_55@example.com,0,Educacion,69.16,expense,2025-11-20,1237.71,monthly
55,synthetic_user_55@example.com,0,Otro,99.97,expense,2025-11-21,1237.71,monthly
55,synthetic_user_55@example.com,0,Ocio,102.85,expense,2025-11-05,1237.71,monthly
55,synthetic_user_55@example.com,0,Salud,61.75,expense,2025-11-22,1237.71,monthly
55,synthetic_user_55@example.com,0,Transporte,14.36,expense,2025-11-03,1237.71,monthly
55,synthetic_user_55@example.com,0,rappi,54.85,expense,2025-11-22,1237.71,monthly
55,synthetic_user_55@example.com,0,Servicios,26.19,expense,2025-11-06,1237.71,monthly
55,synthetic_user_55@example.com,0,Salud,74.44,expense,2025-11-11,1237.71,monthly
55,synthetic_user_55@example.com,0,Compras,106.22,expense,2025-11-09,1237.71,monthly
55,synthetic_user_55@example.com,0,Compras,69.79,expense,2025-11-24,1237.71,monthly
55,synthetic_user_55@example.com,0,Ingreso Base,1459.78,income,2025-12-08,1237.71,monthly
55,synthetic_user_55@example.com,0,Inversion,319.78,investment,2025-12-18,1237.71,monthly
55,synthetic_user_55@example.com,0,Ocio,60.63,expense,2025-12-11,1237.71,monthly
55,synthetic_user_55@example.com,0,rappi,98.51,expense,2025-12-07,1237.71,monthly
55,synthetic_user_55@example.com,0,Otro,53.06,expense,2025-12-12,1237.71,monthly
55,synthetic_user_55@example.com,0,Ocio,51.82,expense,2025-12-07,1237.71,monthly
55,synthetic_user_55@example.com,0,Ingresos,57.37,expense,2025-12-27,1237.71,monthly
55,synthetic_user_55@example.com,0,Otro,84.74,expense,2025-12-21,1237.71,monthly
55,synthetic_user_55@example.com,0,Transporte,60.26,expense,2025-12-16,1237.71,monthly
55,synthetic_user_55@example.com,0,Ocio,69.51,expense,2025-12-17,1237.71,monthly
55,synthetic_user_55@example.com,0,Transporte,52.07,expense,2025-12-24,1237.71,monthly
55,synthetic_user_55@example.com,0,Transporte,58.08,expense,2025-12-07,1237.71,monthly
55,synthetic_user_55@example.com,0,Servicios,62.77,expense,2025-12-02,1237.71,monthly
55,synthetic_user_55@example.com,0,Ocio,38.71,expense,2025-12-20,1237.71,monthly
55,synthetic_user_55@example.com,0,Alimentacion,39.08,expense,2025-12-21,1237.71,monthly
55,synthetic_user_55@example.com,0,Ocio,51.66,expense,2025-12-07,1237.71,monthly
55,synthetic_user_55@example.com,0,Transporte,34.59,expense,2025-12-01,1237.71,monthly
55,synthetic_user_55@example.com,0,rappi,74.29,expense,2025-12-20,1237.71,monthly
55,synthetic_user_55@example.com,0,Suscripciones,62.04,expense,2025-12-19,1237.71,monthly
55,synthetic_user_55@example.com,0,Salud,62.66,expense,2025-12-21,1237.71,monthly
55,synthetic_user_55@example.com,0,Ingreso Base,1291.69,income,2026-01-07,1237.71,monthly
55,synthetic_user_55@example.com,0,Inversion,248.14,investment,2026-01-21,1237.71,monthly
55,synthetic_user_55@example.com,0,rappi,131.43,expense,2026-01-22,1237.71,monthly
55,synthetic_user_55@example.com,0,Transporte,141.33,expense,2026-01-04,1237.71,monthly
55,synthetic_user_55@example.com,0,Compras,151.01,expense,2026-01-03,1237.71,monthly
55,synthetic_user_55@example.com,0,Compras,117.07,expense,2026-01-03,1237.71,monthly
55,synthetic_user_55@example.com,0,Transporte,82.43,expense,2026-01-01,1237.71,monthly
55,synthetic_user_55@example.com,0,Servicios,61.73,expense,2026-01-10,1237.71,monthly
55,synthetic_user_55@example.com,0,Otro,92.04,expense,2026-01-20,1237.71,monthly
55,synthetic_user_55@example.com,0,Vivienda,112.3,expense,2026-01-04,1237.71,monthly
55,synthetic_user_55@example.com,0,Ingreso Base,1113.87,income,2026-02-06,1237.71,monthly
55,synthetic_user_55@example.com,0,Inversion,113.72,investment,2026-02-20,1237.71,monthly
55,synthetic_user_55@example.com,0,Ocio,124.47,expense,2026-02-20,1237.71,monthly
55,synthetic_user_55@example.com,0,Alimentacion,89.78,expense,2026-02-26,1237.71,monthly
55,synthetic_user_55@example.com,0,rappi,149.85,expense,2026-02-06,1237.71,monthly
55,synthetic_user_55@example.com,0,Salud,14.82,expense,2026-02-17,1237.71,monthly
55,synthetic_user_55@example.com,0,Vivienda,113.6,expense,2026-02-08,1237.71,monthly
55,synthetic_user_55@example.com,0,Ocio,106.58,expense,2026-02-26,1237.71,monthly
55,synthetic_user_55@example.com,0,Salud,184.84,expense,2026-02-09,1237.71,monthly
55,synthetic_user_55@example.com,0,Servicios,129.53,expense,2026-02-04,1237.71,monthly
55,synthetic_user_55@example.com,0,Ingreso Base,1168.42,income,2026-03-08,1237.71,monthly
55,synthetic_user_55@example.com,0,Inversion,197.99,investment,2026-03-20,1237.71,monthly
55,synthetic_user_55@example.com,0,Ocio,72.76,expense,2026-03-04,1237.71,monthly
55,synthetic_user_55@example.com,0,Alimentacion,59.8,expense,2026-03-06,1237.71,monthly
55,synthetic_user_55@example.com,0,Servicios,58.83,expense,2026-03-10,1237.71,monthly
55,synthetic_user_55@example.com,0,rappi,60.24,expense,2026-03-03,1237.71,monthly
55,synthetic_user_55@example.com,0,Transporte,48.75,expense,2026-03-08,1237.71,monthly
55,synthetic_user_55@example.com,0,Otro,94.91,expense,2026-03-06,1237.71,monthly
55,synthetic_user_55@example.com,0,Transporte,92.16,expense,2026-03-19,1237.71,monthly
55,synthetic_user_55@example.com,0,Vivienda,53.92,expense,2026-03-01,1237.71,monthly
55,synthetic_user_55@example.com,0,rappi,48.84,expense,2026-03-16,1237.71,monthly
55,synthetic_user_55@example.com,0,Ingresos,57.27,expense,2026-03-16,1237.71,monthly
55,synthetic_user_55@example.com,0,rappi,51.0,expense,2026-03-25,1237.71,monthly
55,synthetic_user_55@example.com,0,Servicios,59.1,expense,2026-03-08,1237.71,monthly
55,synthetic_user_55@example.com,0,Servicios,88.34,expense,2026-03-21,1237.71,monthly
55,synthetic_user_55@example.com,0,Servicios,43.56,expense,2026-03-18,1237.71,monthly
55,synthetic_user_55@example.com,0,Suscripciones,44.46,expense,2026-03-10,1237.71,monthly
55,synthetic_user_55@example.com,0,Ingreso Base,1226.98,income,2026-04-07,1237.71,monthly
55,synthetic_user_55@example.com,0,Inversion,201.95,investment,2026-04-12,1237.71,monthly
55,synthetic_user_55@example.com,0,Servicios,29.79,expense,2026-04-27,1237.71,monthly
55,synthetic_user_55@example.com,0,Vivienda,26.74,expense,2026-04-13,1237.71,monthly
55,synthetic_user_55@example.com,0,Gastos generales,14.14,expense,2026-04-10,1237.71,monthly
55,synthetic_user_55@example.com,0,rappi,45.01,expense,2026-04-03,1237.71,monthly
55,synthetic_user_55@example.com,0,Alimentacion,62.17,expense,2026-04-15,1237.71,monthly
55,synthetic_user_55@example.com,0,rappi,44.81,expense,2026-04-09,1237.71,monthly
55,synthetic_user_55@example.com,0,Salud,31.83,expense,2026-04-19,1237.71,monthly
55,synthetic_user_55@example.com,0,Compras,46.03,expense,2026-04-27,1237.71,monthly
55,synthetic_user_55@example.com,0,Servicios,51.19,expense,2026-04-06,1237.71,monthly
55,synthetic_user_55@example.com,0,Ocio,32.19,expense,2026-04-20,1237.71,monthly
55,synthetic_user_55@example.com,0,Educacion,52.92,expense,2026-04-24,1237.71,monthly
55,synthetic_user_55@example.com,0,Ingreso adicional,41.28,expense,2026-04-13,1237.71,monthly
55,synthetic_user_55@example.com,0,Otro,59.32,expense,2026-04-17,1237.71,monthly
55,synthetic_user_55@example.com,0,rappi,42.55,expense,2026-04-19,1237.71,monthly
55,synthetic_user_55@example.com,0,Transporte,18.78,expense,2026-04-14,1237.71,monthly
55,synthetic_user_55@example.com,0,Alimentacion,57.1,expense,2026-04-06,1237.71,monthly
55,synthetic_user_55@example.com,0,Otro,36.32,expense,2026-04-24,1237.71,monthly
55,synthetic_user_55@example.com,0,Servicios,34.63,expense,2026-04-26,1237.71,monthly
55,synthetic_user_55@example.com,0,Otro,47.33,expense,2026-04-15,1237.71,monthly
56,synthetic_user_56@example.com,0,Ingreso Base,2063.86,income,2025-11-08,2067.62,monthly
56,synthetic_user_56@example.com,0,Inversion,128.58,investment,2025-11-29,2067.62,monthly
56,synthetic_user_56@example.com,0,Ingreso adicional,175.9,expense,2025-11-27,2067.62,monthly
56,synthetic_user_56@example.com,0,Ingresos,202.36,expense,2025-11-01,2067.62,monthly
56,synthetic_user_56@example.com,0,Servicios,210.0,expense,2025-11-16,2067.62,monthly
56,synthetic_user_56@example.com,0,Servicios,232.17,expense,2025-11-22,2067.62,monthly
56,synthetic_user_56@example.com,0,Servicios,321.25,expense,2025-11-13,2067.62,monthly
56,synthetic_user_56@example.com,0,Ocio,303.57,expense,2025-11-09,2067.62,monthly
56,synthetic_user_56@example.com,0,Servicios,225.85,expense,2025-11-19,2067.62,monthly
56,synthetic_user_56@example.com,0,Ingreso adicional,314.66,expense,2025-11-18,2067.62,monthly
56,synthetic_user_56@example.com,0,rappi,210.48,expense,2025-11-27,2067.62,monthly
56,synthetic_user_56@example.com,0,Ingreso Base,2040.24,income,2025-12-08,2067.62,monthly
56,synthetic_user_56@example.com,0,Inversion,199.0,investment,2025-12-24,2067.62,monthly
56,synthetic_user_56@example.com,0,rappi,123.77,expense,2025-12-16,2067.62,monthly
56,synthetic_user_56@example.com,0,Servicios,115.81,expense,2025-12-12,2067.62,monthly
56,synthetic_user_56@example.com,0,Servicios,143.49,expense,2025-12-21,2067.62,monthly
56,synthetic_user_56@example.com,0,Servicios,121.72,expense,2025-12-19,2067.62,monthly
56,synthetic_user_56@example.com,0,Servicios,89.31,expense,2025-12-27,2067.62,monthly
56,synthetic_user_56@example.com,0,Salud,176.42,expense,2025-12-10,2067.62,monthly
56,synthetic_user_56@example.com,0,Ingresos,105.44,expense,2025-12-03,2067.62,monthly
56,synthetic_user_56@example.com,0,Ingresos,69.78,expense,2025-12-11,2067.62,monthly
56,synthetic_user_56@example.com,0,Salud,53.99,expense,2025-12-17,2067.62,monthly
56,synthetic_user_56@example.com,0,rappi,87.38,expense,2025-12-19,2067.62,monthly
56,synthetic_user_56@example.com,0,Ingreso adicional,78.46,expense,2025-12-03,2067.62,monthly
56,synthetic_user_56@example.com,0,Ingreso adicional,144.93,expense,2025-12-15,2067.62,monthly
56,synthetic_user_56@example.com,0,Otro,79.26,expense,2025-12-10,2067.62,monthly
56,synthetic_user_56@example.com,0,rappi,77.43,expense,2025-12-08,2067.62,monthly
56,synthetic_user_56@example.com,0,Salud,122.29,expense,2025-12-22,2067.62,monthly
56,synthetic_user_56@example.com,0,Ingreso adicional,74.2,expense,2025-12-09,2067.62,monthly
56,synthetic_user_56@example.com,0,Ingreso adicional,114.54,expense,2025-12-05,2067.62,monthly
56,synthetic_user_56@example.com,0,Ingreso Base,2028.17,income,2026-01-07,2067.62,monthly
56,synthetic_user_56@example.com,0,Inversion,158.83,investment,2026-01-11,2067.62,monthly
56,synthetic_user_56@example.com,0,Transporte,189.63,expense,2026-01-04,2067.62,monthly
56,synthetic_user_56@example.com,0,Transporte,181.65,expense,2026-01-16,2067.62,monthly
56,synthetic_user_56@example.com,0,Salud,41.67,expense,2026-01-11,2067.62,monthly
56,synthetic_user_56@example.com,0,rappi,184.74,expense,2026-01-07,2067.62,monthly
56,synthetic_user_56@example.com,0,Ingresos,121.76,expense,2026-01-18,2067.62,monthly
56,synthetic_user_56@example.com,0,Ingresos,291.42,expense,2026-01-01,2067.62,monthly
56,synthetic_user_56@example.com,0,Salud,191.92,expense,2026-01-16,2067.62,monthly
56,synthetic_user_56@example.com,0,Servicios,298.6,expense,2026-01-20,2067.62,monthly
56,synthetic_user_56@example.com,0,Ocio,204.21,expense,2026-01-12,2067.62,monthly
56,synthetic_user_56@example.com,0,Servicios,267.79,expense,2026-01-11,2067.62,monthly
56,synthetic_user_56@example.com,0,Ingreso Base,2051.67,income,2026-02-06,2067.62,monthly
56,synthetic_user_56@example.com,0,Inversion,205.91,investment,2026-02-16,2067.62,monthly
56,synthetic_user_56@example.com,0,Transporte,2.0,expense,2026-02-14,2067.62,monthly
56,synthetic_user_56@example.com,0,Suscripciones,162.99,expense,2026-02-17,2067.62,monthly
56,synthetic_user_56@example.com,0,Ingreso adicional,165.61,expense,2026-02-11,2067.62,monthly
56,synthetic_user_56@example.com,0,rappi,137.01,expense,2026-02-27,2067.62,monthly
56,synthetic_user_56@example.com,0,Vivienda,180.86,expense,2026-02-03,2067.62,monthly
56,synthetic_user_56@example.com,0,rappi,214.13,expense,2026-02-05,2067.62,monthly
56,synthetic_user_56@example.com,0,Ingresos,205.09,expense,2026-02-09,2067.62,monthly
56,synthetic_user_56@example.com,0,Servicios,255.23,expense,2026-02-23,2067.62,monthly
56,synthetic_user_56@example.com,0,Salud,277.62,expense,2026-02-27,2067.62,monthly
56,synthetic_user_56@example.com,0,Transporte,185.99,expense,2026-02-03,2067.62,monthly
56,synthetic_user_56@example.com,0,Otro,165.19,expense,2026-02-02,2067.62,monthly
56,synthetic_user_56@example.com,0,Ingresos,137.09,expense,2026-02-25,2067.62,monthly
56,synthetic_user_56@example.com,0,Ingreso Base,2017.04,income,2026-03-08,2067.62,monthly
56,synthetic_user_56@example.com,0,Inversion,148.24,investment,2026-03-21,2067.62,monthly
56,synthetic_user_56@example.com,0,Compras,169.76,expense,2026-03-15,2067.62,monthly
56,synthetic_user_56@example.com,0,Servicios,60.74,expense,2026-03-10,2067.62,monthly
56,synthetic_user_56@example.com,0,Servicios,187.8,expense,2026-03-25,2067.62,monthly
56,synthetic_user_56@example.com,0,rappi,232.61,expense,2026-03-15,2067.62,monthly
56,synthetic_user_56@example.com,0,Ingresos,313.89,expense,2026-03-16,2067.62,monthly
56,synthetic_user_56@example.com,0,Ocio,32.07,expense,2026-03-02,2067.62,monthly
56,synthetic_user_56@example.com,0,Ingreso adicional,144.91,expense,2026-03-07,2067.62,monthly
56,synthetic_user_56@example.com,0,Transporte,134.57,expense,2026-03-02,2067.62,monthly
56,synthetic_user_56@example.com,0,Ocio,138.3,expense,2026-03-22,2067.62,monthly
56,synthetic_user_56@example.com,0,Servicios,123.06,expense,2026-03-22,2067.62,monthly
56,synthetic_user_56@example.com,0,Ingreso adicional,138.38,expense,2026-03-18,2067.62,monthly
56,synthetic_user_56@example.com,0,Salud,100.04,expense,2026-03-25,2067.62,monthly
56,synthetic_user_56@example.com,0,Ingreso Base,2118.01,income,2026-04-07,2067.62,monthly
56,synthetic_user_56@example.com,0,Inversion,180.08,investment,2026-04-11,2067.62,monthly
56,synthetic_user_56@example.com,0,Ingreso adicional,211.15,expense,2026-04-21,2067.62,monthly
56,synthetic_user_56@example.com,0,rappi,191.59,expense,2026-04-14,2067.62,monthly
56,synthetic_user_56@example.com,0,Ingreso adicional,173.21,expense,2026-04-17,2067.62,monthly
56,synthetic_user_56@example.com,0,Alimentacion,168.74,expense,2026-04-25,2067.62,monthly
56,synthetic_user_56@example.com,0,Ingresos,88.92,expense,2026-04-15,2067.62,monthly
56,synthetic_user_56@example.com,0,Ingresos,206.9,expense,2026-04-05,2067.62,monthly
56,synthetic_user_56@example.com,0,Ocio,107.88,expense,2026-04-08,2067.62,monthly
56,synthetic_user_56@example.com,0,Vivienda,52.48,expense,2026-04-23,2067.62,monthly
56,synthetic_user_56@example.com,0,Ingreso adicional,193.84,expense,2026-04-15,2067.62,monthly
56,synthetic_user_56@example.com,0,Alimentacion,31.81,expense,2026-04-21,2067.62,monthly
56,synthetic_user_56@example.com,0,Ocio,166.87,expense,2026-04-23,2067.62,monthly
56,synthetic_user_56@example.com,0,rappi,111.7,expense,2026-04-07,2067.62,monthly
56,synthetic_user_56@example.com,0,Salud,74.65,expense,2026-04-09,2067.62,monthly
56,synthetic_user_56@example.com,0,Ingreso adicional,141.77,expense,2026-04-13,2067.62,monthly
56,synthetic_user_56@example.com,0,rappi,129.69,expense,2026-04-25,2067.62,monthly
57,synthetic_user_57@example.com,0,Ingreso Base,2037.64,income,2025-11-08,1873.58,monthly
57,synthetic_user_57@example.com,0,Inversion,58.12,investment,2025-11-15,1873.58,monthly
57,synthetic_user_57@example.com,0,Otro,186.16,expense,2025-11-11,1873.58,monthly
57,synthetic_user_57@example.com,0,Alimentacion,171.01,expense,2025-11-22,1873.58,monthly
57,synthetic_user_57@example.com,0,Educacion,203.11,expense,2025-11-18,1873.58,monthly
57,synthetic_user_57@example.com,0,Suscripciones,131.85,expense,2025-11-16,1873.58,monthly
57,synthetic_user_57@example.com,0,Gastos generales,154.84,expense,2025-11-16,1873.58,monthly
57,synthetic_user_57@example.com,0,Transporte,175.79,expense,2025-11-23,1873.58,monthly
57,synthetic_user_57@example.com,0,Compras,73.04,expense,2025-11-03,1873.58,monthly
57,synthetic_user_57@example.com,0,Gastos generales,114.84,expense,2025-11-12,1873.58,monthly
57,synthetic_user_57@example.com,0,Ingreso adicional,212.4,expense,2025-11-27,1873.58,monthly
57,synthetic_user_57@example.com,0,Gastos generales,166.75,expense,2025-11-20,1873.58,monthly
57,synthetic_user_57@example.com,0,Otro,142.43,expense,2025-11-22,1873.58,monthly
57,synthetic_user_57@example.com,0,Educacion,109.45,expense,2025-11-13,1873.58,monthly
57,synthetic_user_57@example.com,0,Ingreso Base,1732.26,income,2025-12-08,1873.58,monthly
57,synthetic_user_57@example.com,0,Inversion,60.56,investment,2025-12-21,1873.58,monthly
57,synthetic_user_57@example.com,0,Gastos generales,98.54,expense,2025-12-25,1873.58,monthly
57,synthetic_user_57@example.com,0,Ingreso adicional,214.28,expense,2025-12-17,1873.58,monthly
57,synthetic_user_57@example.com,0,Suscripciones,168.54,expense,2025-12-19,1873.58,monthly
57,synthetic_user_57@example.com,0,Ingreso adicional,135.17,expense,2025-12-25,1873.58,monthly
57,synthetic_user_57@example.com,0,rappi,167.65,expense,2025-12-25,1873.58,monthly
57,synthetic_user_57@example.com,0,Ingresos,176.43,expense,2025-12-20,1873.58,monthly
57,synthetic_user_57@example.com,0,Suscripciones,221.49,expense,2025-12-26,1873.58,monthly
57,synthetic_user_57@example.com,0,Alimentacion,216.36,expense,2025-12-13,1873.58,monthly
57,synthetic_user_57@example.com,0,Ingresos,160.48,expense,2025-12-27,1873.58,monthly
57,synthetic_user_57@example.com,0,Compras,84.02,expense,2025-12-05,1873.58,monthly
57,synthetic_user_57@example.com,0,Ingreso Base,1704.66,income,2026-01-07,1873.58,monthly
57,synthetic_user_57@example.com,0,Inversion,33.61,investment,2026-01-19,1873.58,monthly
57,synthetic_user_57@example.com,0,Educacion,37.96,expense,2026-01-08,1873.58,monthly
57,synthetic_user_57@example.com,0,Educacion,82.06,expense,2026-01-24,1873.58,monthly
57,synthetic_user_57@example.com,0,Alimentacion,110.8,expense,2026-01-22,1873.58,monthly
57,synthetic_user_57@example.com,0,Compras,58.52,expense,2026-01-03,1873.58,monthly
57,synthetic_user_57@example.com,0,Ingresos,78.17,expense,2026-01-16,1873.58,monthly
57,synthetic_user_57@example.com,0,Otro,64.99,expense,2026-01-08,1873.58,monthly
57,synthetic_user_57@example.com,0,Vivienda,100.28,expense,2026-01-22,1873.58,monthly
57,synthetic_user_57@example.com,0,Vivienda,96.67,expense,2026-01-12,1873.58,monthly
57,synthetic_user_57@example.com,0,Alimentacion,69.39,expense,2026-01-06,1873.58,monthly
57,synthetic_user_57@example.com,0,Otro,58.43,expense,2026-01-14,1873.58,monthly
57,synthetic_user_57@example.com,0,Suscripciones,49.84,expense,2026-01-27,1873.58,monthly
57,synthetic_user_57@example.com,0,Compras,67.43,expense,2026-01-17,1873.58,monthly
57,synthetic_user_57@example.com,0,Ingresos,23.56,expense,2026-01-11,1873.58,monthly
57,synthetic_user_57@example.com,0,Ocio,74.54,expense,2026-01-10,1873.58,monthly
57,synthetic_user_57@example.com,0,Vivienda,66.39,expense,2026-01-22,1873.58,monthly
57,synthetic_user_57@example.com,0,Alimentacion,38.44,expense,2026-01-27,1873.58,monthly
57,synthetic_user_57@example.com,0,Suscripciones,43.02,expense,2026-01-18,1873.58,monthly
57,synthetic_user_57@example.com,0,Gastos generales,49.08,expense,2026-01-01,1873.58,monthly
57,synthetic_user_57@example.com,0,Ingreso Base,1805.81,income,2026-02-06,1873.58,monthly
57,synthetic_user_57@example.com,0,Inversion,54.22,investment,2026-03-02,1873.58,monthly
57,synthetic_user_57@example.com,0,Educacion,79.13,expense,2026-02-20,1873.58,monthly
57,synthetic_user_57@example.com,0,Educacion,134.42,expense,2026-02-09,1873.58,monthly
57,synthetic_user_57@example.com,0,Vivienda,118.82,expense,2026-02-17,1873.58,monthly
57,synthetic_user_57@example.com,0,Ingreso adicional,171.11,expense,2026-02-01,1873.58,monthly
57,synthetic_user_57@example.com,0,Ingreso adicional,131.74,expense,2026-02-03,1873.58,monthly
57,synthetic_user_57@example.com,0,Compras,94.71,expense,2026-02-21,1873.58,monthly
57,synthetic_user_57@example.com,0,Otro,143.3,expense,2026-02-15,1873.58,monthly
57,synthetic_user_57@example.com,0,Otro,124.63,expense,2026-02-04,1873.58,monthly
57,synthetic_user_57@example.com,0,Ocio,139.34,expense,2026-02-26,1873.58,monthly
57,synthetic_user_57@example.com,0,Otro,160.56,expense,2026-02-05,1873.58,monthly
57,synthetic_user_57@example.com,0,Vivienda,102.92,expense,2026-02-01,1873.58,monthly
57,synthetic_user_57@example.com,0,Otro,145.18,expense,2026-02-24,1873.58,monthly
57,synthetic_user_57@example.com,0,Ingreso Base,1918.76,income,2026-03-08,1873.58,monthly
57,synthetic_user_57@example.com,0,Inversion,50.18,investment,2026-03-30,1873.58,monthly
57,synthetic_user_57@example.com,0,Otro,248.01,expense,2026-03-06,1873.58,monthly
57,synthetic_user_57@example.com,0,Educacion,140.24,expense,2026-03-05,1873.58,monthly
57,synthetic_user_57@example.com,0,Suscripciones,115.12,expense,2026-03-03,1873.58,monthly
57,synthetic_user_57@example.com,0,Compras,157.0,expense,2026-03-14,1873.58,monthly
57,synthetic_user_57@example.com,0,Ingresos,63.45,expense,2026-03-27,1873.58,monthly
57,synthetic_user_57@example.com,0,Suscripciones,98.85,expense,2026-03-02,1873.58,monthly
57,synthetic_user_57@example.com,0,Educacion,62.44,expense,2026-03-24,1873.58,monthly
57,synthetic_user_57@example.com,0,Ingresos,106.37,expense,2026-03-02,1873.58,monthly
57,synthetic_user_57@example.com,0,Educacion,119.48,expense,2026-03-19,1873.58,monthly
57,synthetic_user_57@example.com,0,Alimentacion,148.8,expense,2026-03-20,1873.58,monthly
57,synthetic_user_57@example.com,0,Alimentacion,107.23,expense,2026-03-12,1873.58,monthly
57,synthetic_user_57@example.com,0,Gastos generales,154.11,expense,2026-03-20,1873.58,monthly
57,synthetic_user_57@example.com,0,Ingreso Base,1888.23,income,2026-04-07,1873.58,monthly
57,synthetic_user_57@example.com,0,Inversion,66.77,investment,2026-04-14,1873.58,monthly
57,synthetic_user_57@example.com,0,Ingreso adicional,103.31,expense,2026-04-23,1873.58,monthly
57,synthetic_user_57@example.com,0,Servicios,119.61,expense,2026-04-18,1873.58,monthly
57,synthetic_user_57@example.com,0,Vivienda,82.43,expense,2026-04-01,1873.58,monthly
57,synthetic_user_57@example.com,0,Ingreso adicional,70.98,expense,2026-04-03,1873.58,monthly
57,synthetic_user_57@example.com,0,Compras,15.46,expense,2026-04-08,1873.58,monthly
57,synthetic_user_57@example.com,0,Educacion,64.7,expense,2026-04-21,1873.58,monthly
57,synthetic_user_57@example.com,0,Otro,54.08,expense,2026-04-19,1873.58,monthly
57,synthetic_user_57@example.com,0,Otro,40.49,expense,2026-04-11,1873.58,monthly
57,synthetic_user_57@example.com,0,Educacion,35.11,expense,2026-04-13,1873.58,monthly
57,synthetic_user_57@example.com,0,Salud,111.57,expense,2026-04-04,1873.58,monthly
57,synthetic_user_57@example.com,0,Vivienda,97.37,expense,2026-04-14,1873.58,monthly
57,synthetic_user_57@example.com,0,Ingreso adicional,73.04,expense,2026-04-22,1873.58,monthly
57,synthetic_user_57@example.com,0,Ingreso adicional,69.59,expense,2026-04-21,1873.58,monthly
57,synthetic_user_57@example.com,0,Vivienda,124.09,expense,2026-04-19,1873.58,monthly
57,synthetic_user_57@example.com,0,Alimentacion,68.99,expense,2026-04-04,1873.58,monthly
57,synthetic_user_57@example.com,0,Alimentacion,31.32,expense,2026-04-04,1873.58,monthly
57,synthetic_user_57@example.com,0,Vivienda,119.91,expense,2026-04-17,1873.58,monthly
57,synthetic_user_57@example.com,0,Suscripciones,49.53,expense,2026-04-19,1873.58,monthly
57,synthetic_user_57@example.com,0,Ingreso adicional,57.74,expense,2026-04-12,1873.58,monthly
58,synthetic_user_58@example.com,0,Ingreso Base,1062.94,income,2025-11-08,1061.7,monthly
58,synthetic_user_58@example.com,0,Inversion,8.85,investment,2025-11-12,1061.7,monthly
58,synthetic_user_58@example.com,0,Otro,54.24,expense,2025-11-05,1061.7,monthly
58,synthetic_user_58@example.com,0,Alimentacion,80.52,expense,2025-11-02,1061.7,monthly
58,synthetic_user_58@example.com,0,rappi,73.91,expense,2025-11-20,1061.7,monthly
58,synthetic_user_58@example.com,0,Servicios,74.79,expense,2025-11-07,1061.7,monthly
58,synthetic_user_58@example.com,0,Vivienda,46.09,expense,2025-11-27,1061.7,monthly
58,synthetic_user_58@example.com,0,rappi,2.0,expense,2025-11-15,1061.7,monthly
58,synthetic_user_58@example.com,0,Ocio,64.6,expense,2025-11-26,1061.7,monthly
58,synthetic_user_58@example.com,0,Suscripciones,65.25,expense,2025-11-18,1061.7,monthly
58,synthetic_user_58@example.com,0,Gastos generales,71.27,expense,2025-11-21,1061.7,monthly
58,synthetic_user_58@example.com,0,rappi,94.14,expense,2025-11-01,1061.7,monthly
58,synthetic_user_58@example.com,0,Suscripciones,67.23,expense,2025-11-27,1061.7,monthly
58,synthetic_user_58@example.com,0,Ocio,93.9,expense,2025-11-08,1061.7,monthly
58,synthetic_user_58@example.com,0,Ingreso Base,1023.45,income,2025-12-08,1061.7,monthly
58,synthetic_user_58@example.com,0,Inversion,13.05,investment,2025-12-24,1061.7,monthly
58,synthetic_user_58@example.com,0,Servicios,86.82,expense,2025-12-17,1061.7,monthly
58,synthetic_user_58@example.com,0,Transporte,87.8,expense,2025-12-03,1061.7,monthly
58,synthetic_user_58@example.com,0,Suscripciones,61.39,expense,2025-12-27,1061.7,monthly
58,synthetic_user_58@example.com,0,rappi,99.28,expense,2025-12-18,1061.7,monthly
58,synthetic_user_58@example.com,0,Transporte,45.96,expense,2025-12-05,1061.7,monthly
58,synthetic_user_58@example.com,0,Compras,83.4,expense,2025-12-26,1061.7,monthly
58,synthetic_user_58@example.com,0,Suscripciones,95.88,expense,2025-12-25,1061.7,monthly
58,synthetic_user_58@example.com,0,rappi,55.13,expense,2025-12-23,1061.7,monthly
58,synthetic_user_58@example.com,0,Otro,107.63,expense,2025-12-22,1061.7,monthly
58,synthetic_user_58@example.com,0,Compras,75.23,expense,2025-12-05,1061.7,monthly
58,synthetic_user_58@example.com,0,Ocio,75.84,expense,2025-12-02,1061.7,monthly
58,synthetic_user_58@example.com,0,Ingreso Base,1095.9,income,2026-01-07,1061.7,monthly
58,synthetic_user_58@example.com,0,Inversion,12.55,investment,2026-01-19,1061.7,monthly
58,synthetic_user_58@example.com,0,Servicios,82.91,expense,2026-01-01,1061.7,monthly
58,synthetic_user_58@example.com,0,Otro,51.84,expense,2026-01-12,1061.7,monthly
58,synthetic_user_58@example.com,0,Ingresos,122.92,expense,2026-01-12,1061.7,monthly
58,synthetic_user_58@example.com,0,Transporte,102.19,expense,2026-01-23,1061.7,monthly
58,synthetic_user_58@example.com,0,Ocio,67.12,expense,2026-01-19,1061.7,monthly
58,synthetic_user_58@example.com,0,Otro,49.46,expense,2026-01-27,1061.7,monthly
58,synthetic_user_58@example.com,0,Ocio,96.65,expense,2026-01-06,1061.7,monthly
58,synthetic_user_58@example.com,0,Servicios,171.84,expense,2026-01-04,1061.7,monthly
58,synthetic_user_58@example.com,0,Ingreso Base,925.85,income,2026-02-06,1061.7,monthly
58,synthetic_user_58@example.com,0,Inversion,11.13,investment,2026-03-01,1061.7,monthly
58,synthetic_user_58@example.com,0,Vivienda,19.99,expense,2026-02-04,1061.7,monthly
58,synthetic_user_58@example.com,0,Suscripciones,108.01,expense,2026-02-07,1061.7,monthly
58,synthetic_user_58@example.com,0,Alimentacion,62.41,expense,2026-02-24,1061.7,monthly
58,synthetic_user_58@example.com,0,Servicios,94.72,expense,2026-02-21,1061.7,monthly
58,synthetic_user_58@example.com,0,Ingresos,52.31,expense,2026-02-13,1061.7,monthly
58,synthetic_user_58@example.com,0,Ingresos,65.25,expense,2026-02-09,1061.7,monthly
58,synthetic_user_58@example.com,0,Suscripciones,56.97,expense,2026-02-19,1061.7,monthly
58,synthetic_user_58@example.com,0,rappi,68.54,expense,2026-02-26,1061.7,monthly
58,synthetic_user_58@example.com,0,rappi,69.31,expense,2026-02-03,1061.7,monthly
58,synthetic_user_58@example.com,0,Transporte,85.21,expense,2026-02-18,1061.7,monthly
58,synthetic_user_58@example.com,0,Ingreso Base,1083.43,income,2026-03-08,1061.7,monthly
58,synthetic_user_58@example.com,0,Inversion,7.12,investment,2026-03-31,1061.7,monthly
58,synthetic_user_58@example.com,0,rappi,38.61,expense,2026-03-06,1061.7,monthly
58,synthetic_user_58@example.com,0,rappi,26.54,expense,2026-03-26,1061.7,monthly
58,synthetic_user_58@example.com,0,Vivienda,45.03,expense,2026-03-12,1061.7,monthly
58,synthetic_user_58@example.com,0,rappi,51.91,expense,2026-03-20,1061.7,monthly
58,synthetic_user_58@example.com,0,Servicios,47.83,expense,2026-03-27,1061.7,monthly
58,synthetic_user_58@example.com,0,Otro,43.33,expense,2026-03-08,1061.7,monthly
58,synthetic_user_58@example.com,0,Salud,25.9,expense,2026-03-15,1061.7,monthly
58,synthetic_user_58@example.com,0,Transporte,74.58,expense,2026-03-11,1061.7,monthly
58,synthetic_user_58@example.com,0,Ocio,26.44,expense,2026-03-09,1061.7,monthly
58,synthetic_user_58@example.com,0,rappi,64.25,expense,2026-03-21,1061.7,monthly
58,synthetic_user_58@example.com,0,Ingreso adicional,59.45,expense,2026-03-05,1061.7,monthly
58,synthetic_user_58@example.com,0,Ocio,87.74,expense,2026-03-20,1061.7,monthly
58,synthetic_user_58@example.com,0,Gastos generales,39.33,expense,2026-03-19,1061.7,monthly
58,synthetic_user_58@example.com,0,Transporte,47.98,expense,2026-03-22,1061.7,monthly
58,synthetic_user_58@example.com,0,Ingresos,50.44,expense,2026-03-04,1061.7,monthly
58,synthetic_user_58@example.com,0,rappi,59.18,expense,2026-03-09,1061.7,monthly
58,synthetic_user_58@example.com,0,Ingreso Base,952.94,income,2026-04-07,1061.7,monthly
58,synthetic_user_58@example.com,0,Inversion,10.53,investment,2026-04-19,1061.7,monthly
58,synthetic_user_58@example.com,0,Transporte,34.02,expense,2026-04-03,1061.7,monthly
58,synthetic_user_58@example.com,0,rappi,45.29,expense,2026-04-08,1061.7,monthly
58,synthetic_user_58@example.com,0,Ingresos,32.33,expense,2026-04-19,1061.7,monthly
58,synthetic_user_58@example.com,0,Educacion,17.11,expense,2026-04-03,1061.7,monthly
58,synthetic_user_58@example.com,0,Alimentacion,30.85,expense,2026-04-24,1061.7,monthly
58,synthetic_user_58@example.com,0,Salud,75.14,expense,2026-04-27,1061.7,monthly
58,synthetic_user_58@example.com,0,Servicios,44.0,expense,2026-04-10,1061.7,monthly
58,synthetic_user_58@example.com,0,Otro,44.23,expense,2026-04-13,1061.7,monthly
58,synthetic_user_58@example.com,0,Gastos generales,75.04,expense,2026-04-08,1061.7,monthly
58,synthetic_user_58@example.com,0,Otro,20.59,expense,2026-04-02,1061.7,monthly
58,synthetic_user_58@example.com,0,Vivienda,41.22,expense,2026-04-18,1061.7,monthly
58,synthetic_user_58@example.com,0,Ocio,39.11,expense,2026-04-06,1061.7,monthly
58,synthetic_user_58@example.com,0,rappi,62.36,expense,2026-04-24,1061.7,monthly
58,synthetic_user_58@example.com,0,Ingresos,48.33,expense,2026-04-16,1061.7,monthly
58,synthetic_user_58@example.com,0,Suscripciones,71.22,expense,2026-04-13,1061.7,monthly
58,synthetic_user_58@example.com,0,Educacion,57.86,expense,2026-04-20,1061.7,monthly
59,synthetic_user_59@example.com,0,Ingreso Base,573.98,income,2025-11-08,550.0,monthly
59,synthetic_user_59@example.com,0,Inversion,31.37,investment,2025-11-30,550.0,monthly
59,synthetic_user_59@example.com,0,Suscripciones,81.58,expense,2025-11-02,550.0,monthly
59,synthetic_user_59@example.com,0,Suscripciones,54.17,expense,2025-11-05,550.0,monthly
59,synthetic_user_59@example.com,0,Gastos generales,56.81,expense,2025-11-02,550.0,monthly
59,synthetic_user_59@example.com,0,Suscripciones,15.79,expense,2025-11-14,550.0,monthly
59,synthetic_user_59@example.com,0,Alimentacion,27.68,expense,2025-11-05,550.0,monthly
59,synthetic_user_59@example.com,0,Transporte,12.11,expense,2025-11-19,550.0,monthly
59,synthetic_user_59@example.com,0,Servicios,65.56,expense,2025-11-16,550.0,monthly
59,synthetic_user_59@example.com,0,Educacion,44.19,expense,2025-11-22,550.0,monthly
59,synthetic_user_59@example.com,0,Suscripciones,36.62,expense,2025-11-17,550.0,monthly
59,synthetic_user_59@example.com,0,Suscripciones,56.39,expense,2025-11-26,550.0,monthly
59,synthetic_user_59@example.com,0,Ingreso Base,503.11,income,2025-12-08,550.0,monthly
59,synthetic_user_59@example.com,0,Inversion,22.7,investment,2025-12-30,550.0,monthly
59,synthetic_user_59@example.com,0,Alimentacion,24.09,expense,2025-12-18,550.0,monthly
59,synthetic_user_59@example.com,0,Ingresos,12.83,expense,2025-12-10,550.0,monthly
59,synthetic_user_59@example.com,0,Suscripciones,21.21,expense,2025-12-26,550.0,monthly
59,synthetic_user_59@example.com,0,Gastos generales,28.24,expense,2025-12-24,550.0,monthly
59,synthetic_user_59@example.com,0,Servicios,22.16,expense,2025-12-10,550.0,monthly
59,synthetic_user_59@example.com,0,Alimentacion,29.39,expense,2025-12-07,550.0,monthly
59,synthetic_user_59@example.com,0,Gastos generales,26.38,expense,2025-12-20,550.0,monthly
59,synthetic_user_59@example.com,0,Vivienda,23.81,expense,2025-12-06,550.0,monthly
59,synthetic_user_59@example.com,0,Suscripciones,20.68,expense,2025-12-01,550.0,monthly
59,synthetic_user_59@example.com,0,Ingresos,28.17,expense,2025-12-09,550.0,monthly
59,synthetic_user_59@example.com,0,Suscripciones,22.3,expense,2025-12-23,550.0,monthly
59,synthetic_user_59@example.com,0,Ocio,11.22,expense,2025-12-16,550.0,monthly
59,synthetic_user_59@example.com,0,Suscripciones,15.42,expense,2025-12-03,550.0,monthly
59,synthetic_user_59@example.com,0,Ingresos,21.61,expense,2025-12-12,550.0,monthly
59,synthetic_user_59@example.com,0,Servicios,16.31,expense,2025-12-02,550.0,monthly
59,synthetic_user_59@example.com,0,Suscripciones,21.21,expense,2025-12-21,550.0,monthly
59,synthetic_user_59@example.com,0,Ingresos,23.5,expense,2025-12-18,550.0,monthly
59,synthetic_user_59@example.com,0,Servicios,15.37,expense,2025-12-18,550.0,monthly
59,synthetic_user_59@example.com,0,Ingreso Base,598.22,income,2026-01-07,550.0,monthly
59,synthetic_user_59@example.com,0,Inversion,19.38,investment,2026-01-17,550.0,monthly
59,synthetic_user_59@example.com,0,Compras,44.41,expense,2026-01-06,550.0,monthly
59,synthetic_user_59@example.com,0,Educacion,91.13,expense,2026-01-02,550.0,monthly
59,synthetic_user_59@example.com,0,Salud,63.5,expense,2026-01-22,550.0,monthly
59,synthetic_user_59@example.com,0,Gastos generales,46.0,expense,2026-01-16,550.0,monthly
59,synthetic_user_59@example.com,0,Transporte,99.76,expense,2026-01-16,550.0,monthly
59,synthetic_user_59@example.com,0,Gastos generales,31.02,expense,2026-01-01,550.0,monthly
59,synthetic_user_59@example.com,0,Suscripciones,44.12,expense,2026-01-08,550.0,monthly
59,synthetic_user_59@example.com,0,Vivienda,75.52,expense,2026-01-15,550.0,monthly
59,synthetic_user_59@example.com,0,Ingreso Base,503.35,income,2026-02-06,550.0,monthly
59,synthetic_user_59@example.com,0,Inversion,28.14,investment,2026-02-17,550.0,monthly
59,synthetic_user_59@example.com,0,Servicios,24.04,expense,2026-02-22,550.0,monthly
59,synthetic_user_59@example.com,0,Gastos generales,34.19,expense,2026-02-23,550.0,monthly
59,synthetic_user_59@example.com,0,Ingresos,25.45,expense,2026-02-21,550.0,monthly
59,synthetic_user_59@example.com,0,Ingresos,26.95,expense,2026-02-16,550.0,monthly
59,synthetic_user_59@example.com,0,Ingresos,21.37,expense,2026-02-01,550.0,monthly
59,synthetic_user_59@example.com,0,Vivienda,17.86,expense,2026-02-17,550.0,monthly
59,synthetic_user_59@example.com,0,Gastos generales,15.34,expense,2026-02-12,550.0,monthly
59,synthetic_user_59@example.com,0,Vivienda,29.27,expense,2026-02-12,550.0,monthly
59,synthetic_user_59@example.com,0,Gastos generales,18.25,expense,2026-02-21,550.0,monthly
59,synthetic_user_59@example.com,0,Servicios,36.09,expense,2026-02-06,550.0,monthly
59,synthetic_user_59@example.com,0,Alimentacion,5.88,expense,2026-02-03,550.0,monthly
59,synthetic_user_59@example.com,0,Compras,19.19,expense,2026-02-21,550.0,monthly
59,synthetic_user_59@example.com,0,Ingresos,9.96,expense,2026-02-21,550.0,monthly
59,synthetic_user_59@example.com,0,Alimentacion,12.43,expense,2026-02-17,550.0,monthly
59,synthetic_user_59@example.com,0,Servicios,9.4,expense,2026-02-09,550.0,monthly
59,synthetic_user_59@example.com,0,Vivienda,26.41,expense,2026-02-19,550.0,monthly
59,synthetic_user_59@example.com,0,Alimentacion,22.81,expense,2026-02-16,550.0,monthly
59,synthetic_user_59@example.com,0,Gastos generales,16.49,expense,2026-02-12,550.0,monthly
59,synthetic_user_59@example.com,0,Ingreso Base,524.47,income,2026-03-08,550.0,monthly
59,synthetic_user_59@example.com,0,Inversion,25.5,investment,2026-03-23,550.0,monthly
59,synthetic_user_59@example.com,0,Ingresos,28.52,expense,2026-03-06,550.0,monthly
59,synthetic_user_59@example.com,0,Compras,21.11,expense,2026-03-12,550.0,monthly
59,synthetic_user_59@example.com,0,Servicios,14.16,expense,2026-03-19,550.0,monthly
59,synthetic_user_59@example.com,0,Gastos generales,21.5,expense,2026-03-21,550.0,monthly
59,synthetic_user_59@example.com,0,Gastos generales,31.59,expense,2026-03-21,550.0,monthly
59,synthetic_user_59@example.com,0,Compras,27.07,expense,2026-03-22,550.0,monthly
59,synthetic_user_59@example.com,0,Suscripciones,35.02,expense,2026-03-16,550.0,monthly
59,synthetic_user_59@example.com,0,rappi,32.09,expense,2026-03-13,550.0,monthly
59,synthetic_user_59@example.com,0,Alimentacion,29.13,expense,2026-03-25,550.0,monthly
59,synthetic_user_59@example.com,0,Ingresos,18.57,expense,2026-03-12,550.0,monthly
59,synthetic_user_59@example.com,0,Gastos generales,26.82,expense,2026-03-09,550.0,monthly
59,synthetic_user_59@example.com,0,Ingresos,20.65,expense,2026-03-17,550.0,monthly
59,synthetic_user_59@example.com,0,Gastos generales,11.1,expense,2026-03-25,550.0,monthly
59,synthetic_user_59@example.com,0,Ocio,23.58,expense,2026-03-10,550.0,monthly
59,synthetic_user_59@example.com,0,Gastos generales,19.31,expense,2026-03-25,550.0,monthly
59,synthetic_user_59@example.com,0,Alimentacion,23.95,expense,2026-03-18,550.0,monthly
59,synthetic_user_59@example.com,0,Educacion,22.87,expense,2026-03-17,550.0,monthly
59,synthetic_user_59@example.com,0,Alimentacion,19.91,expense,2026-03-01,550.0,monthly
59,synthetic_user_59@example.com,0,Alimentacion,16.45,expense,2026-03-18,550.0,monthly
59,synthetic_user_59@example.com,0,Ingreso Base,470.8,income,2026-04-07,550.0,monthly
59,synthetic_user_59@example.com,0,Inversion,24.18,investment,2026-04-20,550.0,monthly
59,synthetic_user_59@example.com,0,Alimentacion,46.72,expense,2026-04-11,550.0,monthly
59,synthetic_user_59@example.com,0,Compras,25.98,expense,2026-04-21,550.0,monthly
59,synthetic_user_59@example.com,0,Servicios,43.52,expense,2026-04-22,550.0,monthly
59,synthetic_user_59@example.com,0,Vivienda,20.92,expense,2026-04-18,550.0,monthly
59,synthetic_user_59@example.com,0,Gastos generales,42.54,expense,2026-04-23,550.0,monthly
59,synthetic_user_59@example.com,0,Gastos generales,35.94,expense,2026-04-24,550.0,monthly
59,synthetic_user_59@example.com,0,Suscripciones,46.97,expense,2026-04-02,550.0,monthly
59,synthetic_user_59@example.com,0,Salud,51.82,expense,2026-04-03,550.0,monthly
59,synthetic_user_59@example.com,0,Alimentacion,31.32,expense,2026-04-18,550.0,monthly
59,synthetic_user_59@example.com,0,Servicios,35.6,expense,2026-04-13,550.0,monthly
60,synthetic_user_60@example.com,0,Ingreso Base,2611.49,income,2025-11-08,2675.19,monthly
60,synthetic_user_60@example.com,0,Inversion,243.89,investment,2025-11-21,2675.19,monthly
60,synthetic_user_60@example.com,0,Suscripciones,244.01,expense,2025-11-26,2675.19,monthly
60,synthetic_user_60@example.com,0,Otro,318.13,expense,2025-11-03,2675.19,monthly
60,synthetic_user_60@example.com,0,Ocio,293.63,expense,2025-11-10,2675.19,monthly
60,synthetic_user_60@example.com,0,Otro,202.59,expense,2025-11-14,2675.19,monthly
60,synthetic_user_60@example.com,0,Ocio,199.9,expense,2025-11-05,2675.19,monthly
60,synthetic_user_60@example.com,0,Otro,219.34,expense,2025-11-27,2675.19,monthly
60,synthetic_user_60@example.com,0,Educacion,223.18,expense,2025-11-04,2675.19,monthly
60,synthetic_user_60@example.com,0,Ocio,294.35,expense,2025-11-03,2675.19,monthly
60,synthetic_user_60@example.com,0,Otro,294.88,expense,2025-11-09,2675.19,monthly
60,synthetic_user_60@example.com,0,Servicios,202.37,expense,2025-11-08,2675.19,monthly
60,synthetic_user_60@example.com,0,Ocio,229.86,expense,2025-11-26,2675.19,monthly
60,synthetic_user_60@example.com,0,Ingreso Base,2727.51,income,2025-12-08,2675.19,monthly
60,synthetic_user_60@example.com,0,Inversion,341.24,investment,2025-12-21,2675.19,monthly
60,synthetic_user_60@example.com,0,Otro,88.49,expense,2025-12-26,2675.19,monthly
60,synthetic_user_60@example.com,0,Ocio,202.41,expense,2025-12-25,2675.19,monthly
60,synthetic_user_60@example.com,0,Alimentacion,29.39,expense,2025-12-26,2675.19,monthly
60,synthetic_user_60@example.com,0,Otro,116.32,expense,2025-12-24,2675.19,monthly
60,synthetic_user_60@example.com,0,Suscripciones,80.76,expense,2025-12-12,2675.19,monthly
60,synthetic_user_60@example.com,0,Salud,46.3,expense,2025-12-20,2675.19,monthly
60,synthetic_user_60@example.com,0,Suscripciones,174.6,expense,2025-12-10,2675.19,monthly
60,synthetic_user_60@example.com,0,Ocio,78.84,expense,2025-12-24,2675.19,monthly
60,synthetic_user_60@example.com,0,Servicios,188.35,expense,2025-12-05,2675.19,monthly
60,synthetic_user_60@example.com,0,Otro,138.77,expense,2025-12-01,2675.19,monthly
60,synthetic_user_60@example.com,0,Ocio,102.47,expense,2025-12-22,2675.19,monthly
60,synthetic_user_60@example.com,0,Otro,169.39,expense,2025-12-12,2675.19,monthly
60,synthetic_user_60@example.com,0,Compras,142.89,expense,2025-12-05,2675.19,monthly
60,synthetic_user_60@example.com,0,Vivienda,101.62,expense,2025-12-25,2675.19,monthly
60,synthetic_user_60@example.com,0,Suscripciones,172.8,expense,2025-12-12,2675.19,monthly
60,synthetic_user_60@example.com,0,Otro,112.96,expense,2025-12-23,2675.19,monthly
60,synthetic_user_60@example.com,0,Suscripciones,204.06,expense,2025-12-20,2675.19,monthly
60,synthetic_user_60@example.com,0,Ingreso Base,2504.89,income,2026-01-07,2675.19,monthly
60,synthetic_user_60@example.com,0,Inversion,356.69,investment,2026-01-29,2675.19,monthly
60,synthetic_user_60@example.com,0,Servicios,128.5,expense,2026-01-24,2675.19,monthly
60,synthetic_user_60@example.com,0,rappi,119.97,expense,2026-01-22,2675.19,monthly
60,synthetic_user_60@example.com,0,Compras,91.45,expense,2026-01-05,2675.19,monthly
60,synthetic_user_60@example.com,0,Otro,124.76,expense,2026-01-13,2675.19,monthly
60,synthetic_user_60@example.com,0,Ocio,88.61,expense,2026-01-02,2675.19,monthly
60,synthetic_user_60@example.com,0,Otro,80.27,expense,2026-01-23,2675.19,monthly
60,synthetic_user_60@example.com,0,Suscripciones,100.37,expense,2026-01-17,2675.19,monthly
60,synthetic_user_60@example.com,0,Suscripciones,148.6,expense,2026-01-21,2675.19,monthly
60,synthetic_user_60@example.com,0,Vivienda,12.19,expense,2026-01-17,2675.19,monthly
60,synthetic_user_60@example.com,0,Suscripciones,120.26,expense,2026-01-11,2675.19,monthly
60,synthetic_user_60@example.com,0,Educacion,131.11,expense,2026-01-21,2675.19,monthly
60,synthetic_user_60@example.com,0,Servicios,91.17,expense,2026-01-04,2675.19,monthly
60,synthetic_user_60@example.com,0,Suscripciones,150.31,expense,2026-01-05,2675.19,monthly
60,synthetic_user_60@example.com,0,Suscripciones,153.15,expense,2026-01-18,2675.19,monthly
60,synthetic_user_60@example.com,0,Suscripciones,186.41,expense,2026-01-22,2675.19,monthly
60,synthetic_user_60@example.com,0,Ingreso adicional,160.39,expense,2026-01-18,2675.19,monthly
60,synthetic_user_60@example.com,0,Salud,97.33,expense,2026-01-23,2675.19,monthly
60,synthetic_user_60@example.com,0,Ocio,22.95,expense,2026-01-14,2675.19,monthly
60,synthetic_user_60@example.com,0,Ocio,114.89,expense,2026-01-01,2675.19,monthly
60,synthetic_user_60@example.com,0,Ingreso Base,2426.6,income,2026-02-06,2675.19,monthly
60,synthetic_user_60@example.com,0,Inversion,374.32,investment,2026-02-28,2675.19,monthly
60,synthetic_user_60@example.com,0,Otro,90.1,expense,2026-02-22,2675.19,monthly
60,synthetic_user_60@example.com,0,rappi,152.52,expense,2026-02-10,2675.19,monthly
60,synthetic_user_60@example.com,0,Alimentacion,119.26,expense,2026-02-02,2675.19,monthly
60,synthetic_user_60@example.com,0,Otro,78.1,expense,2026-02-02,2675.19,monthly
60,synthetic_user_60@example.com,0,Ocio,147.86,expense,2026-02-04,2675.19,monthly
60,synthetic_user_60@example.com,0,Servicios,201.12,expense,2026-02-16,2675.19,monthly
60,synthetic_user_60@example.com,0,Compras,120.02,expense,2026-02-14,2675.19,monthly
60,synthetic_user_60@example.com,0,Servicios,98.31,expense,2026-02-23,2675.19,monthly
60,synthetic_user_60@example.com,0,Ocio,115.04,expense,2026-02-19,2675.19,monthly
60,synthetic_user_60@example.com,0,Otro,142.29,expense,2026-02-02,2675.19,monthly
60,synthetic_user_60@example.com,0,Suscripciones,113.74,expense,2026-02-19,2675.19,monthly
60,synthetic_user_60@example.com,0,Salud,144.86,expense,2026-02-02,2675.19,monthly
60,synthetic_user_60@example.com,0,Ocio,197.75,expense,2026-02-17,2675.19,monthly
60,synthetic_user_60@example.com,0,Ingreso Base,2880.35,income,2026-03-08,2675.19,monthly
60,synthetic_user_60@example.com,0,Inversion,360.55,investment,2026-03-31,2675.19,monthly
60,synthetic_user_60@example.com,0,Servicios,112.74,expense,2026-03-10,2675.19,monthly
60,synthetic_user_60@example.com,0,rappi,123.47,expense,2026-03-14,2675.19,monthly
60,synthetic_user_60@example.com,0,Alimentacion,301.65,expense,2026-03-26,2675.19,monthly
60,synthetic_user_60@example.com,0,Otro,264.67,expense,2026-03-16,2675.19,monthly
60,synthetic_user_60@example.com,0,Otro,197.02,expense,2026-03-17,2675.19,monthly
60,synthetic_user_60@example.com,0,Ocio,164.98,expense,2026-03-06,2675.19,monthly
60,synthetic_user_60@example.com,0,Servicios,26.48,expense,2026-03-04,2675.19,monthly
60,synthetic_user_60@example.com,0,Compras,125.8,expense,2026-03-07,2675.19,monthly
60,synthetic_user_60@example.com,0,Suscripciones,81.17,expense,2026-03-06,2675.19,monthly
60,synthetic_user_60@example.com,0,Suscripciones,197.63,expense,2026-03-21,2675.19,monthly
60,synthetic_user_60@example.com,0,Ocio,96.89,expense,2026-03-19,2675.19,monthly
60,synthetic_user_60@example.com,0,Transporte,179.8,expense,2026-03-26,2675.19,monthly
60,synthetic_user_60@example.com,0,Alimentacion,129.86,expense,2026-03-08,2675.19,monthly
60,synthetic_user_60@example.com,0,Ingreso Base,2350.09,income,2026-04-07,2675.19,monthly
60,synthetic_user_60@example.com,0,Inversion,317.7,investment,2026-04-13,2675.19,monthly
60,synthetic_user_60@example.com,0,Otro,120.51,expense,2026-04-10,2675.19,monthly
60,synthetic_user_60@example.com,0,Ocio,83.95,expense,2026-04-27,2675.19,monthly
60,synthetic_user_60@example.com,0,Otro,55.68,expense,2026-04-26,2675.19,monthly
60,synthetic_user_60@example.com,0,Vivienda,77.79,expense,2026-04-05,2675.19,monthly
60,synthetic_user_60@example.com,0,Ocio,81.98,expense,2026-04-15,2675.19,monthly
60,synthetic_user_60@example.com,0,Ingreso adicional,57.08,expense,2026-04-17,2675.19,monthly
60,synthetic_user_60@example.com,0,Vivienda,99.71,expense,2026-04-14,2675.19,monthly
60,synthetic_user_60@example.com,0,Servicios,164.85,expense,2026-04-16,2675.19,monthly
60,synthetic_user_60@example.com,0,Suscripciones,83.02,expense,2026-04-08,2675.19,monthly
60,synthetic_user_60@example.com,0,Suscripciones,90.31,expense,2026-04-06,2675.19,monthly
60,synthetic_user_60@example.com,0,Otro,70.98,expense,2026-04-19,2675.19,monthly
60,synthetic_user_60@example.com,0,Otro,44.97,expense,2026-04-21,2675.19,monthly
60,synthetic_user_60@example.com,0,Suscripciones,95.4,expense,2026-04-09,2675.19,monthly
60,synthetic_user_60@example.com,0,Ocio,95.12,expense,2026-04-08,2675.19,monthly
60,synthetic_user_60@example.com,0,Otro,105.04,expense,2026-04-18,2675.19,monthly
60,synthetic_user_60@example.com,0,Servicios,113.68,expense,2026-04-14,2675.19,monthly
60,synthetic_user_60@example.com,0,Ingresos,104.78,expense,2026-04-12,2675.19,monthly
61,synthetic_user_61@example.com,0,Ingreso Base,1589.96,income,2025-11-08,1467.28,monthly
61,synthetic_user_61@example.com,0,Inversion,167.66,investment,2025-11-22,1467.28,monthly
61,synthetic_user_61@example.com,0,Servicios,78.78,expense,2025-11-05,1467.28,monthly
61,synthetic_user_61@example.com,0,Educacion,72.72,expense,2025-11-13,1467.28,monthly
61,synthetic_user_61@example.com,0,Gastos generales,33.07,expense,2025-11-05,1467.28,monthly
61,synthetic_user_61@example.com,0,Transporte,77.33,expense,2025-11-04,1467.28,monthly
61,synthetic_user_61@example.com,0,Servicios,69.94,expense,2025-11-03,1467.28,monthly
61,synthetic_user_61@example.com,0,Alimentacion,40.97,expense,2025-11-27,1467.28,monthly
61,synthetic_user_61@example.com,0,Otro,46.45,expense,2025-11-17,1467.28,monthly
61,synthetic_user_61@example.com,0,Otro,113.0,expense,2025-11-14,1467.28,monthly
61,synthetic_user_61@example.com,0,Otro,93.23,expense,2025-11-27,1467.28,monthly
61,synthetic_user_61@example.com,0,rappi,49.9,expense,2025-11-10,1467.28,monthly
61,synthetic_user_61@example.com,0,Vivienda,77.79,expense,2025-11-06,1467.28,monthly
61,synthetic_user_61@example.com,0,Vivienda,58.17,expense,2025-11-13,1467.28,monthly
61,synthetic_user_61@example.com,0,Otro,102.55,expense,2025-11-11,1467.28,monthly
61,synthetic_user_61@example.com,0,Otro,63.7,expense,2025-11-02,1467.28,monthly
61,synthetic_user_61@example.com,0,Vivienda,118.14,expense,2025-11-25,1467.28,monthly
61,synthetic_user_61@example.com,0,Vivienda,26.44,expense,2025-11-05,1467.28,monthly
61,synthetic_user_61@example.com,0,Transporte,85.86,expense,2025-11-27,1467.28,monthly
61,synthetic_user_61@example.com,0,Ingreso Base,1409.27,income,2025-12-08,1467.28,monthly
61,synthetic_user_61@example.com,0,Inversion,229.65,investment,2025-12-16,1467.28,monthly
61,synthetic_user_61@example.com,0,Ingreso adicional,98.73,expense,2025-12-02,1467.28,monthly
61,synthetic_user_61@example.com,0,Suscripciones,96.37,expense,2025-12-23,1467.28,monthly
61,synthetic_user_61@example.com,0,Compras,71.56,expense,2025-12-15,1467.28,monthly
61,synthetic_user_61@example.com,0,Otro,66.32,expense,2025-12-10,1467.28,monthly
61,synthetic_user_61@example.com,0,Educacion,111.82,expense,2025-12-22,1467.28,monthly
61,synthetic_user_61@example.com,0,Transporte,70.02,expense,2025-12-13,1467.28,monthly
61,synthetic_user_61@example.com,0,Compras,84.06,expense,2025-12-09,1467.28,monthly
61,synthetic_user_61@example.com,0,rappi,67.77,expense,2025-12-03,1467.28,monthly
61,synthetic_user_61@example.com,0,Servicios,84.41,expense,2025-12-09,1467.28,monthly
61,synthetic_user_61@example.com,0,Servicios,144.14,expense,2025-12-16,1467.28,monthly
61,synthetic_user_61@example.com,0,Ingreso Base,1332.01,income,2026-01-07,1467.28,monthly
61,synthetic_user_61@example.com,0,Inversion,158.43,investment,2026-01-16,1467.28,monthly
61,synthetic_user_61@example.com,0,Servicios,69.06,expense,2026-01-07,1467.28,monthly
61,synthetic_user_61@example.com,0,Vivienda,67.54,expense,2026-01-17,1467.28,monthly
61,synthetic_user_61@example.com,0,Ocio,33.88,expense,2026-01-02,1467.28,monthly
61,synthetic_user_61@example.com,0,Educacion,60.51,expense,2026-01-27,1467.28,monthly
61,synthetic_user_61@example.com,0,Educacion,29.11,expense,2026-01-03,1467.28,monthly
61,synthetic_user_61@example.com,0,Salud,36.44,expense,2026-01-12,1467.28,monthly
61,synthetic_user_61@example.com,0,Servicios,78.16,expense,2026-01-20,1467.28,monthly
61,synthetic_user_61@example.com,0,Otro,32.32,expense,2026-01-16,1467.28,monthly
61,synthetic_user_61@example.com,0,Transporte,80.01,expense,2026-01-27,1467.28,monthly
61,synthetic_user_61@example.com,0,Servicios,62.44,expense,2026-01-01,1467.28,monthly
61,synthetic_user_61@example.com,0,Servicios,105.45,expense,2026-01-22,1467.28,monthly
61,synthetic_user_61@example.com,0,Ingresos,67.89,expense,2026-01-13,1467.28,monthly
61,synthetic_user_61@example.com,0,Ingreso adicional,68.79,expense,2026-01-20,1467.28,monthly
61,synthetic_user_61@example.com,0,Educacion,56.55,expense,2026-01-22,1467.28,monthly
61,synthetic_user_61@example.com,0,Ingreso Base,1516.5,income,2026-02-06,1467.28,monthly
61,synthetic_user_61@example.com,0,Inversion,181.94,investment,2026-02-19,1467.28,monthly
61,synthetic_user_61@example.com,0,rappi,108.14,expense,2026-02-24,1467.28,monthly
61,synthetic_user_61@example.com,0,Servicios,178.75,expense,2026-02-20,1467.28,monthly
61,synthetic_user_61@example.com,0,Gastos generales,161.77,expense,2026-02-03,1467.28,monthly
61,synthetic_user_61@example.com,0,Otro,164.92,expense,2026-02-08,1467.28,monthly
61,synthetic_user_61@example.com,0,Transporte,101.2,expense,2026-02-01,1467.28,monthly
61,synthetic_user_61@example.com,0,Vivienda,224.27,expense,2026-02-07,1467.28,monthly
61,synthetic_user_61@example.com,0,Transporte,219.78,expense,2026-02-08,1467.28,monthly
61,synthetic_user_61@example.com,0,Otro,166.49,expense,2026-02-07,1467.28,monthly
61,synthetic_user_61@example.com,0,Ingreso Base,1636.36,income,2026-03-08,1467.28,monthly
61,synthetic_user_61@example.com,0,Inversion,204.81,investment,2026-03-12,1467.28,monthly
61,synthetic_user_61@example.com,0,Servicios,84.77,expense,2026-03-27,1467.28,monthly
61,synthetic_user_61@example.com,0,Servicios,69.91,expense,2026-03-08,1467.28,monthly
61,synthetic_user_61@example.com,0,Vivienda,43.82,expense,2026-03-08,1467.28,monthly
61,synthetic_user_61@example.com,0,Otro,21.49,expense,2026-03-16,1467.28,monthly
61,synthetic_user_61@example.com,0,Vivienda,20.54,expense,2026-03-09,1467.28,monthly
61,synthetic_user_61@example.com,0,rappi,41.26,expense,2026-03-04,1467.28,monthly
61,synthetic_user_61@example.com,0,Otro,144.43,expense,2026-03-14,1467.28,monthly
61,synthetic_user_61@example.com,0,Vivienda,93.54,expense,2026-03-07,1467.28,monthly
61,synthetic_user_61@example.com,0,Otro,31.36,expense,2026-03-04,1467.28,monthly
61,synthetic_user_61@example.com,0,Ingresos,99.57,expense,2026-03-01,1467.28,monthly
61,synthetic_user_61@example.com,0,Educacion,76.53,expense,2026-03-13,1467.28,monthly
61,synthetic_user_61@example.com,0,Salud,69.74,expense,2026-03-14,1467.28,monthly
61,synthetic_user_61@example.com,0,Otro,78.74,expense,2026-03-01,1467.28,monthly
61,synthetic_user_61@example.com,0,Otro,88.61,expense,2026-03-22,1467.28,monthly
61,synthetic_user_61@example.com,0,rappi,88.91,expense,2026-03-17,1467.28,monthly
61,synthetic_user_61@example.com,0,Servicios,48.29,expense,2026-03-06,1467.28,monthly
61,synthetic_user_61@example.com,0,Educacion,48.39,expense,2026-03-26,1467.28,monthly
61,synthetic_user_61@example.com,0,Ingreso Base,1559.23,income,2026-04-07,1467.28,monthly
61,synthetic_user_61@example.com,0,Inversion,230.49,investment,2026-04-23,1467.28,monthly
61,synthetic_user_61@example.com,0,Servicios,109.27,expense,2026-04-19,1467.28,monthly
61,synthetic_user_61@example.com,0,Servicios,121.25,expense,2026-04-20,1467.28,monthly
61,synthetic_user_61@example.com,0,rappi,135.47,expense,2026-04-13,1467.28,monthly
61,synthetic_user_61@example.com,0,Servicios,140.03,expense,2026-04-04,1467.28,monthly
61,synthetic_user_61@example.com,0,Transporte,199.08,expense,2026-04-24,1467.28,monthly
61,synthetic_user_61@example.com,0,rappi,101.91,expense,2026-04-14,1467.28,monthly
61,synthetic_user_61@example.com,0,Servicios,169.03,expense,2026-04-10,1467.28,monthly
61,synthetic_user_61@example.com,0,Ingreso adicional,170.52,expense,2026-04-21,1467.28,monthly
61,synthetic_user_61@example.com,0,Alimentacion,107.9,expense,2026-04-21,1467.28,monthly
62,synthetic_user_62@example.com,0,Ingreso Base,1040.67,income,2025-11-08,1179.66,monthly
62,synthetic_user_62@example.com,0,Inversion,84.5,investment,2025-11-21,1179.66,monthly
62,synthetic_user_62@example.com,0,Servicios,97.57,expense,2025-11-09,1179.66,monthly
62,synthetic_user_62@example.com,0,Educacion,44.57,expense,2025-11-26,1179.66,monthly
62,synthetic_user_62@example.com,0,Servicios,74.67,expense,2025-11-12,1179.66,monthly
62,synthetic_user_62@example.com,0,Suscripciones,89.84,expense,2025-11-26,1179.66,monthly
62,synthetic_user_62@example.com,0,Salud,39.09,expense,2025-11-21,1179.66,monthly
62,synthetic_user_62@example.com,0,rappi,101.17,expense,2025-11-17,1179.66,monthly
62,synthetic_user_62@example.com,0,Salud,47.61,expense,2025-11-04,1179.66,monthly
62,synthetic_user_62@example.com,0,Salud,65.35,expense,2025-11-16,1179.66,monthly
62,synthetic_user_62@example.com,0,Transporte,95.45,expense,2025-11-19,1179.66,monthly
62,synthetic_user_62@example.com,0,Vivienda,62.66,expense,2025-11-12,1179.66,monthly
62,synthetic_user_62@example.com,0,Suscripciones,82.18,expense,2025-11-02,1179.66,monthly
62,synthetic_user_62@example.com,0,Ocio,73.41,expense,2025-11-22,1179.66,monthly
62,synthetic_user_62@example.com,0,Ingreso Base,1237.75,income,2025-12-08,1179.66,monthly
62,synthetic_user_62@example.com,0,Inversion,115.99,investment,2025-12-13,1179.66,monthly
62,synthetic_user_62@example.com,0,rappi,112.62,expense,2025-12-14,1179.66,monthly
62,synthetic_user_62@example.com,0,Compras,115.91,expense,2025-12-03,1179.66,monthly
62,synthetic_user_62@example.com,0,Compras,64.65,expense,2025-12-16,1179.66,monthly
62,synthetic_user_62@example.com,0,Ocio,84.55,expense,2025-12-10,1179.66,monthly
62,synthetic_user_62@example.com,0,Compras,66.3,expense,2025-12-21,1179.66,monthly
62,synthetic_user_62@example.com,0,Compras,176.22,expense,2025-12-06,1179.66,monthly
62,synthetic_user_62@example.com,0,Ingresos,68.18,expense,2025-12-22,1179.66,monthly
62,synthetic_user_62@example.com,0,Educacion,133.96,expense,2025-12-19,1179.66,monthly
62,synthetic_user_62@example.com,0,Suscripciones,81.81,expense,2025-12-12,1179.66,monthly
62,synthetic_user_62@example.com,0,Ingreso Base,954.86,income,2026-01-07,1179.66,monthly
62,synthetic_user_62@example.com,0,Inversion,61.56,investment,2026-01-22,1179.66,monthly
62,synthetic_user_62@example.com,0,rappi,107.64,expense,2026-01-02,1179.66,monthly
62,synthetic_user_62@example.com,0,rappi,13.92,expense,2026-01-12,1179.66,monthly
62,synthetic_user_62@example.com,0,Compras,113.19,expense,2026-01-25,1179.66,monthly
62,synthetic_user_62@example.com,0,Ingresos,65.61,expense,2026-01-20,1179.66,monthly
62,synthetic_user_62@example.com,0,Gastos generales,72.04,expense,2026-01-10,1179.66,monthly
62,synthetic_user_62@example.com,0,rappi,77.49,expense,2026-01-18,1179.66,monthly
62,synthetic_user_62@example.com,0,Ocio,81.89,expense,2026-01-21,1179.66,monthly
62,synthetic_user_62@example.com,0,rappi,53.12,expense,2026-01-02,1179.66,monthly
62,synthetic_user_62@example.com,0,Educacion,29.66,expense,2026-01-16,1179.66,monthly
62,synthetic_user_62@example.com,0,Salud,22.76,expense,2026-01-05,1179.66,monthly
62,synthetic_user_62@example.com,0,Ingreso Base,1271.38,income,2026-02-06,1179.66,monthly
62,synthetic_user_62@example.com,0,Inversion,106.28,investment,2026-02-11,1179.66,monthly
62,synthetic_user_62@example.com,0,Salud,69.78,expense,2026-02-03,1179.66,monthly
62,synthetic_user_62@example.com,0,Ingresos,52.96,expense,2026-02-18,1179.66,monthly
62,synthetic_user_62@example.com,0,Compras,127.41,expense,2026-02-01,1179.66,monthly
62,synthetic_user_62@example.com,0,Suscripciones,59.05,expense,2026-02-22,1179.66,monthly
62,synthetic_user_62@example.com,0,Salud,28.26,expense,2026-02-01,1179.66,monthly
62,synthetic_user_62@example.com,0,Suscripciones,62.33,expense,2026-02-17,1179.66,monthly
62,synthetic_user_62@example.com,0,Suscripciones,75.87,expense,2026-02-06,1179.66,monthly
62,synthetic_user_62@example.com,0,Compras,74.47,expense,2026-02-26,1179.66,monthly
62,synthetic_user_62@example.com,0,Compras,32.77,expense,2026-02-07,1179.66,monthly
62,synthetic_user_62@example.com,0,Compras,61.2,expense,2026-02-18,1179.66,monthly
62,synthetic_user_62@example.com,0,Ocio,75.76,expense,2026-02-11,1179.66,monthly
62,synthetic_user_62@example.com,0,Suscripciones,68.06,expense,2026-02-23,1179.66,monthly
62,synthetic_user_62@example.com,0,Salud,98.89,expense,2026-02-26,1179.66,monthly
62,synthetic_user_62@example.com,0,Salud,62.15,expense,2026-02-06,1179.66,monthly
62,synthetic_user_62@example.com,0,Ingreso Base,1159.74,income,2026-03-08,1179.66,monthly
62,synthetic_user_62@example.com,0,Inversion,57.09,investment,2026-03-19,1179.66,monthly
62,synthetic_user_62@example.com,0,Compras,119.84,expense,2026-03-02,1179.66,monthly
62,synthetic_user_62@example.com,0,Suscripciones,63.61,expense,2026-03-14,1179.66,monthly
62,synthetic_user_62@example.com,0,Suscripciones,86.12,expense,2026-03-09,1179.66,monthly
62,synthetic_user_62@example.com,0,Servicios,82.37,expense,2026-03-20,1179.66,monthly
62,synthetic_user_62@example.com,0,rappi,100.05,expense,2026-03-21,1179.66,monthly
62,synthetic_user_62@example.com,0,Salud,57.75,expense,2026-03-04,1179.66,monthly
62,synthetic_user_62@example.com,0,Gastos generales,63.14,expense,2026-03-11,1179.66,monthly
62,synthetic_user_62@example.com,0,Salud,79.81,expense,2026-03-13,1179.66,monthly
62,synthetic_user_62@example.com,0,Servicios,78.87,expense,2026-03-23,1179.66,monthly
62,synthetic_user_62@example.com,0,Ingresos,119.0,expense,2026-03-16,1179.66,monthly
62,synthetic_user_62@example.com,0,Suscripciones,76.57,expense,2026-03-05,1179.66,monthly
62,synthetic_user_62@example.com,0,Ingreso Base,1357.42,income,2026-04-07,1179.66,monthly
62,synthetic_user_62@example.com,0,Inversion,87.12,investment,2026-04-30,1179.66,monthly
62,synthetic_user_62@example.com,0,Suscripciones,19.76,expense,2026-04-06,1179.66,monthly
62,synthetic_user_62@example.com,0,Suscripciones,115.18,expense,2026-04-22,1179.66,monthly
62,synthetic_user_62@example.com,0,rappi,100.47,expense,2026-04-10,1179.66,monthly
62,synthetic_user_62@example.com,0,Suscripciones,105.02,expense,2026-04-25,1179.66,monthly
62,synthetic_user_62@example.com,0,Ingresos,181.49,expense,2026-04-16,1179.66,monthly
62,synthetic_user_62@example.com,0,Salud,182.22,expense,2026-04-27,1179.66,monthly
62,synthetic_user_62@example.com,0,Ingresos,109.68,expense,2026-04-24,1179.66,monthly
62,synthetic_user_62@example.com,0,Compras,103.5,expense,2026-04-18,1179.66,monthly
63,synthetic_user_63@example.com,0,Ingreso Base,2051.35,income,2025-11-08,1878.26,monthly
63,synthetic_user_63@example.com,0,Inversion,103.05,investment,2025-11-23,1878.26,monthly
63,synthetic_user_63@example.com,0,Gastos generales,228.7,expense,2025-11-01,1878.26,monthly
63,synthetic_user_63@example.com,0,Educacion,80.28,expense,2025-11-12,1878.26,monthly
63,synthetic_user_63@example.com,0,Ocio,114.19,expense,2025-11-05,1878.26,monthly
63,synthetic_user_63@example.com,0,Ingreso adicional,20.04,expense,2025-11-03,1878.26,monthly
63,synthetic_user_63@example.com,0,Compras,304.63,expense,2025-11-12,1878.26,monthly
63,synthetic_user_63@example.com,0,Ingreso adicional,160.62,expense,2025-11-01,1878.26,monthly
63,synthetic_user_63@example.com,0,rappi,208.33,expense,2025-11-21,1878.26,monthly
63,synthetic_user_63@example.com,0,Compras,93.97,expense,2025-11-09,1878.26,monthly
63,synthetic_user_63@example.com,0,rappi,187.81,expense,2025-11-07,1878.26,monthly
63,synthetic_user_63@example.com,0,Transporte,127.71,expense,2025-11-15,1878.26,monthly
63,synthetic_user_63@example.com,0,Ingreso adicional,114.36,expense,2025-11-21,1878.26,monthly
63,synthetic_user_63@example.com,0,Ingreso Base,1795.23,income,2025-12-08,1878.26,monthly
63,synthetic_user_63@example.com,0,Inversion,42.78,investment,2025-12-18,1878.26,monthly
63,synthetic_user_63@example.com,0,Educacion,174.29,expense,2025-12-14,1878.26,monthly
63,synthetic_user_63@example.com,0,Suscripciones,271.57,expense,2025-12-16,1878.26,monthly
63,synthetic_user_63@example.com,0,Transporte,145.86,expense,2025-12-03,1878.26,monthly
63,synthetic_user_63@example.com,0,Compras,164.79,expense,2025-12-10,1878.26,monthly
63,synthetic_user_63@example.com,0,Alimentacion,247.65,expense,2025-12-10,1878.26,monthly
63,synthetic_user_63@example.com,0,Educacion,201.89,expense,2025-12-18,1878.26,monthly
63,synthetic_user_63@example.com,0,Servicios,159.28,expense,2025-12-13,1878.26,monthly
63,synthetic_user_63@example.com,0,Alimentacion,231.86,expense,2025-12-22,1878.26,monthly
63,synthetic_user_63@example.com,0,Ingreso Base,1780.13,income,2026-01-07,1878.26,monthly
63,synthetic_user_63@example.com,0,Inversion,89.04,investment,2026-01-15,1878.26,monthly
63,synthetic_user_63@example.com,0,Educacion,105.46,expense,2026-01-11,1878.26,monthly
63,synthetic_user_63@example.com,0,Servicios,99.25,expense,2026-01-14,1878.26,monthly
63,synthetic_user_63@example.com,0,Educacion,120.54,expense,2026-01-24,1878.26,monthly
63,synthetic_user_63@example.com,0,rappi,101.61,expense,2026-01-25,1878.26,monthly
63,synthetic_user_63@example.com,0,Transporte,138.17,expense,2026-01-19,1878.26,monthly
63,synthetic_user_63@example.com,0,Ingreso adicional,124.13,expense,2026-01-07,1878.26,monthly
63,synthetic_user_63@example.com,0,Ocio,95.68,expense,2026-01-27,1878.26,monthly
63,synthetic_user_63@example.com,0,Alimentacion,87.98,expense,2026-01-01,1878.26,monthly
63,synthetic_user_63@example.com,0,Vivienda,64.18,expense,2026-01-14,1878.26,monthly
63,synthetic_user_63@example.com,0,Alimentacion,49.86,expense,2026-01-20,1878.26,monthly
63,synthetic_user_63@example.com,0,Suscripciones,60.2,expense,2026-01-13,1878.26,monthly
63,synthetic_user_63@example.com,0,Otro,75.95,expense,2026-01-04,1878.26,monthly
63,synthetic_user_63@example.com,0,Educacion,130.24,expense,2026-01-06,1878.26,monthly
63,synthetic_user_63@example.com,0,Alimentacion,65.44,expense,2026-01-03,1878.26,monthly
63,synthetic_user_63@example.com,0,Otro,154.22,expense,2026-01-01,1878.26,monthly
63,synthetic_user_63@example.com,0,Ingreso Base,1717.28,income,2026-02-06,1878.26,monthly
63,synthetic_user_63@example.com,0,Inversion,66.75,investment,2026-02-20,1878.26,monthly
63,synthetic_user_63@example.com,0,Suscripciones,49.79,expense,2026-02-19,1878.26,monthly
63,synthetic_user_63@example.com,0,Alimentacion,61.23,expense,2026-02-23,1878.26,monthly
63,synthetic_user_63@example.com,0,Vivienda,83.89,expense,2026-02-02,1878.26,monthly
63,synthetic_user_63@example.com,0,Salud,118.43,expense,2026-02-17,1878.26,monthly
63,synthetic_user_63@example.com,0,Transporte,86.68,expense,2026-02-12,1878.26,monthly
63,synthetic_user_63@example.com,0,Educacion,68.95,expense,2026-02-13,1878.26,monthly
63,synthetic_user_63@example.com,0,Suscripciones,72.38,expense,2026-02-15,1878.26,monthly
63,synthetic_user_63@example.com,0,Educacion,100.88,expense,2026-02-09,1878.26,monthly
63,synthetic_user_63@example.com,0,Educacion,49.22,expense,2026-02-14,1878.26,monthly
63,synthetic_user_63@example.com,0,Otro,35.01,expense,2026-02-12,1878.26,monthly
63,synthetic_user_63@example.com,0,Transporte,46.63,expense,2026-02-02,1878.26,monthly
63,synthetic_user_63@example.com,0,rappi,41.7,expense,2026-02-10,1878.26,monthly
63,synthetic_user_63@example.com,0,Alimentacion,123.63,expense,2026-02-06,1878.26,monthly
63,synthetic_user_63@example.com,0,Otro,112.71,expense,2026-02-04,1878.26,monthly
63,synthetic_user_63@example.com,0,Compras,88.87,expense,2026-02-21,1878.26,monthly
63,synthetic_user_63@example.com,0,Educacion,39.66,expense,2026-02-17,1878.26,monthly
63,synthetic_user_63@example.com,0,rappi,116.59,expense,2026-02-19,1878.26,monthly
63,synthetic_user_63@example.com,0,Vivienda,23.99,expense,2026-02-09,1878.26,monthly
63,synthetic_user_63@example.com,0,rappi,58.43,expense,2026-02-26,1878.26,monthly
63,synthetic_user_63@example.com,0,Ingreso Base,1690.37,income,2026-03-08,1878.26,monthly
63,synthetic_user_63@example.com,0,Inversion,66.71,investment,2026-03-16,1878.26,monthly
63,synthetic_user_63@example.com,0,Otro,103.71,expense,2026-03-27,1878.26,monthly
63,synthetic_user_63@example.com,0,Transporte,39.89,expense,2026-03-11,1878.26,monthly
63,synthetic_user_63@example.com,0,Educacion,98.77,expense,2026-03-27,1878.26,monthly
63,synthetic_user_63@example.com,0,Educacion,63.03,expense,2026-03-25,1878.26,monthly
63,synthetic_user_63@example.com,0,Transporte,163.45,expense,2026-03-18,1878.26,monthly
63,synthetic_user_63@example.com,0,Alimentacion,90.18,expense,2026-03-03,1878.26,monthly
63,synthetic_user_63@example.com,0,Vivienda,27.23,expense,2026-03-25,1878.26,monthly
63,synthetic_user_63@example.com,0,Transporte,77.48,expense,2026-03-24,1878.26,monthly
63,synthetic_user_63@example.com,0,Compras,107.19,expense,2026-03-27,1878.26,monthly
63,synthetic_user_63@example.com,0,rappi,86.41,expense,2026-03-26,1878.26,monthly
63,synthetic_user_63@example.com,0,Alimentacion,109.27,expense,2026-03-22,1878.26,monthly
63,synthetic_user_63@example.com,0,Servicios,120.02,expense,2026-03-15,1878.26,monthly
63,synthetic_user_63@example.com,0,Compras,110.88,expense,2026-03-19,1878.26,monthly
63,synthetic_user_63@example.com,0,Transporte,126.12,expense,2026-03-24,1878.26,monthly
63,synthetic_user_63@example.com,0,Salud,93.14,expense,2026-03-03,1878.26,monthly
63,synthetic_user_63@example.com,0,Ingreso Base,1741.27,income,2026-04-07,1878.26,monthly
63,synthetic_user_63@example.com,0,Inversion,68.5,investment,2026-04-13,1878.26,monthly
63,synthetic_user_63@example.com,0,Ingreso adicional,65.56,expense,2026-04-14,1878.26,monthly
63,synthetic_user_63@example.com,0,Alimentacion,36.45,expense,2026-04-05,1878.26,monthly
63,synthetic_user_63@example.com,0,Transporte,61.12,expense,2026-04-21,1878.26,monthly
63,synthetic_user_63@example.com,0,rappi,63.65,expense,2026-04-23,1878.26,monthly
63,synthetic_user_63@example.com,0,Gastos generales,68.06,expense,2026-04-02,1878.26,monthly
63,synthetic_user_63@example.com,0,Educacion,119.1,expense,2026-04-05,1878.26,monthly
63,synthetic_user_63@example.com,0,rappi,92.04,expense,2026-04-24,1878.26,monthly
63,synthetic_user_63@example.com,0,Compras,102.46,expense,2026-04-08,1878.26,monthly
63,synthetic_user_63@example.com,0,Alimentacion,128.83,expense,2026-04-11,1878.26,monthly
63,synthetic_user_63@example.com,0,Transporte,98.02,expense,2026-04-06,1878.26,monthly
63,synthetic_user_63@example.com,0,Gastos generales,58.1,expense,2026-04-21,1878.26,monthly
63,synthetic_user_63@example.com,0,Compras,63.8,expense,2026-04-03,1878.26,monthly
63,synthetic_user_63@example.com,0,Ingreso adicional,114.18,expense,2026-04-26,1878.26,monthly
63,synthetic_user_63@example.com,0,Educacion,58.87,expense,2026-04-19,1878.26,monthly
63,synthetic_user_63@example.com,0,Compras,125.39,expense,2026-04-13,1878.26,monthly
63,synthetic_user_63@example.com,0,rappi,67.83,expense,2026-04-03,1878.26,monthly
63,synthetic_user_63@example.com,0,Gastos generales,71.93,expense,2026-04-05,1878.26,monthly
64,synthetic_user_64@example.com,0,Ingreso Base,2098.56,income,2025-11-08,2198.86,monthly
64,synthetic_user_64@example.com,0,Inversion,155.07,investment,2025-11-23,2198.86,monthly
64,synthetic_user_64@example.com,0,Suscripciones,87.76,expense,2025-11-13,2198.86,monthly
64,synthetic_user_64@example.com,0,Suscripciones,89.68,expense,2025-11-10,2198.86,monthly
64,synthetic_user_64@example.com,0,rappi,85.24,expense,2025-11-03,2198.86,monthly
64,synthetic_user_64@example.com,0,Servicios,102.65,expense,2025-11-09,2198.86,monthly
64,synthetic_user_64@example.com,0,Educacion,78.07,expense,2025-11-03,2198.86,monthly
64,synthetic_user_64@example.com,0,Ingreso adicional,70.86,expense,2025-11-26,2198.86,monthly
64,synthetic_user_64@example.com,0,Suscripciones,62.05,expense,2025-11-02,2198.86,monthly
64,synthetic_user_64@example.com,0,Otro,71.42,expense,2025-11-11,2198.86,monthly
64,synthetic_user_64@example.com,0,Suscripciones,129.93,expense,2025-11-17,2198.86,monthly
64,synthetic_user_64@example.com,0,Otro,130.68,expense,2025-11-08,2198.86,monthly
64,synthetic_user_64@example.com,0,Suscripciones,74.97,expense,2025-11-21,2198.86,monthly
64,synthetic_user_64@example.com,0,Suscripciones,67.1,expense,2025-11-26,2198.86,monthly
64,synthetic_user_64@example.com,0,Transporte,59.87,expense,2025-11-03,2198.86,monthly
64,synthetic_user_64@example.com,0,Ingreso adicional,131.1,expense,2025-11-27,2198.86,monthly
64,synthetic_user_64@example.com,0,Ingreso adicional,47.03,expense,2025-11-15,2198.86,monthly
64,synthetic_user_64@example.com,0,Suscripciones,57.93,expense,2025-11-06,2198.86,monthly
64,synthetic_user_64@example.com,0,Suscripciones,95.94,expense,2025-11-07,2198.86,monthly
64,synthetic_user_64@example.com,0,Gastos generales,111.43,expense,2025-11-19,2198.86,monthly
64,synthetic_user_64@example.com,0,Ingreso Base,2457.4,income,2025-12-08,2198.86,monthly
64,synthetic_user_64@example.com,0,Inversion,170.67,investment,2025-12-26,2198.86,monthly
64,synthetic_user_64@example.com,0,Otro,85.53,expense,2025-12-20,2198.86,monthly
64,synthetic_user_64@example.com,0,Otro,49.78,expense,2025-12-08,2198.86,monthly
64,synthetic_user_64@example.com,0,rappi,99.0,expense,2025-12-22,2198.86,monthly
64,synthetic_user_64@example.com,0,Suscripciones,80.65,expense,2025-12-11,2198.86,monthly
64,synthetic_user_64@example.com,0,Vivienda,129.14,expense,2025-12-23,2198.86,monthly
64,synthetic_user_64@example.com,0,Educacion,172.2,expense,2025-12-19,2198.86,monthly
64,synthetic_user_64@example.com,0,Ocio,89.89,expense,2025-12-07,2198.86,monthly
64,synthetic_user_64@example.com,0,Alimentacion,67.7,expense,2025-12-14,2198.86,monthly
64,synthetic_user_64@example.com,0,Servicios,84.88,expense,2025-12-14,2198.86,monthly
64,synthetic_user_64@example.com,0,Ingreso adicional,103.18,expense,2025-12-25,2198.86,monthly
64,synthetic_user_64@example.com,0,Compras,109.0,expense,2025-12-13,2198.86,monthly
64,synthetic_user_64@example.com,0,Ingreso adicional,130.11,expense,2025-12-09,2198.86,monthly
64,synthetic_user_64@example.com,0,rappi,156.07,expense,2025-12-13,2198.86,monthly
64,synthetic_user_64@example.com,0,Suscripciones,126.0,expense,2025-12-09,2198.86,monthly
64,synthetic_user_64@example.com,0,Ingreso adicional,111.46,expense,2025-12-25,2198.86,monthly
64,synthetic_user_64@example.com,0,Suscripciones,97.13,expense,2025-12-22,2198.86,monthly
64,synthetic_user_64@example.com,0,Ingresos,142.93,expense,2025-12-06,2198.86,monthly
64,synthetic_user_64@example.com,0,Compras,124.62,expense,2025-12-13,2198.86,monthly
64,synthetic_user_64@example.com,0,Otro,80.31,expense,2025-12-05,2198.86,monthly
64,synthetic_user_64@example.com,0,Ingreso Base,2059.76,income,2026-01-07,2198.86,monthly
64,synthetic_user_64@example.com,0,Inversion,201.96,investment,2026-01-28,2198.86,monthly
64,synthetic_user_64@example.com,0,Suscripciones,204.01,expense,2026-01-04,2198.86,monthly
64,synthetic_user_64@example.com,0,Suscripciones,110.12,expense,2026-01-19,2198.86,monthly
64,synthetic_user_64@example.com,0,Compras,27.26,expense,2026-01-18,2198.86,monthly
64,synthetic_user_64@example.com,0,Servicios,131.94,expense,2026-01-02,2198.86,monthly
64,synthetic_user_64@example.com,0,Ingresos,206.31,expense,2026-01-09,2198.86,monthly
64,synthetic_user_64@example.com,0,Suscripciones,107.59,expense,2026-01-21,2198.86,monthly
64,synthetic_user_64@example.com,0,Gastos generales,128.2,expense,2026-01-01,2198.86,monthly
64,synthetic_user_64@example.com,0,Salud,61.26,expense,2026-01-08,2198.86,monthly
64,synthetic_user_64@example.com,0,Servicios,146.67,expense,2026-01-14,2198.86,monthly
64,synthetic_user_64@example.com,0,Ocio,121.91,expense,2026-01-26,2198.86,monthly
64,synthetic_user_64@example.com,0,Suscripciones,171.96,expense,2026-01-25,2198.86,monthly
64,synthetic_user_64@example.com,0,Suscripciones,173.61,expense,2026-01-19,2198.86,monthly
64,synthetic_user_64@example.com,0,Suscripciones,218.97,expense,2026-01-10,2198.86,monthly
64,synthetic_user_64@example.com,0,Ingreso Base,2279.41,income,2026-02-06,2198.86,monthly
64,synthetic_user_64@example.com,0,Inversion,241.74,investment,2026-02-14,2198.86,monthly
64,synthetic_user_64@example.com,0,Otro,153.86,expense,2026-02-24,2198.86,monthly
64,synthetic_user_64@example.com,0,Suscripciones,137.18,expense,2026-02-11,2198.86,monthly
64,synthetic_user_64@example.com,0,Gastos generales,94.03,expense,2026-02-26,2198.86,monthly
64,synthetic_user_64@example.com,0,Servicios,47.42,expense,2026-02-23,2198.86,monthly
64,synthetic_user_64@example.com,0,Ingreso adicional,119.95,expense,2026-02-26,2198.86,monthly
64,synthetic_user_64@example.com,0,Otro,123.38,expense,2026-02-23,2198.86,monthly
64,synthetic_user_64@example.com,0,Ingresos,151.83,expense,2026-02-06,2198.86,monthly
64,synthetic_user_64@example.com,0,Otro,97.7,expense,2026-02-20,2198.86,monthly
64,synthetic_user_64@example.com,0,Suscripciones,93.7,expense,2026-02-11,2198.86,monthly
64,synthetic_user_64@example.com,0,Otro,103.75,expense,2026-02-19,2198.86,monthly
64,synthetic_user_64@example.com,0,Suscripciones,179.48,expense,2026-02-06,2198.86,monthly
64,synthetic_user_64@example.com,0,Otro,196.4,expense,2026-02-08,2198.86,monthly
64,synthetic_user_64@example.com,0,Otro,95.49,expense,2026-02-05,2198.86,monthly
64,synthetic_user_64@example.com,0,Suscripciones,88.52,expense,2026-02-21,2198.86,monthly
64,synthetic_user_64@example.com,0,Ingreso adicional,64.04,expense,2026-02-27,2198.86,monthly
64,synthetic_user_64@example.com,0,Ingreso Base,2276.06,income,2026-03-08,2198.86,monthly
64,synthetic_user_64@example.com,0,Inversion,170.94,investment,2026-03-24,2198.86,monthly
64,synthetic_user_64@example.com,0,Vivienda,205.9,expense,2026-03-15,2198.86,monthly
64,synthetic_user_64@example.com,0,Suscripciones,311.34,expense,2026-03-04,2198.86,monthly
64,synthetic_user_64@example.com,0,Suscripciones,117.47,expense,2026-03-18,2198.86,monthly
64,synthetic_user_64@example.com,0,Otro,157.68,expense,2026-03-07,2198.86,monthly
64,synthetic_user_64@example.com,0,Otro,197.09,expense,2026-03-01,2198.86,monthly
64,synthetic_user_64@example.com,0,Ingresos,151.89,expense,2026-03-07,2198.86,monthly
64,synthetic_user_64@example.com,0,Alimentacion,119.89,expense,2026-03-11,2198.86,monthly
64,synthetic_user_64@example.com,0,Ingreso adicional,162.43,expense,2026-03-17,2198.86,monthly
64,synthetic_user_64@example.com,0,Otro,197.12,expense,2026-03-22,2198.86,monthly
64,synthetic_user_64@example.com,0,Suscripciones,236.65,expense,2026-03-03,2198.86,monthly
64,synthetic_user_64@example.com,0,Ingreso Base,2393.96,income,2026-04-07,2198.86,monthly
64,synthetic_user_64@example.com,0,Inversion,173.75,investment,2026-04-12,2198.86,monthly
64,synthetic_user_64@example.com,0,Ingresos,96.11,expense,2026-04-04,2198.86,monthly
64,synthetic_user_64@example.com,0,Otro,53.6,expense,2026-04-26,2198.86,monthly
64,synthetic_user_64@example.com,0,Suscripciones,86.73,expense,2026-04-26,2198.86,monthly
64,synthetic_user_64@example.com,0,Vivienda,155.81,expense,2026-04-01,2198.86,monthly
64,synthetic_user_64@example.com,0,Ingreso adicional,74.18,expense,2026-04-13,2198.86,monthly
64,synthetic_user_64@example.com,0,Ocio,89.3,expense,2026-04-05,2198.86,monthly
64,synthetic_user_64@example.com,0,rappi,125.66,expense,2026-04-17,2198.86,monthly
64,synthetic_user_64@example.com,0,Ingresos,155.38,expense,2026-04-13,2198.86,monthly
64,synthetic_user_64@example.com,0,Educacion,42.06,expense,2026-04-17,2198.86,monthly
64,synthetic_user_64@example.com,0,Salud,100.97,expense,2026-04-09,2198.86,monthly
64,synthetic_user_64@example.com,0,Ocio,189.01,expense,2026-04-20,2198.86,monthly
64,synthetic_user_64@example.com,0,Suscripciones,77.41,expense,2026-04-16,2198.86,monthly
64,synthetic_user_64@example.com,0,Ocio,117.72,expense,2026-04-12,2198.86,monthly
64,synthetic_user_64@example.com,0,Ingreso adicional,114.57,expense,2026-04-01,2198.86,monthly
64,synthetic_user_64@example.com,0,Servicios,114.32,expense,2026-04-14,2198.86,monthly
64,synthetic_user_64@example.com,0,Ingresos,121.05,expense,2026-04-20,2198.86,monthly
65,synthetic_user_65@example.com,0,Ingreso Base,1375.34,income,2025-11-08,1309.18,monthly
65,synthetic_user_65@example.com,0,Inversion,86.71,investment,2025-11-26,1309.18,monthly
65,synthetic_user_65@example.com,0,Gastos generales,94.9,expense,2025-11-15,1309.18,monthly
65,synthetic_user_65@example.com,0,Ocio,33.91,expense,2025-11-04,1309.18,monthly
65,synthetic_user_65@example.com,0,Ingresos,67.53,expense,2025-11-08,1309.18,monthly
65,synthetic_user_65@example.com,0,Ingreso adicional,45.25,expense,2025-11-03,1309.18,monthly
65,synthetic_user_65@example.com,0,Gastos generales,111.07,expense,2025-11-27,1309.18,monthly
65,synthetic_user_65@example.com,0,Ocio,63.12,expense,2025-11-08,1309.18,monthly
65,synthetic_user_65@example.com,0,Suscripciones,132.25,expense,2025-11-18,1309.18,monthly
65,synthetic_user_65@example.com,0,rappi,87.3,expense,2025-11-27,1309.18,monthly
65,synthetic_user_65@example.com,0,Ocio,68.7,expense,2025-11-11,1309.18,monthly
65,synthetic_user_65@example.com,0,Transporte,50.88,expense,2025-11-04,1309.18,monthly
65,synthetic_user_65@example.com,0,Ocio,115.8,expense,2025-11-11,1309.18,monthly
65,synthetic_user_65@example.com,0,Suscripciones,70.61,expense,2025-11-27,1309.18,monthly
65,synthetic_user_65@example.com,0,Educacion,138.68,expense,2025-11-20,1309.18,monthly
65,synthetic_user_65@example.com,0,Ingreso Base,1190.82,income,2025-12-08,1309.18,monthly
65,synthetic_user_65@example.com,0,Inversion,94.77,investment,2025-12-25,1309.18,monthly
65,synthetic_user_65@example.com,0,Educacion,87.89,expense,2025-12-02,1309.18,monthly
65,synthetic_user_65@example.com,0,Servicios,79.58,expense,2025-12-16,1309.18,monthly
65,synthetic_user_65@example.com,0,Salud,79.95,expense,2025-12-12,1309.18,monthly
65,synthetic_user_65@example.com,0,rappi,127.28,expense,2025-12-26,1309.18,monthly
65,synthetic_user_65@example.com,0,Vivienda,119.75,expense,2025-12-11,1309.18,monthly
65,synthetic_user_65@example.com,0,Educacion,103.82,expense,2025-12-18,1309.18,monthly
65,synthetic_user_65@example.com,0,Suscripciones,76.01,expense,2025-12-24,1309.18,monthly
65,synthetic_user_65@example.com,0,Educacion,104.64,expense,2025-12-06,1309.18,monthly
65,synthetic_user_65@example.com,0,Ocio,79.79,expense,2025-12-26,1309.18,monthly
65,synthetic_user_65@example.com,0,Otro,42.3,expense,2025-12-12,1309.18,monthly
65,synthetic_user_65@example.com,0,rappi,79.27,expense,2025-12-03,1309.18,monthly
65,synthetic_user_65@example.com,0,Ingreso Base,1228.27,income,2026-01-07,1309.18,monthly
65,synthetic_user_65@example.com,0,Inversion,83.2,investment,2026-01-25,1309.18,monthly
65,synthetic_user_65@example.com,0,Ocio,27.13,expense,2026-01-26,1309.18,monthly
65,synthetic_user_65@example.com,0,Transporte,34.07,expense,2026-01-17,1309.18,monthly
65,synthetic_user_65@example.com,0,Ocio,52.14,expense,2026-01-06,1309.18,monthly
65,synthetic_user_65@example.com,0,Alimentacion,54.0,expense,2026-01-04,1309.18,monthly
65,synthetic_user_65@example.com,0,Ocio,46.99,expense,2026-01-21,1309.18,monthly
65,synthetic_user_65@example.com,0,Suscripciones,79.29,expense,2026-01-22,1309.18,monthly
65,synthetic_user_65@example.com,0,Alimentacion,50.17,expense,2026-01-04,1309.18,monthly
65,synthetic_user_65@example.com,0,Alimentacion,51.68,expense,2026-01-14,1309.18,monthly
65,synthetic_user_65@example.com,0,Ocio,73.37,expense,2026-01-03,1309.18,monthly
65,synthetic_user_65@example.com,0,Ocio,47.95,expense,2026-01-01,1309.18,monthly
65,synthetic_user_65@example.com,0,Educacion,46.28,expense,2026-01-17,1309.18,monthly
65,synthetic_user_65@example.com,0,Servicios,61.3,expense,2026-01-27,1309.18,monthly
65,synthetic_user_65@example.com,0,Educacion,47.35,expense,2026-01-02,1309.18,monthly
65,synthetic_user_65@example.com,0,Ocio,63.04,expense,2026-01-25,1309.18,monthly
65,synthetic_user_65@example.com,0,Suscripciones,33.73,expense,2026-01-09,1309.18,monthly
65,synthetic_user_65@example.com,0,Otro,90.59,expense,2026-01-15,1309.18,monthly
65,synthetic_user_65@example.com,0,Servicios,62.15,expense,2026-01-08,1309.18,monthly
65,synthetic_user_65@example.com,0,Ingreso Base,1250.75,income,2026-02-06,1309.18,monthly
65,synthetic_user_65@example.com,0,Inversion,109.13,investment,2026-02-19,1309.18,monthly
65,synthetic_user_65@example.com,0,Educacion,56.65,expense,2026-02-12,1309.18,monthly
65,synthetic_user_65@example.com,0,Servicios,66.62,expense,2026-02-08,1309.18,monthly
65,synthetic_user_65@example.com,0,Ingreso adicional,57.17,expense,2026-02-18,1309.18,monthly
65,synthetic_user_65@example.com,0,Ocio,62.28,expense,2026-02-15,1309.18,monthly
65,synthetic_user_65@example.com,0,Servicios,44.75,expense,2026-02-05,1309.18,monthly
65,synthetic_user_65@example.com,0,Servicios,24.82,expense,2026-02-08,1309.18,monthly
65,synthetic_user_65@example.com,0,Ingreso adicional,10.62,expense,2026-02-09,1309.18,monthly
65,synthetic_user_65@example.com,0,Educacion,35.79,expense,2026-02-01,1309.18,monthly
65,synthetic_user_65@example.com,0,Servicios,46.38,expense,2026-02-06,1309.18,monthly
65,synthetic_user_65@example.com,0,Educacion,63.53,expense,2026-02-02,1309.18,monthly
65,synthetic_user_65@example.com,0,Educacion,26.72,expense,2026-02-25,1309.18,monthly
65,synthetic_user_65@example.com,0,Alimentacion,44.34,expense,2026-02-08,1309.18,monthly
65,synthetic_user_65@example.com,0,Ocio,55.76,expense,2026-02-12,1309.18,monthly
65,synthetic_user_65@example.com,0,Ocio,58.0,expense,2026-02-26,1309.18,monthly
65,synthetic_user_65@example.com,0,Suscripciones,40.18,expense,2026-02-08,1309.18,monthly
65,synthetic_user_65@example.com,0,Educacion,42.9,expense,2026-02-16,1309.18,monthly
65,synthetic_user_65@example.com,0,Salud,51.19,expense,2026-02-09,1309.18,monthly
65,synthetic_user_65@example.com,0,Educacion,46.95,expense,2026-02-04,1309.18,monthly
65,synthetic_user_65@example.com,0,Ocio,67.93,expense,2026-02-21,1309.18,monthly
65,synthetic_user_65@example.com,0,Ingreso Base,1339.71,income,2026-03-08,1309.18,monthly
65,synthetic_user_65@example.com,0,Inversion,98.42,investment,2026-03-21,1309.18,monthly
65,synthetic_user_65@example.com,0,Ocio,58.2,expense,2026-03-20,1309.18,monthly
65,synthetic_user_65@example.com,0,rappi,101.96,expense,2026-03-04,1309.18,monthly
65,synthetic_user_65@example.com,0,Ocio,64.03,expense,2026-03-23,1309.18,monthly
65,synthetic_user_65@example.com,0,Alimentacion,89.63,expense,2026-03-20,1309.18,monthly
65,synthetic_user_65@example.com,0,Alimentacion,78.99,expense,2026-03-03,1309.18,monthly
65,synthetic_user_65@example.com,0,Suscripciones,53.7,expense,2026-03-01,1309.18,monthly
65,synthetic_user_65@example.com,0,Ingresos,63.39,expense,2026-03-12,1309.18,monthly
65,synthetic_user_65@example.com,0,Ocio,94.8,expense,2026-03-05,1309.18,monthly
65,synthetic_user_65@example.com,0,Otro,99.95,expense,2026-03-16,1309.18,monthly
65,synthetic_user_65@example.com,0,Servicios,68.32,expense,2026-03-11,1309.18,monthly
65,synthetic_user_65@example.com,0,Vivienda,102.98,expense,2026-03-18,1309.18,monthly
65,synthetic_user_65@example.com,0,Ocio,89.04,expense,2026-03-06,1309.18,monthly
65,synthetic_user_65@example.com,0,Alimentacion,79.0,expense,2026-03-12,1309.18,monthly
65,synthetic_user_65@example.com,0,Ingreso Base,1337.84,income,2026-04-07,1309.18,monthly
65,synthetic_user_65@example.com,0,Inversion,64.74,investment,2026-04-16,1309.18,monthly
65,synthetic_user_65@example.com,0,Educacion,54.79,expense,2026-04-06,1309.18,monthly
65,synthetic_user_65@example.com,0,Ocio,96.02,expense,2026-04-21,1309.18,monthly
65,synthetic_user_65@example.com,0,Ingreso adicional,55.28,expense,2026-04-25,1309.18,monthly
65,synthetic_user_65@example.com,0,Servicios,87.01,expense,2026-04-23,1309.18,monthly
65,synthetic_user_65@example.com,0,Gastos generales,52.6,expense,2026-04-04,1309.18,monthly
65,synthetic_user_65@example.com,0,Suscripciones,103.49,expense,2026-04-21,1309.18,monthly
65,synthetic_user_65@example.com,0,Servicios,81.0,expense,2026-04-27,1309.18,monthly
65,synthetic_user_65@example.com,0,Servicios,61.72,expense,2026-04-17,1309.18,monthly
65,synthetic_user_65@example.com,0,Otro,69.09,expense,2026-04-06,1309.18,monthly
65,synthetic_user_65@example.com,0,Suscripciones,110.57,expense,2026-04-22,1309.18,monthly
65,synthetic_user_65@example.com,0,Suscripciones,94.98,expense,2026-04-13,1309.18,monthly
65,synthetic_user_65@example.com,0,Suscripciones,91.42,expense,2026-04-08,1309.18,monthly
65,synthetic_user_65@example.com,0,Vivienda,60.57,expense,2026-04-16,1309.18,monthly
65,synthetic_user_65@example.com,0,Otro,24.34,expense,2026-04-14,1309.18,monthly
66,synthetic_user_66@example.com,0,Ingreso Base,1513.1,income,2025-11-08,1586.24,monthly
66,synthetic_user_66@example.com,0,Inversion,142.1,investment,2025-12-02,1586.24,monthly
66,synthetic_user_66@example.com,0,Ingresos,144.35,expense,2025-11-05,1586.24,monthly
66,synthetic_user_66@example.com,0,Educacion,99.61,expense,2025-11-26,1586.24,monthly
66,synthetic_user_66@example.com,0,Transporte,50.46,expense,2025-11-06,1586.24,monthly
66,synthetic_user_66@example.com,0,Gastos generales,80.96,expense,2025-11-19,1586.24,monthly
66,synthetic_user_66@example.com,0,Suscripciones,124.25,expense,2025-11-05,1586.24,monthly
66,synthetic_user_66@example.com,0,Salud,94.99,expense,2025-11-23,1586.24,monthly
66,synthetic_user_66@example.com,0,Ingreso adicional,88.43,expense,2025-11-12,1586.24,monthly
66,synthetic_user_66@example.com,0,Transporte,17.61,expense,2025-11-14,1586.24,monthly
66,synthetic_user_66@example.com,0,Salud,119.34,expense,2025-11-14,1586.24,monthly
66,synthetic_user_66@example.com,0,rappi,51.11,expense,2025-11-14,1586.24,monthly
66,synthetic_user_66@example.com,0,Educacion,138.45,expense,2025-11-09,1586.24,monthly
66,synthetic_user_66@example.com,0,Educacion,166.47,expense,2025-11-09,1586.24,monthly
66,synthetic_user_66@example.com,0,Compras,45.41,expense,2025-11-17,1586.24,monthly
66,synthetic_user_66@example.com,0,Ingreso Base,1412.75,income,2025-12-08,1586.24,monthly
66,synthetic_user_66@example.com,0,Inversion,80.42,investment,2025-12-26,1586.24,monthly
66,synthetic_user_66@example.com,0,Educacion,131.08,expense,2025-12-17,1586.24,monthly
66,synthetic_user_66@example.com,0,Compras,76.41,expense,2025-12-01,1586.24,monthly
66,synthetic_user_66@example.com,0,Alimentacion,118.96,expense,2025-12-10,1586.24,monthly
66,synthetic_user_66@example.com,0,Ocio,108.05,expense,2025-12-27,1586.24,monthly
66,synthetic_user_66@example.com,0,Educacion,121.74,expense,2025-12-16,1586.24,monthly
66,synthetic_user_66@example.com,0,Ocio,87.21,expense,2025-12-02,1586.24,monthly
66,synthetic_user_66@example.com,0,Ocio,143.58,expense,2025-12-03,1586.24,monthly
66,synthetic_user_66@example.com,0,Salud,99.4,expense,2025-12-25,1586.24,monthly
66,synthetic_user_66@example.com,0,Transporte,48.93,expense,2025-12-10,1586.24,monthly
66,synthetic_user_66@example.com,0,Compras,193.33,expense,2025-12-02,1586.24,monthly
66,synthetic_user_66@example.com,0,Ingreso Base,1566.4,income,2026-01-07,1586.24,monthly
66,synthetic_user_66@example.com,0,Inversion,140.29,investment,2026-01-18,1586.24,monthly
66,synthetic_user_66@example.com,0,Gastos generales,51.89,expense,2026-01-02,1586.24,monthly
66,synthetic_user_66@example.com,0,Compras,76.31,expense,2026-01-27,1586.24,monthly
66,synthetic_user_66@example.com,0,Ingreso adicional,32.15,expense,2026-01-11,1586.24,monthly
66,synthetic_user_66@example.com,0,Servicios,76.64,expense,2026-01-08,1586.24,monthly
66,synthetic_user_66@example.com,0,Educacion,59.31,expense,2026-01-27,1586.24,monthly
66,synthetic_user_66@example.com,0,Ingresos,106.71,expense,2026-01-05,1586.24,monthly
66,synthetic_user_66@example.com,0,Salud,108.38,expense,2026-01-21,1586.24,monthly
66,synthetic_user_66@example.com,0,Transporte,74.45,expense,2026-01-04,1586.24,monthly
66,synthetic_user_66@example.com,0,Transporte,96.92,expense,2026-01-16,1586.24,monthly
66,synthetic_user_66@example.com,0,Gastos generales,35.77,expense,2026-01-08,1586.24,monthly
66,synthetic_user_66@example.com,0,Educacion,60.52,expense,2026-01-11,1586.24,monthly
66,synthetic_user_66@example.com,0,Ocio,49.72,expense,2026-01-04,1586.24,monthly
66,synthetic_user_66@example.com,0,Ingresos,72.42,expense,2026-01-20,1586.24,monthly
66,synthetic_user_66@example.com,0,Ocio,62.21,expense,2026-01-24,1586.24,monthly
66,synthetic_user_66@example.com,0,Ocio,39.86,expense,2026-01-03,1586.24,monthly
66,synthetic_user_66@example.com,0,Ocio,76.13,expense,2026-01-19,1586.24,monthly
66,synthetic_user_66@example.com,0,Ocio,66.4,expense,2026-01-20,1586.24,monthly
66,synthetic_user_66@example.com,0,Transporte,62.86,expense,2026-01-15,1586.24,monthly
66,synthetic_user_66@example.com,0,Gastos generales,64.86,expense,2026-01-09,1586.24,monthly
66,synthetic_user_66@example.com,0,Ingreso Base,1596.11,income,2026-02-06,1586.24,monthly
66,synthetic_user_66@example.com,0,Inversion,150.92,investment,2026-02-09,1586.24,monthly
66,synthetic_user_66@example.com,0,rappi,219.62,expense,2026-02-11,1586.24,monthly
66,synthetic_user_66@example.com,0,Vivienda,181.47,expense,2026-02-21,1586.24,monthly
66,synthetic_user_66@example.com,0,Educacion,302.7,expense,2026-02-12,1586.24,monthly
66,synthetic_user_66@example.com,0,Ocio,139.92,expense,2026-02-11,1586.24,monthly
66,synthetic_user_66@example.com,0,Ocio,215.62,expense,2026-02-10,1586.24,monthly
66,synthetic_user_66@example.com,0,Ingresos,127.56,expense,2026-02-22,1586.24,monthly
66,synthetic_user_66@example.com,0,Compras,217.12,expense,2026-02-08,1586.24,monthly
66,synthetic_user_66@example.com,0,Educacion,246.87,expense,2026-02-19,1586.24,monthly
66,synthetic_user_66@example.com,0,Educacion,195.85,expense,2026-02-22,1586.24,monthly
66,synthetic_user_66@example.com,0,Ingreso Base,1583.69,income,2026-03-08,1586.24,monthly
66,synthetic_user_66@example.com,0,Inversion,98.74,investment,2026-03-13,1586.24,monthly
66,synthetic_user_66@example.com,0,rappi,229.66,expense,2026-03-19,1586.24,monthly
66,synthetic_user_66@example.com,0,Ocio,226.59,expense,2026-03-14,1586.24,monthly
66,synthetic_user_66@example.com,0,Compras,133.42,expense,2026-03-07,1586.24,monthly
66,synthetic_user_66@example.com,0,Educacion,94.71,expense,2026-03-14,1586.24,monthly
66,synthetic_user_66@example.com,0,Otro,216.63,expense,2026-03-07,1586.24,monthly
66,synthetic_user_66@example.com,0,Educacion,137.61,expense,2026-03-10,1586.24,monthly
66,synthetic_user_66@example.com,0,Ingresos,163.37,expense,2026-03-02,1586.24,monthly
66,synthetic_user_66@example.com,0,Educacion,138.98,expense,2026-03-24,1586.24,monthly
66,synthetic_user_66@example.com,0,Ocio,76.26,expense,2026-03-18,1586.24,monthly
66,synthetic_user_66@example.com,0,Ingreso Base,1640.3,income,2026-04-07,1586.24,monthly
66,synthetic_user_66@example.com,0,Inversion,112.89,investment,2026-04-23,1586.24,monthly
66,synthetic_user_66@example.com,0,Salud,80.17,expense,2026-04-26,1586.24,monthly
66,synthetic_user_66@example.com,0,Compras,71.22,expense,2026-04-19,1586.24,monthly
66,synthetic_user_66@example.com,0,Educacion,68.19,expense,2026-04-22,1586.24,monthly
66,synthetic_user_66@example.com,0,Ingreso adicional,62.39,expense,2026-04-16,1586.24,monthly
66,synthetic_user_66@example.com,0,Vivienda,70.07,expense,2026-04-05,1586.24,monthly
66,synthetic_user_66@example.com,0,rappi,81.1,expense,2026-04-13,1586.24,monthly
66,synthetic_user_66@example.com,0,Transporte,73.24,expense,2026-04-03,1586.24,monthly
66,synthetic_user_66@example.com,0,Educacion,69.68,expense,2026-04-10,1586.24,monthly
66,synthetic_user_66@example.com,0,Educacion,94.23,expense,2026-04-10,1586.24,monthly
66,synthetic_user_66@example.com,0,Educacion,69.59,expense,2026-04-27,1586.24,monthly
66,synthetic_user_66@example.com,0,Educacion,89.99,expense,2026-04-14,1586.24,monthly
66,synthetic_user_66@example.com,0,Transporte,94.31,expense,2026-04-24,1586.24,monthly
66,synthetic_user_66@example.com,0,Salud,81.28,expense,2026-04-15,1586.24,monthly
66,synthetic_user_66@example.com,0,Educacion,118.41,expense,2026-04-04,1586.24,monthly
66,synthetic_user_66@example.com,0,Educacion,90.99,expense,2026-04-18,1586.24,monthly
66,synthetic_user_66@example.com,0,Suscripciones,70.07,expense,2026-04-18,1586.24,monthly
66,synthetic_user_66@example.com,0,Vivienda,82.84,expense,2026-04-25,1586.24,monthly
66,synthetic_user_66@example.com,0,Ingresos,130.53,expense,2026-04-17,1586.24,monthly
67,synthetic_user_67@example.com,0,Ingreso Base,1714.15,income,2025-11-08,1797.2,monthly
67,synthetic_user_67@example.com,0,Inversion,499.18,investment,2025-11-22,1797.2,monthly
67,synthetic_user_67@example.com,0,Suscripciones,150.83,expense,2025-11-04,1797.2,monthly
67,synthetic_user_67@example.com,0,Alimentacion,194.67,expense,2025-11-17,1797.2,monthly
67,synthetic_user_67@example.com,0,rappi,133.42,expense,2025-11-26,1797.2,monthly
67,synthetic_user_67@example.com,0,Educacion,116.34,expense,2025-11-07,1797.2,monthly
67,synthetic_user_67@example.com,0,Servicios,142.13,expense,2025-11-19,1797.2,monthly
67,synthetic_user_67@example.com,0,Alimentacion,186.58,expense,2025-11-03,1797.2,monthly
67,synthetic_user_67@example.com,0,Gastos generales,104.94,expense,2025-11-24,1797.2,monthly
67,synthetic_user_67@example.com,0,Educacion,155.74,expense,2025-11-14,1797.2,monthly
67,synthetic_user_67@example.com,0,Alimentacion,155.39,expense,2025-11-10,1797.2,monthly
67,synthetic_user_67@example.com,0,Ingreso Base,1458.98,income,2025-12-08,1797.2,monthly
67,synthetic_user_67@example.com,0,Inversion,315.39,investment,2025-12-24,1797.2,monthly
67,synthetic_user_67@example.com,0,Servicios,88.71,expense,2025-12-22,1797.2,monthly
67,synthetic_user_67@example.com,0,Ocio,24.63,expense,2025-12-19,1797.2,monthly
67,synthetic_user_67@example.com,0,Servicios,86.26,expense,2025-12-05,1797.2,monthly
67,synthetic_user_67@example.com,0,Salud,88.75,expense,2025-12-14,1797.2,monthly
67,synthetic_user_67@example.com,0,Alimentacion,47.54,expense,2025-12-24,1797.2,monthly
67,synthetic_user_67@example.com,0,rappi,110.3,expense,2025-12-04,1797.2,monthly
67,synthetic_user_67@example.com,0,Suscripciones,47.63,expense,2025-12-16,1797.2,monthly
67,synthetic_user_67@example.com,0,rappi,123.65,expense,2025-12-26,1797.2,monthly
67,synthetic_user_67@example.com,0,Ocio,96.35,expense,2025-12-21,1797.2,monthly
67,synthetic_user_67@example.com,0,rappi,86.17,expense,2025-12-18,1797.2,monthly
67,synthetic_user_67@example.com,0,rappi,61.78,expense,2025-12-17,1797.2,monthly
67,synthetic_user_67@example.com,0,rappi,48.72,expense,2025-12-09,1797.2,monthly
67,synthetic_user_67@example.com,0,rappi,70.16,expense,2025-12-10,1797.2,monthly
67,synthetic_user_67@example.com,0,Ingreso adicional,75.96,expense,2025-12-15,1797.2,monthly
67,synthetic_user_67@example.com,0,Ingreso Base,1771.43,income,2026-01-07,1797.2,monthly
67,synthetic_user_67@example.com,0,Inversion,307.5,investment,2026-01-19,1797.2,monthly
67,synthetic_user_67@example.com,0,Ingresos,108.32,expense,2026-01-11,1797.2,monthly
67,synthetic_user_67@example.com,0,Otro,189.26,expense,2026-01-23,1797.2,monthly
67,synthetic_user_67@example.com,0,Educacion,122.22,expense,2026-01-18,1797.2,monthly
67,synthetic_user_67@example.com,0,Otro,101.77,expense,2026-01-10,1797.2,monthly
67,synthetic_user_67@example.com,0,Servicios,84.65,expense,2026-01-13,1797.2,monthly
67,synthetic_user_67@example.com,0,Otro,113.13,expense,2026-01-18,1797.2,monthly
67,synthetic_user_67@example.com,0,Vivienda,79.48,expense,2026-01-21,1797.2,monthly
67,synthetic_user_67@example.com,0,Servicios,124.06,expense,2026-01-05,1797.2,monthly
67,synthetic_user_67@example.com,0,Educacion,136.88,expense,2026-01-02,1797.2,monthly
67,synthetic_user_67@example.com,0,Otro,100.14,expense,2026-01-17,1797.2,monthly
67,synthetic_user_67@example.com,0,Transporte,98.33,expense,2026-01-14,1797.2,monthly
67,synthetic_user_67@example.com,0,Ingreso Base,1647.81,income,2026-02-06,1797.2,monthly
67,synthetic_user_67@example.com,0,Inversion,303.86,investment,2026-02-09,1797.2,monthly
67,synthetic_user_67@example.com,0,Alimentacion,54.23,expense,2026-02-24,1797.2,monthly
67,synthetic_user_67@example.com,0,Otro,31.08,expense,2026-02-08,1797.2,monthly
67,synthetic_user_67@example.com,0,Ocio,53.17,expense,2026-02-11,1797.2,monthly
67,synthetic_user_67@example.com,0,Compras,47.05,expense,2026-02-20,1797.2,monthly
67,synthetic_user_67@example.com,0,Educacion,94.53,expense,2026-02-19,1797.2,monthly
67,synthetic_user_67@example.com,0,Ingresos,36.87,expense,2026-02-26,1797.2,monthly
67,synthetic_user_67@example.com,0,Alimentacion,95.3,expense,2026-02-19,1797.2,monthly
67,synthetic_user_67@example.com,0,Compras,100.43,expense,2026-02-25,1797.2,monthly
67,synthetic_user_67@example.com,0,Compras,75.18,expense,2026-02-02,1797.2,monthly
67,synthetic_user_67@example.com,0,Educacion,77.29,expense,2026-02-16,1797.2,monthly
67,synthetic_user_67@example.com,0,rappi,27.86,expense,2026-02-19,1797.2,monthly
67,synthetic_user_67@example.com,0,Ingreso adicional,69.69,expense,2026-02-25,1797.2,monthly
67,synthetic_user_67@example.com,0,Servicios,47.67,expense,2026-02-09,1797.2,monthly
67,synthetic_user_67@example.com,0,Alimentacion,76.54,expense,2026-02-11,1797.2,monthly
67,synthetic_user_67@example.com,0,rappi,56.59,expense,2026-02-22,1797.2,monthly
67,synthetic_user_67@example.com,0,Ingreso Base,1948.14,income,2026-03-08,1797.2,monthly
67,synthetic_user_67@example.com,0,Inversion,418.99,investment,2026-03-22,1797.2,monthly
67,synthetic_user_67@example.com,0,Educacion,78.07,expense,2026-03-27,1797.2,monthly
67,synthetic_user_67@example.com,0,Alimentacion,223.65,expense,2026-03-08,1797.2,monthly
67,synthetic_user_67@example.com,0,rappi,251.1,expense,2026-03-18,1797.2,monthly
67,synthetic_user_67@example.com,0,Salud,268.36,expense,2026-03-20,1797.2,monthly
67,synthetic_user_67@example.com,0,Servicios,144.5,expense,2026-03-25,1797.2,monthly
67,synthetic_user_67@example.com,0,Servicios,177.04,expense,2026-03-21,1797.2,monthly
67,synthetic_user_67@example.com,0,Alimentacion,162.26,expense,2026-03-09,1797.2,monthly
67,synthetic_user_67@example.com,0,Alimentacion,130.65,expense,2026-03-04,1797.2,monthly
67,synthetic_user_67@example.com,0,Ingreso Base,1655.44,income,2026-04-07,1797.2,monthly
67,synthetic_user_67@example.com,0,Inversion,431.59,investment,2026-04-21,1797.2,monthly
67,synthetic_user_67@example.com,0,rappi,84.35,expense,2026-04-19,1797.2,monthly
67,synthetic_user_67@example.com,0,Alimentacion,78.37,expense,2026-04-08,1797.2,monthly
67,synthetic_user_67@example.com,0,rappi,100.7,expense,2026-04-08,1797.2,monthly
67,synthetic_user_67@example.com,0,Educacion,88.04,expense,2026-04-10,1797.2,monthly
67,synthetic_user_67@example.com,0,Ocio,62.59,expense,2026-04-08,1797.2,monthly
67,synthetic_user_67@example.com,0,Otro,36.82,expense,2026-04-16,1797.2,monthly
67,synthetic_user_67@example.com,0,Otro,45.33,expense,2026-04-15,1797.2,monthly
67,synthetic_user_67@example.com,0,rappi,44.68,expense,2026-04-07,1797.2,monthly
67,synthetic_user_67@example.com,0,Otro,60.83,expense,2026-04-09,1797.2,monthly
67,synthetic_user_67@example.com,0,Transporte,83.95,expense,2026-04-11,1797.2,monthly
67,synthetic_user_67@example.com,0,rappi,46.76,expense,2026-04-22,1797.2,monthly
67,synthetic_user_67@example.com,0,Otro,68.87,expense,2026-04-27,1797.2,monthly
67,synthetic_user_67@example.com,0,Alimentacion,78.0,expense,2026-04-20,1797.2,monthly
67,synthetic_user_67@example.com,0,Ingreso adicional,81.69,expense,2026-04-13,1797.2,monthly
67,synthetic_user_67@example.com,0,rappi,88.97,expense,2026-04-20,1797.2,monthly
67,synthetic_user_67@example.com,0,rappi,138.95,expense,2026-04-09,1797.2,monthly
68,synthetic_user_68@example.com,0,Ingreso Base,501.81,income,2025-11-08,550.0,monthly
68,synthetic_user_68@example.com,0,Inversion,44.57,investment,2025-11-24,550.0,monthly
68,synthetic_user_68@example.com,0,Educacion,50.51,expense,2025-11-03,550.0,monthly
68,synthetic_user_68@example.com,0,Vivienda,63.4,expense,2025-11-04,550.0,monthly
68,synthetic_user_68@example.com,0,Servicios,25.84,expense,2025-11-26,550.0,monthly
68,synthetic_user_68@example.com,0,Servicios,36.06,expense,2025-11-22,550.0,monthly
68,synthetic_user_68@example.com,0,Vivienda,29.22,expense,2025-11-24,550.0,monthly
68,synthetic_user_68@example.com,0,rappi,54.39,expense,2025-11-05,550.0,monthly
68,synthetic_user_68@example.com,0,Ingresos,43.68,expense,2025-11-21,550.0,monthly
68,synthetic_user_68@example.com,0,Servicios,44.12,expense,2025-11-21,550.0,monthly
68,synthetic_user_68@example.com,0,Vivienda,12.21,expense,2025-11-20,550.0,monthly
68,synthetic_user_68@example.com,0,Gastos generales,32.71,expense,2025-11-01,550.0,monthly
68,synthetic_user_68@example.com,0,Ingreso Base,617.56,income,2025-12-08,550.0,monthly
68,synthetic_user_68@example.com,0,Inversion,60.26,investment,2025-12-11,550.0,monthly
68,synthetic_user_68@example.com,0,Educacion,68.01,expense,2025-12-27,550.0,monthly
68,synthetic_user_68@example.com,0,Gastos generales,31.55,expense,2025-12-21,550.0,monthly
68,synthetic_user_68@example.com,0,Salud,21.09,expense,2025-12-13,550.0,monthly
68,synthetic_user_68@example.com,0,rappi,38.5,expense,2025-12-21,550.0,monthly
68,synthetic_user_68@example.com,0,Transporte,12.72,expense,2025-12-12,550.0,monthly
68,synthetic_user_68@example.com,0,Compras,42.81,expense,2025-12-13,550.0,monthly
68,synthetic_user_68@example.com,0,Gastos generales,39.41,expense,2025-12-12,550.0,monthly
68,synthetic_user_68@example.com,0,Alimentacion,35.3,expense,2025-12-27,550.0,monthly
68,synthetic_user_68@example.com,0,Vivienda,38.79,expense,2025-12-02,550.0,monthly
68,synthetic_user_68@example.com,0,Vivienda,54.25,expense,2025-12-14,550.0,monthly
68,synthetic_user_68@example.com,0,Vivienda,19.07,expense,2025-12-07,550.0,monthly
68,synthetic_user_68@example.com,0,Ingreso Base,566.96,income,2026-01-07,550.0,monthly
68,synthetic_user_68@example.com,0,Inversion,40.97,investment,2026-01-14,550.0,monthly
68,synthetic_user_68@example.com,0,Servicios,44.54,expense,2026-01-11,550.0,monthly
68,synthetic_user_68@example.com,0,Transporte,37.96,expense,2026-01-23,550.0,monthly
68,synthetic_user_68@example.com,0,Ingreso adicional,24.24,expense,2026-01-16,550.0,monthly
68,synthetic_user_68@example.com,0,Vivienda,43.38,expense,2026-01-19,550.0,monthly
68,synthetic_user_68@example.com,0,Transporte,15.11,expense,2026-01-01,550.0,monthly
68,synthetic_user_68@example.com,0,Vivienda,32.59,expense,2026-01-12,550.0,monthly
68,synthetic_user_68@example.com,0,Vivienda,30.17,expense,2026-01-08,550.0,monthly
68,synthetic_user_68@example.com,0,Alimentacion,31.34,expense,2026-01-20,550.0,monthly
68,synthetic_user_68@example.com,0,Vivienda,21.21,expense,2026-01-23,550.0,monthly
68,synthetic_user_68@example.com,0,Vivienda,24.13,expense,2026-01-18,550.0,monthly
68,synthetic_user_68@example.com,0,Otro,27.55,expense,2026-01-26,550.0,monthly
68,synthetic_user_68@example.com,0,Servicios,30.53,expense,2026-01-23,550.0,monthly
68,synthetic_user_68@example.com,0,Ocio,36.11,expense,2026-01-14,550.0,monthly
68,synthetic_user_68@example.com,0,rappi,30.31,expense,2026-01-27,550.0,monthly
68,synthetic_user_68@example.com,0,Ingreso adicional,48.08,expense,2026-01-03,550.0,monthly
68,synthetic_user_68@example.com,0,Vivienda,29.67,expense,2026-01-14,550.0,monthly
68,synthetic_user_68@example.com,0,Ingreso Base,603.26,income,2026-02-06,550.0,monthly
68,synthetic_user_68@example.com,0,Inversion,46.41,investment,2026-02-27,550.0,monthly
68,synthetic_user_68@example.com,0,Ingreso adicional,84.15,expense,2026-02-18,550.0,monthly
68,synthetic_user_68@example.com,0,Alimentacion,48.03,expense,2026-02-20,550.0,monthly
68,synthetic_user_68@example.com,0,Gastos generales,39.76,expense,2026-02-24,550.0,monthly
68,synthetic_user_68@example.com,0,Educacion,39.76,expense,2026-02-06,550.0,monthly
68,synthetic_user_68@example.com,0,Alimentacion,42.16,expense,2026-02-20,550.0,monthly
68,synthetic_user_68@example.com,0,Vivienda,55.18,expense,2026-02-16,550.0,monthly
68,synthetic_user_68@example.com,0,Gastos generales,51.35,expense,2026-02-12,550.0,monthly
68,synthetic_user_68@example.com,0,Compras,31.85,expense,2026-02-15,550.0,monthly
68,synthetic_user_68@example.com,0,Educacion,18.75,expense,2026-02-08,550.0,monthly
68,synthetic_user_68@example.com,0,Vivienda,58.21,expense,2026-02-22,550.0,monthly
68,synthetic_user_68@example.com,0,Ingreso Base,581.95,income,2026-03-08,550.0,monthly
68,synthetic_user_68@example.com,0,Inversion,53.03,investment,2026-03-18,550.0,monthly
68,synthetic_user_68@example.com,0,rappi,27.83,expense,2026-03-03,550.0,monthly
68,synthetic_user_68@example.com,0,rappi,49.46,expense,2026-03-23,550.0,monthly
68,synthetic_user_68@example.com,0,rappi,35.43,expense,2026-03-08,550.0,monthly
68,synthetic_user_68@example.com,0,Vivienda,43.76,expense,2026-03-27,550.0,monthly
68,synthetic_user_68@example.com,0,Ingreso adicional,44.03,expense,2026-03-05,550.0,monthly
68,synthetic_user_68@example.com,0,Salud,22.07,expense,2026-03-22,550.0,monthly
68,synthetic_user_68@example.com,0,rappi,45.15,expense,2026-03-19,550.0,monthly
68,synthetic_user_68@example.com,0,Vivienda,46.57,expense,2026-03-20,550.0,monthly
68,synthetic_user_68@example.com,0,Ingreso adicional,49.22,expense,2026-03-04,550.0,monthly
68,synthetic_user_68@example.com,0,Educacion,17.43,expense,2026-03-13,550.0,monthly
68,synthetic_user_68@example.com,0,Servicios,46.48,expense,2026-03-27,550.0,monthly
68,synthetic_user_68@example.com,0,rappi,43.42,expense,2026-03-05,550.0,monthly
68,synthetic_user_68@example.com,0,Compras,31.17,expense,2026-03-16,550.0,monthly
68,synthetic_user_68@example.com,0,Servicios,44.67,expense,2026-03-21,550.0,monthly
68,synthetic_user_68@example.com,0,Ingreso Base,579.04,income,2026-04-07,550.0,monthly
68,synthetic_user_68@example.com,0,Inversion,64.41,investment,2026-04-25,550.0,monthly
68,synthetic_user_68@example.com,0,Ocio,22.12,expense,2026-04-07,550.0,monthly
68,synthetic_user_68@example.com,0,Ocio,43.76,expense,2026-04-14,550.0,monthly
68,synthetic_user_68@example.com,0,Vivienda,11.16,expense,2026-04-10,550.0,monthly
68,synthetic_user_68@example.com,0,Vivienda,32.44,expense,2026-04-13,550.0,monthly
68,synthetic_user_68@example.com,0,Ingreso adicional,29.81,expense,2026-04-21,550.0,monthly
68,synthetic_user_68@example.com,0,Ocio,32.45,expense,2026-04-02,550.0,monthly
68,synthetic_user_68@example.com,0,Alimentacion,28.44,expense,2026-04-23,550.0,monthly
68,synthetic_user_68@example.com,0,Salud,35.83,expense,2026-04-20,550.0,monthly
68,synthetic_user_68@example.com,0,Alimentacion,27.23,expense,2026-04-27,550.0,monthly
68,synthetic_user_68@example.com,0,Educacion,23.77,expense,2026-04-27,550.0,monthly
68,synthetic_user_68@example.com,0,Vivienda,21.72,expense,2026-04-08,550.0,monthly
68,synthetic_user_68@example.com,0,Ingreso adicional,18.15,expense,2026-04-14,550.0,monthly
68,synthetic_user_68@example.com,0,Vivienda,29.97,expense,2026-04-07,550.0,monthly
68,synthetic_user_68@example.com,0,Otro,12.33,expense,2026-04-06,550.0,monthly
68,synthetic_user_68@example.com,0,Transporte,18.07,expense,2026-04-18,550.0,monthly
68,synthetic_user_68@example.com,0,Ingreso adicional,24.08,expense,2026-04-12,550.0,monthly
68,synthetic_user_68@example.com,0,Ingreso adicional,12.2,expense,2026-04-03,550.0,monthly
69,synthetic_user_69@example.com,0,Ingreso Base,1479.89,income,2025-11-08,1829.16,monthly
69,synthetic_user_69@example.com,0,Inversion,86.43,investment,2025-11-12,1829.16,monthly
69,synthetic_user_69@example.com,0,Ingreso adicional,108.83,expense,2025-11-20,1829.16,monthly
69,synthetic_user_69@example.com,0,Alimentacion,96.02,expense,2025-11-03,1829.16,monthly
69,synthetic_user_69@example.com,0,Ingreso adicional,84.15,expense,2025-11-05,1829.16,monthly
69,synthetic_user_69@example.com,0,rappi,34.82,expense,2025-11-24,1829.16,monthly
69,synthetic_user_69@example.com,0,Ingresos,57.83,expense,2025-11-02,1829.16,monthly
69,synthetic_user_69@example.com,0,Vivienda,128.07,expense,2025-11-14,1829.16,monthly
69,synthetic_user_69@example.com,0,Ingresos,54.83,expense,2025-11-14,1829.16,monthly
69,synthetic_user_69@example.com,0,Alimentacion,37.96,expense,2025-11-09,1829.16,monthly
69,synthetic_user_69@example.com,0,Ingresos,101.27,expense,2025-11-03,1829.16,monthly
69,synthetic_user_69@example.com,0,Vivienda,95.31,expense,2025-11-01,1829.16,monthly
69,synthetic_user_69@example.com,0,Ingresos,77.93,expense,2025-11-04,1829.16,monthly
69,synthetic_user_69@example.com,0,Educacion,86.27,expense,2025-11-13,1829.16,monthly
69,synthetic_user_69@example.com,0,Alimentacion,60.17,expense,2025-11-16,1829.16,monthly
69,synthetic_user_69@example.com,0,Servicios,22.69,expense,2025-11-26,1829.16,monthly
69,synthetic_user_69@example.com,0,Gastos generales,103.32,expense,2025-11-12,1829.16,monthly
69,synthetic_user_69@example.com,0,Ingreso Base,1971.66,income,2025-12-08,1829.16,monthly
69,synthetic_user_69@example.com,0,Inversion,87.8,investment,2025-12-31,1829.16,monthly
69,synthetic_user_69@example.com,0,Vivienda,125.0,expense,2025-12-25,1829.16,monthly
69,synthetic_user_69@example.com,0,Ingresos,59.62,expense,2025-12-04,1829.16,monthly
69,synthetic_user_69@example.com,0,Suscripciones,164.81,expense,2025-12-15,1829.16,monthly
69,synthetic_user_69@example.com,0,rappi,131.63,expense,2025-12-20,1829.16,monthly
69,synthetic_user_69@example.com,0,Otro,245.01,expense,2025-12-01,1829.16,monthly
69,synthetic_user_69@example.com,0,Salud,225.44,expense,2025-12-21,1829.16,monthly
69,synthetic_user_69@example.com,0,Vivienda,222.26,expense,2025-12-01,1829.16,monthly
69,synthetic_user_69@example.com,0,Ocio,285.2,expense,2025-12-03,1829.16,monthly
69,synthetic_user_69@example.com,0,Ingreso Base,1884.18,income,2026-01-07,1829.16,monthly
69,synthetic_user_69@example.com,0,Inversion,60.69,investment,2026-01-29,1829.16,monthly
69,synthetic_user_69@example.com,0,Ingreso adicional,75.35,expense,2026-01-26,1829.16,monthly
69,synthetic_user_69@example.com,0,Ingresos,149.98,expense,2026-01-20,1829.16,monthly
69,synthetic_user_69@example.com,0,Otro,116.07,expense,2026-01-06,1829.16,monthly
69,synthetic_user_69@example.com,0,Ingreso adicional,153.47,expense,2026-01-04,1829.16,monthly
69,synthetic_user_69@example.com,0,Salud,208.93,expense,2026-01-06,1829.16,monthly
69,synthetic_user_69@example.com,0,Gastos generales,60.29,expense,2026-01-26,1829.16,monthly
69,synthetic_user_69@example.com,0,Alimentacion,102.32,expense,2026-01-27,1829.16,monthly
69,synthetic_user_69@example.com,0,Ocio,149.33,expense,2026-01-27,1829.16,monthly
69,synthetic_user_69@example.com,0,Gastos generales,121.99,expense,2026-01-14,1829.16,monthly
69,synthetic_user_69@example.com,0,Salud,95.3,expense,2026-01-15,1829.16,monthly
69,synthetic_user_69@example.com,0,Ingreso adicional,132.98,expense,2026-01-06,1829.16,monthly
69,synthetic_user_69@example.com,0,Ingreso adicional,153.59,expense,2026-01-08,1829.16,monthly
69,synthetic_user_69@example.com,0,Suscripciones,108.63,expense,2026-01-18,1829.16,monthly
69,synthetic_user_69@example.com,0,Ingreso Base,2033.04,income,2026-02-06,1829.16,monthly
69,synthetic_user_69@example.com,0,Inversion,91.06,investment,2026-02-28,1829.16,monthly
69,synthetic_user_69@example.com,0,Compras,169.72,expense,2026-02-24,1829.16,monthly
69,synthetic_user_69@example.com,0,Ingresos,133.02,expense,2026-02-08,1829.16,monthly
69,synthetic_user_69@example.com,0,Alimentacion,168.9,expense,2026-02-14,1829.16,monthly
69,synthetic_user_69@example.com,0,Ocio,192.59,expense,2026-02-08,1829.16,monthly
69,synthetic_user_69@example.com,0,Alimentacion,262.78,expense,2026-02-22,1829.16,monthly
69,synthetic_user_69@example.com,0,Suscripciones,171.41,expense,2026-02-15,1829.16,monthly
69,synthetic_user_69@example.com,0,Otro,124.74,expense,2026-02-11,1829.16,monthly
69,synthetic_user_69@example.com,0,Alimentacion,195.83,expense,2026-02-06,1829.16,monthly
69,synthetic_user_69@example.com,0,Gastos generales,195.6,expense,2026-02-01,1829.16,monthly
69,synthetic_user_69@example.com,0,Compras,152.08,expense,2026-02-01,1829.16,monthly
69,synthetic_user_69@example.com,0,Ingreso Base,2054.74,income,2026-03-08,1829.16,monthly
69,synthetic_user_69@example.com,0,Inversion,100.58,investment,2026-03-31,1829.16,monthly
69,synthetic_user_69@example.com,0,Ocio,72.51,expense,2026-03-17,1829.16,monthly
69,synthetic_user_69@example.com,0,Otro,129.8,expense,2026-03-20,1829.16,monthly
69,synthetic_user_69@example.com,0,Ingresos,74.9,expense,2026-03-26,1829.16,monthly
69,synthetic_user_69@example.com,0,Ocio,81.94,expense,2026-03-25,1829.16,monthly
69,synthetic_user_69@example.com,0,Ingreso adicional,95.47,expense,2026-03-01,1829.16,monthly
69,synthetic_user_69@example.com,0,Ingresos,127.33,expense,2026-03-02,1829.16,monthly
69,synthetic_user_69@example.com,0,Compras,155.52,expense,2026-03-09,1829.16,monthly
69,synthetic_user_69@example.com,0,Servicios,131.79,expense,2026-03-15,1829.16,monthly
69,synthetic_user_69@example.com,0,Gastos generales,76.04,expense,2026-03-16,1829.16,monthly
69,synthetic_user_69@example.com,0,Gastos generales,151.45,expense,2026-03-25,1829.16,monthly
69,synthetic_user_69@example.com,0,Ingreso adicional,183.16,expense,2026-03-06,1829.16,monthly
69,synthetic_user_69@example.com,0,Ingresos,174.69,expense,2026-03-23,1829.16,monthly
69,synthetic_user_69@example.com,0,Vivienda,114.19,expense,2026-03-02,1829.16,monthly
69,synthetic_user_69@example.com,0,Vivienda,43.79,expense,2026-03-17,1829.16,monthly
69,synthetic_user_69@example.com,0,Otro,82.27,expense,2026-03-27,1829.16,monthly
69,synthetic_user_69@example.com,0,rappi,111.02,expense,2026-03-20,1829.16,monthly
69,synthetic_user_69@example.com,0,Ingreso Base,1978.26,income,2026-04-07,1829.16,monthly
69,synthetic_user_69@example.com,0,Inversion,86.52,investment,2026-04-10,1829.16,monthly
69,synthetic_user_69@example.com,0,Alimentacion,114.96,expense,2026-04-12,1829.16,monthly
69,synthetic_user_69@example.com,0,Ocio,159.39,expense,2026-04-02,1829.16,monthly
69,synthetic_user_69@example.com,0,Suscripciones,171.23,expense,2026-04-21,1829.16,monthly
69,synthetic_user_69@example.com,0,Ingreso adicional,142.92,expense,2026-04-01,1829.16,monthly
69,synthetic_user_69@example.com,0,Ocio,113.08,expense,2026-04-10,1829.16,monthly
69,synthetic_user_69@example.com,0,Vivienda,112.38,expense,2026-04-16,1829.16,monthly
69,synthetic_user_69@example.com,0,Transporte,171.48,expense,2026-04-18,1829.16,monthly
69,synthetic_user_69@example.com,0,Vivienda,58.62,expense,2026-04-09,1829.16,monthly
69,synthetic_user_69@example.com,0,Ocio,183.47,expense,2026-04-13,1829.16,monthly
69,synthetic_user_69@example.com,0,Ingreso adicional,157.32,expense,2026-04-04,1829.16,monthly
69,synthetic_user_69@example.com,0,Vivienda,189.7,expense,2026-04-24,1829.16,monthly
69,synthetic_user_69@example.com,0,Ingreso adicional,91.99,expense,2026-04-19,1829.16,monthly
69,synthetic_user_69@example.com,0,Servicios,154.58,expense,2026-04-09,1829.16,monthly
70,synthetic_user_70@example.com,0,Ingreso Base,2361.99,income,2025-11-08,2254.6,monthly
70,synthetic_user_70@example.com,0,Inversion,335.73,investment,2025-11-23,2254.6,monthly
70,synthetic_user_70@example.com,0,Educacion,65.52,expense,2025-11-05,2254.6,monthly
70,synthetic_user_70@example.com,0,Gastos generales,117.67,expense,2025-11-10,2254.6,monthly
70,synthetic_user_70@example.com,0,Educacion,144.87,expense,2025-11-07,2254.6,monthly
70,synthetic_user_70@example.com,0,Suscripciones,120.39,expense,2025-11-12,2254.6,monthly
70,synthetic_user_70@example.com,0,Transporte,74.33,expense,2025-11-14,2254.6,monthly
70,synthetic_user_70@example.com,0,Suscripciones,181.05,expense,2025-11-02,2254.6,monthly
70,synthetic_user_70@example.com,0,Servicios,78.0,expense,2025-11-07,2254.6,monthly
70,synthetic_user_70@example.com,0,Transporte,150.95,expense,2025-11-17,2254.6,monthly
70,synthetic_user_70@example.com,0,Ocio,94.11,expense,2025-11-10,2254.6,monthly
70,synthetic_user_70@example.com,0,Transporte,142.07,expense,2025-11-20,2254.6,monthly
70,synthetic_user_70@example.com,0,Ingresos,78.93,expense,2025-11-03,2254.6,monthly
70,synthetic_user_70@example.com,0,Educacion,83.6,expense,2025-11-03,2254.6,monthly
70,synthetic_user_70@example.com,0,Transporte,93.49,expense,2025-11-17,2254.6,monthly
70,synthetic_user_70@example.com,0,Gastos generales,93.49,expense,2025-11-09,2254.6,monthly
70,synthetic_user_70@example.com,0,Ocio,142.78,expense,2025-11-14,2254.6,monthly
70,synthetic_user_70@example.com,0,Ingresos,115.62,expense,2025-11-23,2254.6,monthly
70,synthetic_user_70@example.com,0,Ingresos,91.98,expense,2025-11-26,2254.6,monthly
70,synthetic_user_70@example.com,0,Ingreso Base,2519.12,income,2025-12-08,2254.6,monthly
70,synthetic_user_70@example.com,0,Inversion,323.63,investment,2025-12-11,2254.6,monthly
70,synthetic_user_70@example.com,0,Transporte,179.35,expense,2025-12-27,2254.6,monthly
70,synthetic_user_70@example.com,0,Suscripciones,179.71,expense,2025-12-04,2254.6,monthly
70,synthetic_user_70@example.com,0,Transporte,102.51,expense,2025-12-03,2254.6,monthly
70,synthetic_user_70@example.com,0,Otro,128.73,expense,2025-12-21,2254.6,monthly
70,synthetic_user_70@example.com,0,Transporte,92.1,expense,2025-12-06,2254.6,monthly
70,synthetic_user_70@example.com,0,Transporte,86.58,expense,2025-12-17,2254.6,monthly
70,synthetic_user_70@example.com,0,Suscripciones,81.02,expense,2025-12-04,2254.6,monthly
70,synthetic_user_70@example.com,0,Vivienda,117.67,expense,2025-12-05,2254.6,monthly
70,synthetic_user_70@example.com,0,Vivienda,109.26,expense,2025-12-13,2254.6,monthly
70,synthetic_user_70@example.com,0,Alimentacion,113.09,expense,2025-12-04,2254.6,monthly
70,synthetic_user_70@example.com,0,Ingreso adicional,116.54,expense,2025-12-06,2254.6,monthly
70,synthetic_user_70@example.com,0,Alimentacion,95.27,expense,2025-12-18,2254.6,monthly
70,synthetic_user_70@example.com,0,Ingreso adicional,34.21,expense,2025-12-02,2254.6,monthly
70,synthetic_user_70@example.com,0,Vivienda,122.72,expense,2025-12-17,2254.6,monthly
70,synthetic_user_70@example.com,0,Ocio,160.35,expense,2025-12-04,2254.6,monthly
70,synthetic_user_70@example.com,0,Educacion,98.07,expense,2025-12-05,2254.6,monthly
70,synthetic_user_70@example.com,0,Educacion,107.91,expense,2025-12-23,2254.6,monthly
70,synthetic_user_70@example.com,0,Ingreso Base,2222.42,income,2026-01-07,2254.6,monthly
70,synthetic_user_70@example.com,0,Inversion,332.97,investment,2026-01-28,2254.6,monthly
70,synthetic_user_70@example.com,0,Transporte,212.33,expense,2026-01-12,2254.6,monthly
70,synthetic_user_70@example.com,0,Servicios,187.69,expense,2026-01-12,2254.6,monthly
70,synthetic_user_70@example.com,0,rappi,240.08,expense,2026-01-05,2254.6,monthly
70,synthetic_user_70@example.com,0,Alimentacion,245.98,expense,2026-01-03,2254.6,monthly
70,synthetic_user_70@example.com,0,Compras,223.19,expense,2026-01-04,2254.6,monthly
70,synthetic_user_70@example.com,0,Transporte,211.6,expense,2026-01-21,2254.6,monthly
70,synthetic_user_70@example.com,0,Vivienda,210.14,expense,2026-01-25,2254.6,monthly
70,synthetic_user_70@example.com,0,Otro,156.63,expense,2026-01-19,2254.6,monthly
70,synthetic_user_70@example.com,0,Educacion,61.97,expense,2026-01-13,2254.6,monthly
70,synthetic_user_70@example.com,0,Transporte,82.78,expense,2026-01-25,2254.6,monthly
70,synthetic_user_70@example.com,0,Ingreso Base,2275.61,income,2026-02-06,2254.6,monthly
70,synthetic_user_70@example.com,0,Inversion,269.54,investment,2026-02-10,2254.6,monthly
70,synthetic_user_70@example.com,0,Compras,83.96,expense,2026-02-04,2254.6,monthly
70,synthetic_user_70@example.com,0,Gastos generales,89.63,expense,2026-02-10,2254.6,monthly
70,synthetic_user_70@example.com,0,Educacion,158.68,expense,2026-02-07,2254.6,monthly
70,synthetic_user_70@example.com,0,Ocio,143.95,expense,2026-02-15,2254.6,monthly
70,synthetic_user_70@example.com,0,Otro,163.11,expense,2026-02-07,2254.6,monthly
70,synthetic_user_70@example.com,0,Alimentacion,104.56,expense,2026-02-11,2254.6,monthly
70,synthetic_user_70@example.com,0,Compras,210.67,expense,2026-02-23,2254.6,monthly
70,synthetic_user_70@example.com,0,Compras,140.47,expense,2026-02-23,2254.6,monthly
70,synthetic_user_70@example.com,0,Otro,105.33,expense,2026-02-25,2254.6,monthly
70,synthetic_user_70@example.com,0,Educacion,100.01,expense,2026-02-15,2254.6,monthly
70,synthetic_user_70@example.com,0,Ingreso adicional,203.79,expense,2026-02-05,2254.6,monthly
70,synthetic_user_70@example.com,0,Transporte,112.28,expense,2026-02-10,2254.6,monthly
70,synthetic_user_70@example.com,0,Ingresos,223.56,expense,2026-02-26,2254.6,monthly
70,synthetic_user_70@example.com,0,Otro,125.05,expense,2026-02-01,2254.6,monthly
70,synthetic_user_70@example.com,0,Ingreso Base,2218.54,income,2026-03-08,2254.6,monthly
70,synthetic_user_70@example.com,0,Inversion,268.34,investment,2026-03-30,2254.6,monthly
70,synthetic_user_70@example.com,0,Transporte,96.27,expense,2026-03-14,2254.6,monthly
70,synthetic_user_70@example.com,0,Suscripciones,153.63,expense,2026-03-21,2254.6,monthly
70,synthetic_user_70@example.com,0,Alimentacion,192.75,expense,2026-03-20,2254.6,monthly
70,synthetic_user_70@example.com,0,Transporte,38.67,expense,2026-03-23,2254.6,monthly
70,synthetic_user_70@example.com,0,Vivienda,142.27,expense,2026-03-16,2254.6,monthly
70,synthetic_user_70@example.com,0,Alimentacion,211.86,expense,2026-03-14,2254.6,monthly
70,synthetic_user_70@example.com,0,Transporte,67.77,expense,2026-03-06,2254.6,monthly
70,synthetic_user_70@example.com,0,Transporte,175.01,expense,2026-03-05,2254.6,monthly
70,synthetic_user_70@example.com,0,Servicios,120.39,expense,2026-03-10,2254.6,monthly
70,synthetic_user_70@example.com,0,Ocio,105.45,expense,2026-03-12,2254.6,monthly
70,synthetic_user_70@example.com,0,Vivienda,122.32,expense,2026-03-14,2254.6,monthly
70,synthetic_user_70@example.com,0,Compras,64.98,expense,2026-03-14,2254.6,monthly
70,synthetic_user_70@example.com,0,Educacion,125.74,expense,2026-03-23,2254.6,monthly
70,synthetic_user_70@example.com,0,Ingreso Base,2281.41,income,2026-04-07,2254.6,monthly
70,synthetic_user_70@example.com,0,Inversion,285.39,investment,2026-04-17,2254.6,monthly
70,synthetic_user_70@example.com,0,Servicios,123.35,expense,2026-04-18,2254.6,monthly
70,synthetic_user_70@example.com,0,Servicios,150.77,expense,2026-04-17,2254.6,monthly
70,synthetic_user_70@example.com,0,Transporte,97.49,expense,2026-04-20,2254.6,monthly
70,synthetic_user_70@example.com,0,Gastos generales,127.57,expense,2026-04-08,2254.6,monthly
70,synthetic_user_70@example.com,0,rappi,187.0,expense,2026-04-21,2254.6,monthly
70,synthetic_user_70@example.com,0,Ingreso adicional,206.23,expense,2026-04-14,2254.6,monthly
70,synthetic_user_70@example.com,0,Suscripciones,203.19,expense,2026-04-17,2254.6,monthly
70,synthetic_user_70@example.com,0,Suscripciones,195.48,expense,2026-04-13,2254.6,monthly
70,synthetic_user_70@example.com,0,Transporte,122.79,expense,2026-04-02,2254.6,monthly
70,synthetic_user_70@example.com,0,Servicios,103.49,expense,2026-04-23,2254.6,monthly
70,synthetic_user_70@example.com,0,Transporte,174.19,expense,2026-04-12,2254.6,monthly
70,synthetic_user_70@example.com,0,Otro,98.92,expense,2026-04-20,2254.6,monthly
70,synthetic_user_70@example.com,0,rappi,128.85,expense,2026-04-08,2254.6,monthly
71,synthetic_user_71@example.com,0,Ingreso Base,1093.28,income,2025-11-08,1068.42,monthly
71,synthetic_user_71@example.com,0,Inversion,239.84,investment,2025-11-24,1068.42,monthly
71,synthetic_user_71@example.com,0,rappi,43.89,expense,2025-11-10,1068.42,monthly
71,synthetic_user_71@example.com,0,Educacion,37.33,expense,2025-11-14,1068.42,monthly
71,synthetic_user_71@example.com,0,Ingreso adicional,15.07,expense,2025-11-10,1068.42,monthly
71,synthetic_user_71@example.com,0,Alimentacion,44.38,expense,2025-11-02,1068.42,monthly
71,synthetic_user_71@example.com,0,rappi,50.84,expense,2025-11-14,1068.42,monthly
71,synthetic_user_71@example.com,0,Transporte,24.95,expense,2025-11-05,1068.42,monthly
71,synthetic_user_71@example.com,0,Compras,39.05,expense,2025-11-11,1068.42,monthly
71,synthetic_user_71@example.com,0,Compras,49.75,expense,2025-11-20,1068.42,monthly
71,synthetic_user_71@example.com,0,Compras,66.9,expense,2025-11-12,1068.42,monthly
71,synthetic_user_71@example.com,0,Ingresos,45.22,expense,2025-11-07,1068.42,monthly
71,synthetic_user_71@example.com,0,Servicios,10.73,expense,2025-11-16,1068.42,monthly
71,synthetic_user_71@example.com,0,Servicios,55.08,expense,2025-11-08,1068.42,monthly
71,synthetic_user_71@example.com,0,Servicios,30.31,expense,2025-11-25,1068.42,monthly
71,synthetic_user_71@example.com,0,Compras,65.6,expense,2025-11-12,1068.42,monthly
71,synthetic_user_71@example.com,0,Vivienda,33.05,expense,2025-11-11,1068.42,monthly
71,synthetic_user_71@example.com,0,Transporte,57.16,expense,2025-11-12,1068.42,monthly
71,synthetic_user_71@example.com,0,Servicios,41.22,expense,2025-11-02,1068.42,monthly
71,synthetic_user_71@example.com,0,Compras,38.92,expense,2025-11-06,1068.42,monthly
71,synthetic_user_71@example.com,0,Salud,55.53,expense,2025-11-26,1068.42,monthly
71,synthetic_user_71@example.com,0,Ingreso Base,1049.55,income,2025-12-08,1068.42,monthly
71,synthetic_user_71@example.com,0,Inversion,202.31,investment,2025-12-23,1068.42,monthly
71,synthetic_user_71@example.com,0,Ocio,12.56,expense,2025-12-11,1068.42,monthly
71,synthetic_user_71@example.com,0,rappi,38.39,expense,2025-12-05,1068.42,monthly
71,synthetic_user_71@example.com,0,Ingresos,25.41,expense,2025-12-19,1068.42,monthly
71,synthetic_user_71@example.com,0,Ingreso adicional,46.92,expense,2025-12-22,1068.42,monthly
71,synthetic_user_71@example.com,0,Ocio,59.55,expense,2025-12-17,1068.42,monthly
71,synthetic_user_71@example.com,0,Compras,77.01,expense,2025-12-23,1068.42,monthly
71,synthetic_user_71@example.com,0,Servicios,54.56,expense,2025-12-22,1068.42,monthly
71,synthetic_user_71@example.com,0,Compras,73.24,expense,2025-12-10,1068.42,monthly
71,synthetic_user_71@example.com,0,Educacion,64.03,expense,2025-12-04,1068.42,monthly
71,synthetic_user_71@example.com,0,Ingreso adicional,5.17,expense,2025-12-15,1068.42,monthly
71,synthetic_user_71@example.com,0,Ocio,46.55,expense,2025-12-07,1068.42,monthly
71,synthetic_user_71@example.com,0,Compras,38.32,expense,2025-12-11,1068.42,monthly
71,synthetic_user_71@example.com,0,Compras,45.21,expense,2025-12-02,1068.42,monthly
71,synthetic_user_71@example.com,0,Ingresos,40.93,expense,2025-12-17,1068.42,monthly
71,synthetic_user_71@example.com,0,Ocio,30.17,expense,2025-12-16,1068.42,monthly
71,synthetic_user_71@example.com,0,Alimentacion,40.72,expense,2025-12-20,1068.42,monthly
71,synthetic_user_71@example.com,0,Ingresos,50.09,expense,2025-12-27,1068.42,monthly
71,synthetic_user_71@example.com,0,Ingreso Base,1001.08,income,2026-01-07,1068.42,monthly
71,synthetic_user_71@example.com,0,Inversion,192.33,investment,2026-01-26,1068.42,monthly
71,synthetic_user_71@example.com,0,Alimentacion,62.47,expense,2026-01-03,1068.42,monthly
71,synthetic_user_71@example.com,0,Ocio,50.61,expense,2026-01-18,1068.42,monthly
71,synthetic_user_71@example.com,0,Servicios,23.17,expense,2026-01-07,1068.42,monthly
71,synthetic_user_71@example.com,0,Servicios,80.8,expense,2026-01-07,1068.42,monthly
71,synthetic_user_71@example.com,0,Alimentacion,21.55,expense,2026-01-18,1068.42,monthly
71,synthetic_user_71@example.com,0,Ingreso adicional,31.27,expense,2026-01-05,1068.42,monthly
71,synthetic_user_71@example.com,0,Compras,44.58,expense,2026-01-01,1068.42,monthly
71,synthetic_user_71@example.com,0,Compras,65.42,expense,2026-01-01,1068.42,monthly
71,synthetic_user_71@example.com,0,Compras,51.13,expense,2026-01-06,1068.42,monthly
71,synthetic_user_71@example.com,0,Otro,48.29,expense,2026-01-18,1068.42,monthly
71,synthetic_user_71@example.com,0,Compras,87.31,expense,2026-01-10,1068.42,monthly
71,synthetic_user_71@example.com,0,Alimentacion,58.17,expense,2026-01-17,1068.42,monthly
71,synthetic_user_71@example.com,0,Transporte,95.95,expense,2026-01-26,1068.42,monthly
71,synthetic_user_71@example.com,0,Ocio,48.15,expense,2026-01-25,1068.42,monthly
71,synthetic_user_71@example.com,0,Ingreso Base,1071.92,income,2026-02-06,1068.42,monthly
71,synthetic_user_71@example.com,0,Inversion,180.2,investment,2026-02-20,1068.42,monthly
71,synthetic_user_71@example.com,0,Ingresos,98.63,expense,2026-02-13,1068.42,monthly
71,synthetic_user_71@example.com,0,Ingresos,81.69,expense,2026-02-20,1068.42,monthly
71,synthetic_user_71@example.com,0,Educacion,66.46,expense,2026-02-04,1068.42,monthly
71,synthetic_user_71@example.com,0,Servicios,35.97,expense,2026-02-14,1068.42,monthly
71,synthetic_user_71@example.com,0,rappi,68.72,expense,2026-02-26,1068.42,monthly
71,synthetic_user_71@example.com,0,Suscripciones,70.42,expense,2026-02-23,1068.42,monthly
71,synthetic_user_71@example.com,0,Compras,92.86,expense,2026-02-14,1068.42,monthly
71,synthetic_user_71@example.com,0,Vivienda,89.01,expense,2026-02-23,1068.42,monthly
71,synthetic_user_71@example.com,0,Compras,88.06,expense,2026-02-01,1068.42,monthly
71,synthetic_user_71@example.com,0,Suscripciones,103.93,expense,2026-02-10,1068.42,monthly
71,synthetic_user_71@example.com,0,Ingreso Base,1217.51,income,2026-03-08,1068.42,monthly
71,synthetic_user_71@example.com,0,Inversion,210.76,investment,2026-03-27,1068.42,monthly
71,synthetic_user_71@example.com,0,Ocio,131.09,expense,2026-03-27,1068.42,monthly
71,synthetic_user_71@example.com,0,Compras,104.33,expense,2026-03-03,1068.42,monthly
71,synthetic_user_71@example.com,0,Salud,182.65,expense,2026-03-17,1068.42,monthly
71,synthetic_user_71@example.com,0,Otro,154.65,expense,2026-03-19,1068.42,monthly
71,synthetic_user_71@example.com,0,rappi,142.86,expense,2026-03-14,1068.42,monthly
71,synthetic_user_71@example.com,0,Educacion,137.07,expense,2026-03-02,1068.42,monthly
71,synthetic_user_71@example.com,0,Suscripciones,106.46,expense,2026-03-18,1068.42,monthly
71,synthetic_user_71@example.com,0,Educacion,65.96,expense,2026-03-01,1068.42,monthly
71,synthetic_user_71@example.com,0,Ingreso Base,1202.38,income,2026-04-07,1068.42,monthly
71,synthetic_user_71@example.com,0,Inversion,163.45,investment,2026-05-01,1068.42,monthly
71,synthetic_user_71@example.com,0,Compras,84.91,expense,2026-04-04,1068.42,monthly
71,synthetic_user_71@example.com,0,Suscripciones,89.21,expense,2026-04-07,1068.42,monthly
71,synthetic_user_71@example.com,0,Alimentacion,140.95,expense,2026-04-04,1068.42,monthly
71,synthetic_user_71@example.com,0,Compras,120.05,expense,2026-04-04,1068.42,monthly
71,synthetic_user_71@example.com,0,Compras,23.63,expense,2026-04-10,1068.42,monthly
71,synthetic_user_71@example.com,0,Ingreso adicional,61.79,expense,2026-04-21,1068.42,monthly
71,synthetic_user_71@example.com,0,Alimentacion,96.16,expense,2026-04-21,1068.42,monthly
71,synthetic_user_71@example.com,0,rappi,107.34,expense,2026-04-09,1068.42,monthly
71,synthetic_user_71@example.com,0,rappi,85.22,expense,2026-04-19,1068.42,monthly
71,synthetic_user_71@example.com,0,Compras,77.58,expense,2026-04-08,1068.42,monthly
71,synthetic_user_71@example.com,0,Educacion,62.1,expense,2026-04-26,1068.42,monthly
71,synthetic_user_71@example.com,0,Ocio,72.84,expense,2026-04-23,1068.42,monthly
72,synthetic_user_72@example.com,0,Ingreso Base,1726.04,income,2025-11-08,1879.13,monthly
72,synthetic_user_72@example.com,0,Inversion,225.35,investment,2025-12-01,1879.13,monthly
72,synthetic_user_72@example.com,0,Otro,81.84,expense,2025-11-10,1879.13,monthly
72,synthetic_user_72@example.com,0,rappi,89.13,expense,2025-11-07,1879.13,monthly
72,synthetic_user_72@example.com,0,Vivienda,84.27,expense,2025-11-03,1879.13,monthly
72,synthetic_user_72@example.com,0,Otro,102.74,expense,2025-11-02,1879.13,monthly
72,synthetic_user_72@example.com,0,Transporte,111.17,expense,2025-11-02,1879.13,monthly
72,synthetic_user_72@example.com,0,rappi,65.72,expense,2025-11-12,1879.13,monthly
72,synthetic_user_72@example.com,0,Suscripciones,71.66,expense,2025-11-18,1879.13,monthly
72,synthetic_user_72@example.com,0,Otro,108.93,expense,2025-11-26,1879.13,monthly
72,synthetic_user_72@example.com,0,Otro,85.34,expense,2025-11-19,1879.13,monthly
72,synthetic_user_72@example.com,0,Suscripciones,94.33,expense,2025-11-20,1879.13,monthly
72,synthetic_user_72@example.com,0,Ingresos,83.45,expense,2025-11-16,1879.13,monthly
72,synthetic_user_72@example.com,0,rappi,145.33,expense,2025-11-26,1879.13,monthly
72,synthetic_user_72@example.com,0,Compras,76.84,expense,2025-11-25,1879.13,monthly
72,synthetic_user_72@example.com,0,Suscripciones,78.14,expense,2025-11-11,1879.13,monthly
72,synthetic_user_72@example.com,0,Suscripciones,104.46,expense,2025-11-24,1879.13,monthly
72,synthetic_user_72@example.com,0,rappi,102.3,expense,2025-11-10,1879.13,monthly
72,synthetic_user_72@example.com,0,Otro,101.89,expense,2025-11-08,1879.13,monthly
72,synthetic_user_72@example.com,0,Ingreso Base,1981.51,income,2025-12-08,1879.13,monthly
72,synthetic_user_72@example.com,0,Inversion,201.71,investment,2025-12-15,1879.13,monthly
72,synthetic_user_72@example.com,0,Compras,136.5,expense,2025-12-24,1879.13,monthly
72,synthetic_user_72@example.com,0,rappi,86.63,expense,2025-12-08,1879.13,monthly
72,synthetic_user_72@example.com,0,Vivienda,123.67,expense,2025-12-07,1879.13,monthly
72,synthetic_user_72@example.com,0,Compras,117.66,expense,2025-12-03,1879.13,monthly
72,synthetic_user_72@example.com,0,Otro,43.76,expense,2025-12-27,1879.13,monthly
72,synthetic_user_72@example.com,0,Otro,87.34,expense,2025-12-01,1879.13,monthly
72,synthetic_user_72@example.com,0,Ingreso adicional,139.27,expense,2025-12-07,1879.13,monthly
72,synthetic_user_72@example.com,0,Compras,64.62,expense,2025-12-05,1879.13,monthly
72,synthetic_user_72@example.com,0,Educacion,139.89,expense,2025-12-18,1879.13,monthly
72,synthetic_user_72@example.com,0,Compras,103.9,expense,2025-12-26,1879.13,monthly
72,synthetic_user_72@example.com,0,Compras,128.93,expense,2025-12-14,1879.13,monthly
72,synthetic_user_72@example.com,0,Compras,129.42,expense,2025-12-12,1879.13,monthly
72,synthetic_user_72@example.com,0,rappi,108.47,expense,2025-12-20,1879.13,monthly
72,synthetic_user_72@example.com,0,rappi,77.09,expense,2025-12-17,1879.13,monthly
72,synthetic_user_72@example.com,0,rappi,89.93,expense,2025-12-08,1879.13,monthly
72,synthetic_user_72@example.com,0,Ingreso Base,1921.37,income,2026-01-07,1879.13,monthly
72,synthetic_user_72@example.com,0,Inversion,194.13,investment,2026-01-14,1879.13,monthly
72,synthetic_user_72@example.com,0,Ingreso adicional,83.97,expense,2026-01-11,1879.13,monthly
72,synthetic_user_72@example.com,0,Compras,78.91,expense,2026-01-04,1879.13,monthly
72,synthetic_user_72@example.com,0,Vivienda,42.48,expense,2026-01-12,1879.13,monthly
72,synthetic_user_72@example.com,0,Suscripciones,71.37,expense,2026-01-02,1879.13,monthly
72,synthetic_user_72@example.com,0,Compras,73.1,expense,2026-01-12,1879.13,monthly
72,synthetic_user_72@example.com,0,Vivienda,87.75,expense,2026-01-16,1879.13,monthly
72,synthetic_user_72@example.com,0,Ingresos,129.25,expense,2026-01-06,1879.13,monthly
72,synthetic_user_72@example.com,0,Compras,131.5,expense,2026-01-18,1879.13,monthly
72,synthetic_user_72@example.com,0,Ingreso adicional,50.4,expense,2026-01-23,1879.13,monthly
72,synthetic_user_72@example.com,0,Ingresos,122.98,expense,2026-01-03,1879.13,monthly
72,synthetic_user_72@example.com,0,Alimentacion,105.81,expense,2026-01-07,1879.13,monthly
72,synthetic_user_72@example.com,0,Vivienda,142.22,expense,2026-01-27,1879.13,monthly
72,synthetic_user_72@example.com,0,Ingresos,30.28,expense,2026-01-19,1879.13,monthly
72,synthetic_user_72@example.com,0,Compras,154.98,expense,2026-01-21,1879.13,monthly
72,synthetic_user_72@example.com,0,Compras,102.53,expense,2026-01-14,1879.13,monthly
72,synthetic_user_72@example.com,0,Educacion,96.9,expense,2026-01-03,1879.13,monthly
72,synthetic_user_72@example.com,0,Suscripciones,82.82,expense,2026-01-15,1879.13,monthly
72,synthetic_user_72@example.com,0,Ingreso Base,1990.66,income,2026-02-06,1879.13,monthly
72,synthetic_user_72@example.com,0,Inversion,221.64,investment,2026-02-24,1879.13,monthly
72,synthetic_user_72@example.com,0,Vivienda,89.53,expense,2026-02-06,1879.13,monthly
72,synthetic_user_72@example.com,0,Compras,61.4,expense,2026-02-27,1879.13,monthly
72,synthetic_user_72@example.com,0,Ingresos,43.27,expense,2026-02-05,1879.13,monthly
72,synthetic_user_72@example.com,0,Transporte,59.29,expense,2026-02-26,1879.13,monthly
72,synthetic_user_72@example.com,0,Ocio,61.59,expense,2026-02-26,1879.13,monthly
72,synthetic_user_72@example.com,0,Otro,51.0,expense,2026-02-23,1879.13,monthly
72,synthetic_user_72@example.com,0,Ingreso adicional,85.53,expense,2026-02-18,1879.13,monthly
72,synthetic_user_72@example.com,0,Compras,136.22,expense,2026-02-02,1879.13,monthly
72,synthetic_user_72@example.com,0,Ocio,63.03,expense,2026-02-06,1879.13,monthly
72,synthetic_user_72@example.com,0,rappi,102.14,expense,2026-02-20,1879.13,monthly
72,synthetic_user_72@example.com,0,Otro,111.38,expense,2026-02-14,1879.13,monthly
72,synthetic_user_72@example.com,0,Ingreso adicional,62.84,expense,2026-02-27,1879.13,monthly
72,synthetic_user_72@example.com,0,Gastos generales,126.21,expense,2026-02-27,1879.13,monthly
72,synthetic_user_72@example.com,0,Otro,61.63,expense,2026-02-20,1879.13,monthly
72,synthetic_user_72@example.com,0,Ingreso adicional,78.99,expense,2026-02-17,1879.13,monthly
72,synthetic_user_72@example.com,0,rappi,81.16,expense,2026-02-26,1879.13,monthly
72,synthetic_user_72@example.com,0,Alimentacion,97.14,expense,2026-02-21,1879.13,monthly
72,synthetic_user_72@example.com,0,Otro,55.99,expense,2026-02-13,1879.13,monthly
72,synthetic_user_72@example.com,0,Compras,89.1,expense,2026-02-26,1879.13,monthly
72,synthetic_user_72@example.com,0,Ingreso Base,1952.33,income,2026-03-08,1879.13,monthly
72,synthetic_user_72@example.com,0,Inversion,188.53,investment,2026-03-22,1879.13,monthly
72,synthetic_user_72@example.com,0,Compras,142.66,expense,2026-03-04,1879.13,monthly
72,synthetic_user_72@example.com,0,Suscripciones,142.03,expense,2026-03-26,1879.13,monthly
72,synthetic_user_72@example.com,0,Vivienda,69.64,expense,2026-03-26,1879.13,monthly
72,synthetic_user_72@example.com,0,Compras,102.22,expense,2026-03-04,1879.13,monthly
72,synthetic_user_72@example.com,0,Alimentacion,82.48,expense,2026-03-12,1879.13,monthly
72,synthetic_user_72@example.com,0,Otro,64.88,expense,2026-03-13,1879.13,monthly
72,synthetic_user_72@example.com,0,Ocio,98.38,expense,2026-03-23,1879.13,monthly
72,synthetic_user_72@example.com,0,Vivienda,107.45,expense,2026-03-25,1879.13,monthly
72,synthetic_user_72@example.com,0,Otro,140.52,expense,2026-03-10,1879.13,monthly
72,synthetic_user_72@example.com,0,Alimentacion,123.71,expense,2026-03-02,1879.13,monthly
72,synthetic_user_72@example.com,0,Ingreso adicional,100.63,expense,2026-03-05,1879.13,monthly
72,synthetic_user_72@example.com,0,Salud,116.36,expense,2026-03-04,1879.13,monthly
72,synthetic_user_72@example.com,0,Ingresos,135.11,expense,2026-03-24,1879.13,monthly
72,synthetic_user_72@example.com,0,Ingreso Base,1889.29,income,2026-04-07,1879.13,monthly
72,synthetic_user_72@example.com,0,Inversion,240.18,investment,2026-05-01,1879.13,monthly
72,synthetic_user_72@example.com,0,Ingreso adicional,93.78,expense,2026-04-16,1879.13,monthly
72,synthetic_user_72@example.com,0,Compras,108.8,expense,2026-04-25,1879.13,monthly
72,synthetic_user_72@example.com,0,Alimentacion,21.76,expense,2026-04-27,1879.13,monthly
72,synthetic_user_72@example.com,0,Ingreso adicional,75.03,expense,2026-04-01,1879.13,monthly
72,synthetic_user_72@example.com,0,Compras,102.84,expense,2026-04-19,1879.13,monthly
72,synthetic_user_72@example.com,0,Ingresos,20.48,expense,2026-04-21,1879.13,monthly
72,synthetic_user_72@example.com,0,Ingresos,83.31,expense,2026-04-24,1879.13,monthly
72,synthetic_user_72@example.com,0,Alimentacion,117.66,expense,2026-04-10,1879.13,monthly
72,synthetic_user_72@example.com,0,Alimentacion,36.97,expense,2026-04-23,1879.13,monthly
72,synthetic_user_72@example.com,0,Servicios,84.56,expense,2026-04-13,1879.13,monthly
72,synthetic_user_72@example.com,0,Ingreso adicional,67.68,expense,2026-04-20,1879.13,monthly
72,synthetic_user_72@example.com,0,Ocio,95.91,expense,2026-04-25,1879.13,monthly
72,synthetic_user_72@example.com,0,Servicios,68.54,expense,2026-04-19,1879.13,monthly
72,synthetic_user_72@example.com,0,Otro,70.62,expense,2026-04-06,1879.13,monthly
72,synthetic_user_72@example.com,0,Compras,72.09,expense,2026-04-26,1879.13,monthly
72,synthetic_user_72@example.com,0,Ingreso adicional,106.32,expense,2026-04-09,1879.13,monthly
73,synthetic_user_73@example.com,0,Ingreso Base,1637.12,income,2025-11-08,1672.39,monthly
73,synthetic_user_73@example.com,0,Inversion,287.1,investment,2025-11-21,1672.39,monthly
73,synthetic_user_73@example.com,0,Otro,64.33,expense,2025-11-16,1672.39,monthly
73,synthetic_user_73@example.com,0,Compras,105.9,expense,2025-11-10,1672.39,monthly
73,synthetic_user_73@example.com,0,Ocio,67.8,expense,2025-11-07,1672.39,monthly
73,synthetic_user_73@example.com,0,Salud,102.29,expense,2025-11-06,1672.39,monthly
73,synthetic_user_73@example.com,0,Ocio,24.09,expense,2025-11-06,1672.39,monthly
73,synthetic_user_73@example.com,0,Salud,23.95,expense,2025-11-08,1672.39,monthly
73,synthetic_user_73@example.com,0,Servicios,80.89,expense,2025-11-05,1672.39,monthly
73,synthetic_user_73@example.com,0,Transporte,86.38,expense,2025-11-17,1672.39,monthly
73,synthetic_user_73@example.com,0,Ocio,81.22,expense,2025-11-05,1672.39,monthly
73,synthetic_user_73@example.com,0,Servicios,70.88,expense,2025-11-27,1672.39,monthly
73,synthetic_user_73@example.com,0,Ingresos,54.82,expense,2025-11-10,1672.39,monthly
73,synthetic_user_73@example.com,0,Salud,22.17,expense,2025-11-23,1672.39,monthly
73,synthetic_user_73@example.com,0,Ocio,80.26,expense,2025-11-07,1672.39,monthly
73,synthetic_user_73@example.com,0,Servicios,105.06,expense,2025-11-16,1672.39,monthly
73,synthetic_user_73@example.com,0,Alimentacion,58.14,expense,2025-11-01,1672.39,monthly
73,synthetic_user_73@example.com,0,Otro,67.19,expense,2025-11-10,1672.39,monthly
73,synthetic_user_73@example.com,0,Salud,98.21,expense,2025-11-04,1672.39,monthly
73,synthetic_user_73@example.com,0,Compras,43.04,expense,2025-11-19,1672.39,monthly
73,synthetic_user_73@example.com,0,Salud,39.14,expense,2025-11-25,1672.39,monthly
73,synthetic_user_73@example.com,0,Ingreso Base,1724.28,income,2025-12-08,1672.39,monthly
73,synthetic_user_73@example.com,0,Inversion,214.42,investment,2025-12-15,1672.39,monthly
73,synthetic_user_73@example.com,0,Ocio,140.09,expense,2025-12-08,1672.39,monthly
73,synthetic_user_73@example.com,0,Transporte,101.48,expense,2025-12-02,1672.39,monthly
73,synthetic_user_73@example.com,0,Ocio,106.38,expense,2025-12-11,1672.39,monthly
73,synthetic_user_73@example.com,0,Salud,113.62,expense,2025-12-12,1672.39,monthly
73,synthetic_user_73@example.com,0,Gastos generales,31.19,expense,2025-12-01,1672.39,monthly
73,synthetic_user_73@example.com,0,Transporte,39.74,expense,2025-12-10,1672.39,monthly
73,synthetic_user_73@example.com,0,Educacion,108.09,expense,2025-12-17,1672.39,monthly
73,synthetic_user_73@example.com,0,Educacion,78.34,expense,2025-12-06,1672.39,monthly
73,synthetic_user_73@example.com,0,Otro,103.57,expense,2025-12-11,1672.39,monthly
73,synthetic_user_73@example.com,0,Alimentacion,125.36,expense,2025-12-05,1672.39,monthly
73,synthetic_user_73@example.com,0,Transporte,113.26,expense,2025-12-19,1672.39,monthly
73,synthetic_user_73@example.com,0,Salud,80.94,expense,2025-12-10,1672.39,monthly
73,synthetic_user_73@example.com,0,Ocio,60.98,expense,2025-12-15,1672.39,monthly
73,synthetic_user_73@example.com,0,Otro,96.91,expense,2025-12-18,1672.39,monthly
73,synthetic_user_73@example.com,0,Alimentacion,100.61,expense,2025-12-04,1672.39,monthly
73,synthetic_user_73@example.com,0,Educacion,52.33,expense,2025-12-14,1672.39,monthly
73,synthetic_user_73@example.com,0,Ingreso Base,1568.69,income,2026-01-07,1672.39,monthly
73,synthetic_user_73@example.com,0,Inversion,178.3,investment,2026-01-15,1672.39,monthly
73,synthetic_user_73@example.com,0,Suscripciones,153.45,expense,2026-01-22,1672.39,monthly
73,synthetic_user_73@example.com,0,Vivienda,111.36,expense,2026-01-08,1672.39,monthly
73,synthetic_user_73@example.com,0,Servicios,108.71,expense,2026-01-25,1672.39,monthly
73,synthetic_user_73@example.com,0,Salud,54.65,expense,2026-01-11,1672.39,monthly
73,synthetic_user_73@example.com,0,Salud,35.12,expense,2026-01-25,1672.39,monthly
73,synthetic_user_73@example.com,0,Salud,148.66,expense,2026-01-26,1672.39,monthly
73,synthetic_user_73@example.com,0,Transporte,155.45,expense,2026-01-02,1672.39,monthly
73,synthetic_user_73@example.com,0,Salud,73.55,expense,2026-01-24,1672.39,monthly
73,synthetic_user_73@example.com,0,Educacion,99.43,expense,2026-01-03,1672.39,monthly
73,synthetic_user_73@example.com,0,Educacion,78.62,expense,2026-01-04,1672.39,monthly
73,synthetic_user_73@example.com,0,Gastos generales,89.09,expense,2026-01-01,1672.39,monthly
73,synthetic_user_73@example.com,0,Servicios,113.02,expense,2026-01-10,1672.39,monthly
73,synthetic_user_73@example.com,0,Alimentacion,100.65,expense,2026-01-22,1672.39,monthly
73,synthetic_user_73@example.com,0,Gastos generales,70.34,expense,2026-01-10,1672.39,monthly
73,synthetic_user_73@example.com,0,Ingreso Base,1622.6,income,2026-02-06,1672.39,monthly
73,synthetic_user_73@example.com,0,Inversion,273.54,investment,2026-02-17,1672.39,monthly
73,synthetic_user_73@example.com,0,Otro,86.56,expense,2026-02-26,1672.39,monthly
73,synthetic_user_73@example.com,0,Salud,85.18,expense,2026-02-01,1672.39,monthly
73,synthetic_user_73@example.com,0,Salud,105.08,expense,2026-02-16,1672.39,monthly
73,synthetic_user_73@example.com,0,Ingresos,41.69,expense,2026-02-08,1672.39,monthly
73,synthetic_user_73@example.com,0,Otro,120.5,expense,2026-02-06,1672.39,monthly
73,synthetic_user_73@example.com,0,Transporte,58.32,expense,2026-02-03,1672.39,monthly
73,synthetic_user_73@example.com,0,Alimentacion,58.99,expense,2026-02-06,1672.39,monthly
73,synthetic_user_73@example.com,0,Suscripciones,109.79,expense,2026-02-06,1672.39,monthly
73,synthetic_user_73@example.com,0,Alimentacion,99.37,expense,2026-02-14,1672.39,monthly
73,synthetic_user_73@example.com,0,Servicios,78.21,expense,2026-02-15,1672.39,monthly
73,synthetic_user_73@example.com,0,Educacion,31.37,expense,2026-02-26,1672.39,monthly
73,synthetic_user_73@example.com,0,Otro,98.95,expense,2026-02-27,1672.39,monthly
73,synthetic_user_73@example.com,0,Servicios,64.92,expense,2026-02-21,1672.39,monthly
73,synthetic_user_73@example.com,0,Salud,89.01,expense,2026-02-16,1672.39,monthly
73,synthetic_user_73@example.com,0,Servicios,48.23,expense,2026-02-11,1672.39,monthly
73,synthetic_user_73@example.com,0,Ocio,59.26,expense,2026-02-24,1672.39,monthly
73,synthetic_user_73@example.com,0,Ingreso Base,1900.91,income,2026-03-08,1672.39,monthly
73,synthetic_user_73@example.com,0,Inversion,188.91,investment,2026-03-16,1672.39,monthly
73,synthetic_user_73@example.com,0,Salud,122.61,expense,2026-03-12,1672.39,monthly
73,synthetic_user_73@example.com,0,Ingresos,123.3,expense,2026-03-07,1672.39,monthly
73,synthetic_user_73@example.com,0,Vivienda,129.98,expense,2026-03-18,1672.39,monthly
73,synthetic_user_73@example.com,0,Salud,145.95,expense,2026-03-06,1672.39,monthly
73,synthetic_user_73@example.com,0,Educacion,71.49,expense,2026-03-04,1672.39,monthly
73,synthetic_user_73@example.com,0,Salud,177.48,expense,2026-03-27,1672.39,monthly
73,synthetic_user_73@example.com,0,Servicios,57.81,expense,2026-03-22,1672.39,monthly
73,synthetic_user_73@example.com,0,Transporte,147.91,expense,2026-03-02,1672.39,monthly
73,synthetic_user_73@example.com,0,Servicios,111.59,expense,2026-03-05,1672.39,monthly
73,synthetic_user_73@example.com,0,Gastos generales,103.62,expense,2026-03-17,1672.39,monthly
73,synthetic_user_73@example.com,0,Ocio,183.29,expense,2026-03-09,1672.39,monthly
73,synthetic_user_73@example.com,0,Ocio,99.91,expense,2026-03-08,1672.39,monthly
73,synthetic_user_73@example.com,0,Salud,144.92,expense,2026-03-15,1672.39,monthly
73,synthetic_user_73@example.com,0,Ingreso Base,1418.32,income,2026-04-07,1672.39,monthly
73,synthetic_user_73@example.com,0,Inversion,119.63,investment,2026-04-27,1672.39,monthly
73,synthetic_user_73@example.com,0,Ocio,74.28,expense,2026-04-08,1672.39,monthly
73,synthetic_user_73@example.com,0,Salud,112.69,expense,2026-04-09,1672.39,monthly
73,synthetic_user_73@example.com,0,Salud,77.26,expense,2026-04-03,1672.39,monthly
73,synthetic_user_73@example.com,0,Vivienda,72.89,expense,2026-04-27,1672.39,monthly
73,synthetic_user_73@example.com,0,Ocio,91.34,expense,2026-04-01,1672.39,monthly
73,synthetic_user_73@example.com,0,Ocio,85.93,expense,2026-04-27,1672.39,monthly
73,synthetic_user_73@example.com,0,Salud,107.02,expense,2026-04-04,1672.39,monthly
73,synthetic_user_73@example.com,0,Transporte,93.3,expense,2026-04-25,1672.39,monthly
73,synthetic_user_73@example.com,0,Salud,79.12,expense,2026-04-09,1672.39,monthly
73,synthetic_user_73@example.com,0,Educacion,84.89,expense,2026-04-08,1672.39,monthly
73,synthetic_user_73@example.com,0,Otro,94.3,expense,2026-04-05,1672.39,monthly
73,synthetic_user_73@example.com,0,Ingresos,94.05,expense,2026-04-03,1672.39,monthly
73,synthetic_user_73@example.com,0,Alimentacion,88.92,expense,2026-04-22,1672.39,monthly
73,synthetic_user_73@example.com,0,Ocio,115.31,expense,2026-04-22,1672.39,monthly
73,synthetic_user_73@example.com,0,Ocio,115.82,expense,2026-04-20,1672.39,monthly
74,synthetic_user_74@example.com,0,Ingreso Base,1992.58,income,2025-11-08,1912.44,monthly
74,synthetic_user_74@example.com,0,Inversion,199.83,investment,2025-11-27,1912.44,monthly
74,synthetic_user_74@example.com,0,Alimentacion,171.05,expense,2025-11-18,1912.44,monthly
74,synthetic_user_74@example.com,0,Servicios,224.46,expense,2025-11-11,1912.44,monthly
74,synthetic_user_74@example.com,0,Vivienda,233.01,expense,2025-11-21,1912.44,monthly
74,synthetic_user_74@example.com,0,Salud,188.39,expense,2025-11-05,1912.44,monthly
74,synthetic_user_74@example.com,0,Gastos generales,86.86,expense,2025-11-02,1912.44,monthly
74,synthetic_user_74@example.com,0,Gastos generales,109.77,expense,2025-11-09,1912.44,monthly
74,synthetic_user_74@example.com,0,Salud,25.84,expense,2025-11-09,1912.44,monthly
74,synthetic_user_74@example.com,0,Alimentacion,182.72,expense,2025-11-01,1912.44,monthly
74,synthetic_user_74@example.com,0,Servicios,170.76,expense,2025-11-05,1912.44,monthly
74,synthetic_user_74@example.com,0,Servicios,179.64,expense,2025-11-13,1912.44,monthly
74,synthetic_user_74@example.com,0,Transporte,138.17,expense,2025-11-08,1912.44,monthly
74,synthetic_user_74@example.com,0,Ingreso Base,2304.03,income,2025-12-08,1912.44,monthly
74,synthetic_user_74@example.com,0,Inversion,202.64,investment,2025-12-30,1912.44,monthly
74,synthetic_user_74@example.com,0,Suscripciones,70.13,expense,2025-12-18,1912.44,monthly
74,synthetic_user_74@example.com,0,Compras,135.83,expense,2025-12-26,1912.44,monthly
74,synthetic_user_74@example.com,0,Salud,98.03,expense,2025-12-05,1912.44,monthly
74,synthetic_user_74@example.com,0,Servicios,103.47,expense,2025-12-15,1912.44,monthly
74,synthetic_user_74@example.com,0,Compras,119.09,expense,2025-12-08,1912.44,monthly
74,synthetic_user_74@example.com,0,Transporte,63.15,expense,2025-12-22,1912.44,monthly
74,synthetic_user_74@example.com,0,Gastos generales,58.06,expense,2025-12-19,1912.44,monthly
74,synthetic_user_74@example.com,0,Servicios,94.61,expense,2025-12-11,1912.44,monthly
74,synthetic_user_74@example.com,0,Vivienda,80.91,expense,2025-12-16,1912.44,monthly
74,synthetic_user_74@example.com,0,Vivienda,132.46,expense,2025-12-22,1912.44,monthly
74,synthetic_user_74@example.com,0,Suscripciones,118.77,expense,2025-12-04,1912.44,monthly
74,synthetic_user_74@example.com,0,Ingresos,115.53,expense,2025-12-24,1912.44,monthly
74,synthetic_user_74@example.com,0,Ingresos,138.94,expense,2025-12-21,1912.44,monthly
74,synthetic_user_74@example.com,0,Transporte,87.57,expense,2025-12-27,1912.44,monthly
74,synthetic_user_74@example.com,0,Suscripciones,127.63,expense,2025-12-04,1912.44,monthly
74,synthetic_user_74@example.com,0,Servicios,40.28,expense,2025-12-17,1912.44,monthly
74,synthetic_user_74@example.com,0,Ingreso adicional,102.72,expense,2025-12-01,1912.44,monthly
74,synthetic_user_74@example.com,0,Ingreso Base,1989.06,income,2026-01-07,1912.44,monthly
74,synthetic_user_74@example.com,0,Inversion,235.94,investment,2026-01-14,1912.44,monthly
74,synthetic_user_74@example.com,0,Vivienda,140.73,expense,2026-01-23,1912.44,monthly
74,synthetic_user_74@example.com,0,Compras,118.28,expense,2026-01-07,1912.44,monthly
74,synthetic_user_74@example.com,0,Servicios,125.24,expense,2026-01-02,1912.44,monthly
74,synthetic_user_74@example.com,0,Compras,244.66,expense,2026-01-08,1912.44,monthly
74,synthetic_user_74@example.com,0,Suscripciones,90.08,expense,2026-01-15,1912.44,monthly
74,synthetic_user_74@example.com,0,Ocio,156.32,expense,2026-01-23,1912.44,monthly
74,synthetic_user_74@example.com,0,Compras,156.36,expense,2026-01-24,1912.44,monthly
74,synthetic_user_74@example.com,0,Otro,125.85,expense,2026-01-02,1912.44,monthly
74,synthetic_user_74@example.com,0,Compras,216.78,expense,2026-01-08,1912.44,monthly
74,synthetic_user_74@example.com,0,Gastos generales,143.01,expense,2026-01-24,1912.44,monthly
74,synthetic_user_74@example.com,0,Ingresos,154.66,expense,2026-01-05,1912.44,monthly
74,synthetic_user_74@example.com,0,Ingreso Base,2037.83,income,2026-02-06,1912.44,monthly
74,synthetic_user_74@example.com,0,Inversion,182.36,investment,2026-03-02,1912.44,monthly
74,synthetic_user_74@example.com,0,Compras,226.53,expense,2026-02-19,1912.44,monthly
74,synthetic_user_74@example.com,0,Alimentacion,102.86,expense,2026-02-07,1912.44,monthly
74,synthetic_user_74@example.com,0,Compras,136.21,expense,2026-02-27,1912.44,monthly
74,synthetic_user_74@example.com,0,Servicios,171.91,expense,2026-02-08,1912.44,monthly
74,synthetic_user_74@example.com,0,Educacion,255.19,expense,2026-02-16,1912.44,monthly
74,synthetic_user_74@example.com,0,Vivienda,179.17,expense,2026-02-22,1912.44,monthly
74,synthetic_user_74@example.com,0,Servicios,167.96,expense,2026-02-10,1912.44,monthly
74,synthetic_user_74@example.com,0,Suscripciones,245.28,expense,2026-02-16,1912.44,monthly
74,synthetic_user_74@example.com,0,Ingreso Base,1962.11,income,2026-03-08,1912.44,monthly
74,synthetic_user_74@example.com,0,Inversion,254.83,investment,2026-03-25,1912.44,monthly
74,synthetic_user_74@example.com,0,Compras,163.1,expense,2026-03-11,1912.44,monthly
74,synthetic_user_74@example.com,0,Ingresos,197.47,expense,2026-03-25,1912.44,monthly
74,synthetic_user_74@example.com,0,Salud,110.9,expense,2026-03-23,1912.44,monthly
74,synthetic_user_74@example.com,0,Compras,127.79,expense,2026-03-15,1912.44,monthly
74,synthetic_user_74@example.com,0,Compras,147.73,expense,2026-03-05,1912.44,monthly
74,synthetic_user_74@example.com,0,Transporte,156.56,expense,2026-03-05,1912.44,monthly
74,synthetic_user_74@example.com,0,Ingresos,142.58,expense,2026-03-21,1912.44,monthly
74,synthetic_user_74@example.com,0,Alimentacion,66.57,expense,2026-03-23,1912.44,monthly
74,synthetic_user_74@example.com,0,Suscripciones,62.18,expense,2026-03-12,1912.44,monthly
74,synthetic_user_74@example.com,0,Suscripciones,114.82,expense,2026-03-14,1912.44,monthly
74,synthetic_user_74@example.com,0,Alimentacion,124.76,expense,2026-03-24,1912.44,monthly
74,synthetic_user_74@example.com,0,Otro,117.74,expense,2026-03-25,1912.44,monthly
74,synthetic_user_74@example.com,0,Vivienda,63.23,expense,2026-03-05,1912.44,monthly
74,synthetic_user_74@example.com,0,Ingreso Base,2044.13,income,2026-04-07,1912.44,monthly
74,synthetic_user_74@example.com,0,Inversion,215.23,investment,2026-04-17,1912.44,monthly
74,synthetic_user_74@example.com,0,Salud,82.47,expense,2026-04-01,1912.44,monthly
74,synthetic_user_74@example.com,0,Salud,88.69,expense,2026-04-06,1912.44,monthly
74,synthetic_user_74@example.com,0,Servicios,45.18,expense,2026-04-12,1912.44,monthly
74,synthetic_user_74@example.com,0,Servicios,58.97,expense,2026-04-05,1912.44,monthly
74,synthetic_user_74@example.com,0,Otro,101.68,expense,2026-04-23,1912.44,monthly
74,synthetic_user_74@example.com,0,Alimentacion,104.33,expense,2026-04-09,1912.44,monthly
74,synthetic_user_74@example.com,0,Vivienda,110.68,expense,2026-04-14,1912.44,monthly
74,synthetic_user_74@example.com,0,Vivienda,101.63,expense,2026-04-15,1912.44,monthly
74,synthetic_user_74@example.com,0,Suscripciones,142.04,expense,2026-04-01,1912.44,monthly
74,synthetic_user_74@example.com,0,Salud,93.38,expense,2026-04-12,1912.44,monthly
74,synthetic_user_74@example.com,0,Ingreso adicional,162.27,expense,2026-04-06,1912.44,monthly
74,synthetic_user_74@example.com,0,Ingreso adicional,70.15,expense,2026-04-24,1912.44,monthly
74,synthetic_user_74@example.com,0,Vivienda,75.21,expense,2026-04-12,1912.44,monthly
74,synthetic_user_74@example.com,0,Compras,91.01,expense,2026-04-26,1912.44,monthly
75,synthetic_user_75@example.com,0,Ingreso Base,1392.21,income,2025-11-08,1404.0,monthly
75,synthetic_user_75@example.com,0,Inversion,97.8,investment,2025-11-14,1404.0,monthly
75,synthetic_user_75@example.com,0,Alimentacion,108.86,expense,2025-11-25,1404.0,monthly
75,synthetic_user_75@example.com,0,Otro,21.43,expense,2025-11-05,1404.0,monthly
75,synthetic_user_75@example.com,0,Ocio,71.66,expense,2025-11-03,1404.0,monthly
75,synthetic_user_75@example.com,0,Servicios,99.87,expense,2025-11-02,1404.0,monthly
75,synthetic_user_75@example.com,0,Educacion,163.06,expense,2025-11-23,1404.0,monthly
75,synthetic_user_75@example.com,0,Educacion,134.55,expense,2025-11-23,1404.0,monthly
75,synthetic_user_75@example.com,0,Suscripciones,81.41,expense,2025-11-11,1404.0,monthly
75,synthetic_user_75@example.com,0,Ingreso adicional,75.2,expense,2025-11-16,1404.0,monthly
75,synthetic_user_75@example.com,0,Educacion,62.14,expense,2025-11-22,1404.0,monthly
75,synthetic_user_75@example.com,0,Suscripciones,58.1,expense,2025-11-01,1404.0,monthly
75,synthetic_user_75@example.com,0,Gastos generales,89.05,expense,2025-11-14,1404.0,monthly
75,synthetic_user_75@example.com,0,Ingreso Base,1471.44,income,2025-12-08,1404.0,monthly
75,synthetic_user_75@example.com,0,Inversion,118.23,investment,2025-12-31,1404.0,monthly
75,synthetic_user_75@example.com,0,Transporte,68.88,expense,2025-12-11,1404.0,monthly
75,synthetic_user_75@example.com,0,Ingreso adicional,97.63,expense,2025-12-12,1404.0,monthly
75,synthetic_user_75@example.com,0,Otro,140.25,expense,2025-12-04,1404.0,monthly
75,synthetic_user_75@example.com,0,Salud,78.64,expense,2025-12-08,1404.0,monthly
75,synthetic_user_75@example.com,0,Suscripciones,108.65,expense,2025-12-05,1404.0,monthly
75,synthetic_user_75@example.com,0,Ocio,48.89,expense,2025-12-14,1404.0,monthly
75,synthetic_user_75@example.com,0,Transporte,113.93,expense,2025-12-08,1404.0,monthly
75,synthetic_user_75@example.com,0,Transporte,113.16,expense,2025-12-20,1404.0,monthly
75,synthetic_user_75@example.com,0,Ingreso adicional,93.16,expense,2025-12-06,1404.0,monthly
75,synthetic_user_75@example.com,0,Transporte,103.35,expense,2025-12-04,1404.0,monthly
75,synthetic_user_75@example.com,0,Alimentacion,101.01,expense,2025-12-23,1404.0,monthly
75,synthetic_user_75@example.com,0,Gastos generales,37.38,expense,2025-12-11,1404.0,monthly
75,synthetic_user_75@example.com,0,Educacion,46.93,expense,2025-12-09,1404.0,monthly
75,synthetic_user_75@example.com,0,Ingreso Base,1488.88,income,2026-01-07,1404.0,monthly
75,synthetic_user_75@example.com,0,Inversion,82.83,investment,2026-01-21,1404.0,monthly
75,synthetic_user_75@example.com,0,Educacion,191.41,expense,2026-01-14,1404.0,monthly
75,synthetic_user_75@example.com,0,Ocio,138.52,expense,2026-01-25,1404.0,monthly
75,synthetic_user_75@example.com,0,Servicios,103.22,expense,2026-01-16,1404.0,monthly
75,synthetic_user_75@example.com,0,Ocio,169.03,expense,2026-01-07,1404.0,monthly
75,synthetic_user_75@example.com,0,Ingresos,101.19,expense,2026-01-19,1404.0,monthly
75,synthetic_user_75@example.com,0,Ocio,151.91,expense,2026-01-10,1404.0,monthly
75,synthetic_user_75@example.com,0,Otro,127.81,expense,2026-01-04,1404.0,monthly
75,synthetic_user_75@example.com,0,Suscripciones,162.69,expense,2026-01-25,1404.0,monthly
75,synthetic_user_75@example.com,0,Ingreso Base,1324.19,income,2026-02-06,1404.0,monthly
75,synthetic_user_75@example.com,0,Inversion,80.35,investment,2026-03-02,1404.0,monthly
75,synthetic_user_75@example.com,0,Servicios,93.69,expense,2026-02-07,1404.0,monthly
75,synthetic_user_75@example.com,0,Servicios,35.67,expense,2026-02-20,1404.0,monthly
75,synthetic_user_75@example.com,0,Transporte,59.61,expense,2026-02-02,1404.0,monthly
75,synthetic_user_75@example.com,0,Educacion,87.4,expense,2026-02-22,1404.0,monthly
75,synthetic_user_75@example.com,0,rappi,44.09,expense,2026-02-10,1404.0,monthly
75,synthetic_user_75@example.com,0,Suscripciones,57.75,expense,2026-02-07,1404.0,monthly
75,synthetic_user_75@example.com,0,Suscripciones,67.1,expense,2026-02-10,1404.0,monthly
75,synthetic_user_75@example.com,0,Servicios,72.9,expense,2026-02-22,1404.0,monthly
75,synthetic_user_75@example.com,0,Otro,83.95,expense,2026-02-03,1404.0,monthly
75,synthetic_user_75@example.com,0,Transporte,79.73,expense,2026-02-19,1404.0,monthly
75,synthetic_user_75@example.com,0,Ocio,63.06,expense,2026-02-26,1404.0,monthly
75,synthetic_user_75@example.com,0,Servicios,92.43,expense,2026-02-03,1404.0,monthly
75,synthetic_user_75@example.com,0,Ocio,62.36,expense,2026-02-16,1404.0,monthly
75,synthetic_user_75@example.com,0,Ingresos,83.79,expense,2026-02-27,1404.0,monthly
75,synthetic_user_75@example.com,0,Ingreso adicional,64.26,expense,2026-02-04,1404.0,monthly
75,synthetic_user_75@example.com,0,rappi,66.99,expense,2026-02-22,1404.0,monthly
75,synthetic_user_75@example.com,0,Ingreso Base,1542.84,income,2026-03-08,1404.0,monthly
75,synthetic_user_75@example.com,0,Inversion,97.35,investment,2026-03-13,1404.0,monthly
75,synthetic_user_75@example.com,0,Ingresos,68.56,expense,2026-03-11,1404.0,monthly
75,synthetic_user_75@example.com,0,Transporte,129.77,expense,2026-03-11,1404.0,monthly
75,synthetic_user_75@example.com,0,Ingreso adicional,112.31,expense,2026-03-22,1404.0,monthly
75,synthetic_user_75@example.com,0,Otro,102.97,expense,2026-03-24,1404.0,monthly
75,synthetic_user_75@example.com,0,Ingresos,78.6,expense,2026-03-19,1404.0,monthly
75,synthetic_user_75@example.com,0,Gastos generales,80.33,expense,2026-03-13,1404.0,monthly
75,synthetic_user_75@example.com,0,Transporte,85.89,expense,2026-03-10,1404.0,monthly
75,synthetic_user_75@example.com,0,Suscripciones,85.7,expense,2026-03-16,1404.0,monthly
75,synthetic_user_75@example.com,0,Otro,116.06,expense,2026-03-14,1404.0,monthly
75,synthetic_user_75@example.com,0,Educacion,124.5,expense,2026-03-05,1404.0,monthly
75,synthetic_user_75@example.com,0,Ingreso Base,1293.79,income,2026-04-07,1404.0,monthly
75,synthetic_user_75@example.com,0,Inversion,86.22,investment,2026-04-13,1404.0,monthly
75,synthetic_user_75@example.com,0,Transporte,63.93,expense,2026-04-03,1404.0,monthly
75,synthetic_user_75@example.com,0,Transporte,70.92,expense,2026-04-16,1404.0,monthly
75,synthetic_user_75@example.com,0,Transporte,52.1,expense,2026-04-24,1404.0,monthly
75,synthetic_user_75@example.com,0,Servicios,40.69,expense,2026-04-13,1404.0,monthly
75,synthetic_user_75@example.com,0,Gastos generales,96.37,expense,2026-04-01,1404.0,monthly
75,synthetic_user_75@example.com,0,Salud,95.37,expense,2026-04-23,1404.0,monthly
75,synthetic_user_75@example.com,0,Educacion,81.16,expense,2026-04-10,1404.0,monthly
75,synthetic_user_75@example.com,0,Educacion,89.04,expense,2026-04-09,1404.0,monthly
75,synthetic_user_75@example.com,0,Ingresos,63.27,expense,2026-04-17,1404.0,monthly
75,synthetic_user_75@example.com,0,Ingreso adicional,116.15,expense,2026-04-19,1404.0,monthly
75,synthetic_user_75@example.com,0,Suscripciones,97.85,expense,2026-04-13,1404.0,monthly
75,synthetic_user_75@example.com,0,Gastos generales,32.29,expense,2026-04-18,1404.0,monthly
75,synthetic_user_75@example.com,0,Servicios,61.87,expense,2026-04-26,1404.0,monthly
76,synthetic_user_76@example.com,0,Ingreso Base,1432.15,income,2025-11-08,1429.23,monthly
76,synthetic_user_76@example.com,0,Inversion,113.54,investment,2025-11-18,1429.23,monthly
76,synthetic_user_76@example.com,0,Suscripciones,66.14,expense,2025-11-10,1429.23,monthly
76,synthetic_user_76@example.com,0,Compras,96.57,expense,2025-11-09,1429.23,monthly
76,synthetic_user_76@example.com,0,Transporte,57.81,expense,2025-11-12,1429.23,monthly
76,synthetic_user_76@example.com,0,Transporte,50.62,expense,2025-11-16,1429.23,monthly
76,synthetic_user_76@example.com,0,Educacion,110.26,expense,2025-11-21,1429.23,monthly
76,synthetic_user_76@example.com,0,Educacion,72.8,expense,2025-11-05,1429.23,monthly
76,synthetic_user_76@example.com,0,Gastos generales,88.18,expense,2025-11-17,1429.23,monthly
76,synthetic_user_76@example.com,0,Servicios,117.92,expense,2025-11-16,1429.23,monthly
76,synthetic_user_76@example.com,0,Vivienda,54.09,expense,2025-11-01,1429.23,monthly
76,synthetic_user_76@example.com,0,Servicios,118.21,expense,2025-11-22,1429.23,monthly
76,synthetic_user_76@example.com,0,Servicios,105.23,expense,2025-11-07,1429.23,monthly
76,synthetic_user_76@example.com,0,Suscripciones,89.26,expense,2025-11-15,1429.23,monthly
76,synthetic_user_76@example.com,0,Servicios,60.01,expense,2025-11-20,1429.23,monthly
76,synthetic_user_76@example.com,0,Ingreso adicional,35.82,expense,2025-11-26,1429.23,monthly
76,synthetic_user_76@example.com,0,Transporte,82.31,expense,2025-11-17,1429.23,monthly
76,synthetic_user_76@example.com,0,Ingreso Base,1573.38,income,2025-12-08,1429.23,monthly
76,synthetic_user_76@example.com,0,Inversion,128.79,investment,2025-12-20,1429.23,monthly
76,synthetic_user_76@example.com,0,Educacion,35.39,expense,2025-12-11,1429.23,monthly
76,synthetic_user_76@example.com,0,Compras,108.2,expense,2025-12-01,1429.23,monthly
76,synthetic_user_76@example.com,0,Servicios,20.78,expense,2025-12-23,1429.23,monthly
76,synthetic_user_76@example.com,0,Salud,86.81,expense,2025-12-24,1429.23,monthly
76,synthetic_user_76@example.com,0,Ingresos,95.98,expense,2025-12-12,1429.23,monthly
76,synthetic_user_76@example.com,0,Gastos generales,45.82,expense,2025-12-03,1429.23,monthly
76,synthetic_user_76@example.com,0,Servicios,110.61,expense,2025-12-05,1429.23,monthly
76,synthetic_user_76@example.com,0,Servicios,87.11,expense,2025-12-21,1429.23,monthly
76,synthetic_user_76@example.com,0,Gastos generales,48.51,expense,2025-12-08,1429.23,monthly
76,synthetic_user_76@example.com,0,Educacion,58.69,expense,2025-12-20,1429.23,monthly
76,synthetic_user_76@example.com,0,Alimentacion,52.19,expense,2025-12-02,1429.23,monthly
76,synthetic_user_76@example.com,0,Servicios,39.01,expense,2025-12-06,1429.23,monthly
76,synthetic_user_76@example.com,0,Alimentacion,126.65,expense,2025-12-06,1429.23,monthly
76,synthetic_user_76@example.com,0,Educacion,2.0,expense,2025-12-14,1429.23,monthly
76,synthetic_user_76@example.com,0,Alimentacion,55.47,expense,2025-12-03,1429.23,monthly
76,synthetic_user_76@example.com,0,Transporte,55.3,expense,2025-12-25,1429.23,monthly
76,synthetic_user_76@example.com,0,Vivienda,93.7,expense,2025-12-08,1429.23,monthly
76,synthetic_user_76@example.com,0,Otro,65.85,expense,2025-12-21,1429.23,monthly
76,synthetic_user_76@example.com,0,Ingresos,74.28,expense,2025-12-04,1429.23,monthly
76,synthetic_user_76@example.com,0,Ingreso Base,1455.53,income,2026-01-07,1429.23,monthly
76,synthetic_user_76@example.com,0,Inversion,90.06,investment,2026-01-22,1429.23,monthly
76,synthetic_user_76@example.com,0,Servicios,49.62,expense,2026-01-23,1429.23,monthly
76,synthetic_user_76@example.com,0,Servicios,127.2,expense,2026-01-21,1429.23,monthly
76,synthetic_user_76@example.com,0,Suscripciones,135.6,expense,2026-01-12,1429.23,monthly
76,synthetic_user_76@example.com,0,Gastos generales,59.03,expense,2026-01-23,1429.23,monthly
76,synthetic_user_76@example.com,0,Ocio,94.73,expense,2026-01-09,1429.23,monthly
76,synthetic_user_76@example.com,0,Suscripciones,103.26,expense,2026-01-08,1429.23,monthly
76,synthetic_user_76@example.com,0,Ingresos,103.43,expense,2026-01-17,1429.23,monthly
76,synthetic_user_76@example.com,0,Servicios,93.82,expense,2026-01-24,1429.23,monthly
76,synthetic_user_76@example.com,0,Servicios,107.36,expense,2026-01-18,1429.23,monthly
76,synthetic_user_76@example.com,0,Educacion,130.26,expense,2026-01-04,1429.23,monthly
76,synthetic_user_76@example.com,0,Ingreso adicional,100.85,expense,2026-01-15,1429.23,monthly
76,synthetic_user_76@example.com,0,Alimentacion,44.7,expense,2026-01-22,1429.23,monthly
76,synthetic_user_76@example.com,0,Servicios,99.51,expense,2026-01-25,1429.23,monthly
76,synthetic_user_76@example.com,0,Alimentacion,46.81,expense,2026-01-08,1429.23,monthly
76,synthetic_user_76@example.com,0,Servicios,90.7,expense,2026-01-03,1429.23,monthly
76,synthetic_user_76@example.com,0,Ingresos,84.4,expense,2026-01-14,1429.23,monthly
76,synthetic_user_76@example.com,0,Ingreso Base,1363.43,income,2026-02-06,1429.23,monthly
76,synthetic_user_76@example.com,0,Inversion,96.57,investment,2026-03-02,1429.23,monthly
76,synthetic_user_76@example.com,0,Vivienda,101.54,expense,2026-02-09,1429.23,monthly
76,synthetic_user_76@example.com,0,Ocio,115.72,expense,2026-02-07,1429.23,monthly
76,synthetic_user_76@example.com,0,Suscripciones,52.93,expense,2026-02-18,1429.23,monthly
76,synthetic_user_76@example.com,0,Educacion,137.55,expense,2026-02-17,1429.23,monthly
76,synthetic_user_76@example.com,0,Servicios,110.01,expense,2026-02-08,1429.23,monthly
76,synthetic_user_76@example.com,0,rappi,90.96,expense,2026-02-19,1429.23,monthly
76,synthetic_user_76@example.com,0,Educacion,132.42,expense,2026-02-01,1429.23,monthly
76,synthetic_user_76@example.com,0,Servicios,115.92,expense,2026-02-26,1429.23,monthly
76,synthetic_user_76@example.com,0,Ingresos,139.74,expense,2026-02-06,1429.23,monthly
76,synthetic_user_76@example.com,0,Alimentacion,166.33,expense,2026-02-13,1429.23,monthly
76,synthetic_user_76@example.com,0,Suscripciones,186.74,expense,2026-02-17,1429.23,monthly
76,synthetic_user_76@example.com,0,Ingreso Base,1481.44,income,2026-03-08,1429.23,monthly
76,synthetic_user_76@example.com,0,Inversion,111.83,investment,2026-03-27,1429.23,monthly
76,synthetic_user_76@example.com,0,Servicios,92.11,expense,2026-03-17,1429.23,monthly
76,synthetic_user_76@example.com,0,Gastos generales,141.21,expense,2026-03-21,1429.23,monthly
76,synthetic_user_76@example.com,0,Otro,122.03,expense,2026-03-09,1429.23,monthly
76,synthetic_user_76@example.com,0,Transporte,187.0,expense,2026-03-10,1429.23,monthly
76,synthetic_user_76@example.com,0,Servicios,94.28,expense,2026-03-14,1429.23,monthly
76,synthetic_user_76@example.com,0,Ingreso adicional,135.37,expense,2026-03-19,1429.23,monthly
76,synthetic_user_76@example.com,0,Servicios,55.51,expense,2026-03-27,1429.23,monthly
76,synthetic_user_76@example.com,0,Gastos generales,167.61,expense,2026-03-01,1429.23,monthly
76,synthetic_user_76@example.com,0,Vivienda,156.98,expense,2026-03-17,1429.23,monthly
76,synthetic_user_76@example.com,0,Gastos generales,34.39,expense,2026-03-16,1429.23,monthly
76,synthetic_user_76@example.com,0,Alimentacion,182.68,expense,2026-03-21,1429.23,monthly
76,synthetic_user_76@example.com,0,Ingreso Base,1415.71,income,2026-04-07,1429.23,monthly
76,synthetic_user_76@example.com,0,Inversion,73.17,investment,2026-04-28,1429.23,monthly
76,synthetic_user_76@example.com,0,Ingreso adicional,81.44,expense,2026-04-18,1429.23,monthly
76,synthetic_user_76@example.com,0,Transporte,78.03,expense,2026-04-19,1429.23,monthly
76,synthetic_user_76@example.com,0,Educacion,122.81,expense,2026-04-18,1429.23,monthly
76,synthetic_user_76@example.com,0,Ocio,81.47,expense,2026-04-23,1429.23,monthly
76,synthetic_user_76@example.com,0,Educacion,15.63,expense,2026-04-16,1429.23,monthly
76,synthetic_user_76@example.com,0,Servicios,21.53,expense,2026-04-01,1429.23,monthly
76,synthetic_user_76@example.com,0,Alimentacion,54.85,expense,2026-04-02,1429.23,monthly
76,synthetic_user_76@example.com,0,Educacion,77.51,expense,2026-04-07,1429.23,monthly
76,synthetic_user_76@example.com,0,Transporte,69.46,expense,2026-04-14,1429.23,monthly
76,synthetic_user_76@example.com,0,Servicios,85.89,expense,2026-04-09,1429.23,monthly
76,synthetic_user_76@example.com,0,Transporte,65.17,expense,2026-04-24,1429.23,monthly
76,synthetic_user_76@example.com,0,Educacion,80.55,expense,2026-04-16,1429.23,monthly
76,synthetic_user_76@example.com,0,Alimentacion,52.12,expense,2026-04-01,1429.23,monthly
76,synthetic_user_76@example.com,0,Servicios,58.79,expense,2026-04-26,1429.23,monthly
76,synthetic_user_76@example.com,0,Gastos generales,99.62,expense,2026-04-18,1429.23,monthly
76,synthetic_user_76@example.com,0,Suscripciones,53.75,expense,2026-04-03,1429.23,monthly
76,synthetic_user_76@example.com,0,Transporte,66.13,expense,2026-04-22,1429.23,monthly
76,synthetic_user_76@example.com,0,Servicios,89.85,expense,2026-04-01,1429.23,monthly
77,synthetic_user_77@example.com,0,Ingreso Base,1586.02,income,2025-11-08,1408.97,monthly
77,synthetic_user_77@example.com,0,Inversion,105.16,investment,2025-11-14,1408.97,monthly
77,synthetic_user_77@example.com,0,Ingreso adicional,82.31,expense,2025-11-10,1408.97,monthly
77,synthetic_user_77@example.com,0,Ingresos,54.49,expense,2025-11-05,1408.97,monthly
77,synthetic_user_77@example.com,0,Ingreso adicional,42.15,expense,2025-11-19,1408.97,monthly
77,synthetic_user_77@example.com,0,Compras,45.29,expense,2025-11-07,1408.97,monthly
77,synthetic_user_77@example.com,0,Ocio,99.57,expense,2025-11-12,1408.97,monthly
77,synthetic_user_77@example.com,0,Otro,68.06,expense,2025-11-01,1408.97,monthly
77,synthetic_user_77@example.com,0,Servicios,122.43,expense,2025-11-02,1408.97,monthly
77,synthetic_user_77@example.com,0,Ingreso adicional,47.43,expense,2025-11-20,1408.97,monthly
77,synthetic_user_77@example.com,0,Compras,51.42,expense,2025-11-16,1408.97,monthly
77,synthetic_user_77@example.com,0,Ingreso adicional,59.99,expense,2025-11-05,1408.97,monthly
77,synthetic_user_77@example.com,0,Otro,120.33,expense,2025-11-11,1408.97,monthly
77,synthetic_user_77@example.com,0,Ingresos,58.01,expense,2025-11-18,1408.97,monthly
77,synthetic_user_77@example.com,0,Otro,66.28,expense,2025-11-08,1408.97,monthly
77,synthetic_user_77@example.com,0,Ingreso adicional,90.42,expense,2025-11-12,1408.97,monthly
77,synthetic_user_77@example.com,0,Ingreso adicional,92.43,expense,2025-11-11,1408.97,monthly
77,synthetic_user_77@example.com,0,Gastos generales,95.13,expense,2025-11-07,1408.97,monthly
77,synthetic_user_77@example.com,0,Vivienda,21.96,expense,2025-11-01,1408.97,monthly
77,synthetic_user_77@example.com,0,Ingreso Base,1311.17,income,2025-12-08,1408.97,monthly
77,synthetic_user_77@example.com,0,Inversion,78.31,investment,2025-12-11,1408.97,monthly
77,synthetic_user_77@example.com,0,Ingresos,76.26,expense,2025-12-22,1408.97,monthly
77,synthetic_user_77@example.com,0,rappi,89.14,expense,2025-12-21,1408.97,monthly
77,synthetic_user_77@example.com,0,Transporte,115.53,expense,2025-12-07,1408.97,monthly
77,synthetic_user_77@example.com,0,Servicios,61.0,expense,2025-12-23,1408.97,monthly
77,synthetic_user_77@example.com,0,Ingreso adicional,17.47,expense,2025-12-24,1408.97,monthly
77,synthetic_user_77@example.com,0,rappi,54.22,expense,2025-12-05,1408.97,monthly
77,synthetic_user_77@example.com,0,Compras,108.09,expense,2025-12-19,1408.97,monthly
77,synthetic_user_77@example.com,0,Ocio,62.09,expense,2025-12-17,1408.97,monthly
77,synthetic_user_77@example.com,0,Ingreso adicional,46.85,expense,2025-12-18,1408.97,monthly
77,synthetic_user_77@example.com,0,Otro,65.42,expense,2025-12-21,1408.97,monthly
77,synthetic_user_77@example.com,0,Gastos generales,53.0,expense,2025-12-20,1408.97,monthly
77,synthetic_user_77@example.com,0,Ingreso adicional,66.75,expense,2025-12-19,1408.97,monthly
77,synthetic_user_77@example.com,0,Educacion,63.31,expense,2025-12-09,1408.97,monthly
77,synthetic_user_77@example.com,0,Vivienda,13.09,expense,2025-12-06,1408.97,monthly
77,synthetic_user_77@example.com,0,Compras,36.61,expense,2025-12-13,1408.97,monthly
77,synthetic_user_77@example.com,0,Compras,69.55,expense,2025-12-03,1408.97,monthly
77,synthetic_user_77@example.com,0,Compras,62.96,expense,2025-12-24,1408.97,monthly
77,synthetic_user_77@example.com,0,Ingreso Base,1515.69,income,2026-01-07,1408.97,monthly
77,synthetic_user_77@example.com,0,Inversion,81.21,investment,2026-01-28,1408.97,monthly
77,synthetic_user_77@example.com,0,Ingresos,110.71,expense,2026-01-21,1408.97,monthly
77,synthetic_user_77@example.com,0,Vivienda,79.78,expense,2026-01-23,1408.97,monthly
77,synthetic_user_77@example.com,0,Otro,57.18,expense,2026-01-10,1408.97,monthly
77,synthetic_user_77@example.com,0,Compras,81.82,expense,2026-01-04,1408.97,monthly
77,synthetic_user_77@example.com,0,Servicios,91.56,expense,2026-01-02,1408.97,monthly
77,synthetic_user_77@example.com,0,Educacion,27.01,expense,2026-01-13,1408.97,monthly
77,synthetic_user_77@example.com,0,Otro,35.03,expense,2026-01-18,1408.97,monthly
77,synthetic_user_77@example.com,0,Otro,92.19,expense,2026-01-22,1408.97,monthly
77,synthetic_user_77@example.com,0,Ingresos,70.33,expense,2026-01-24,1408.97,monthly
77,synthetic_user_77@example.com,0,Ingreso adicional,76.83,expense,2026-01-22,1408.97,monthly
77,synthetic_user_77@example.com,0,rappi,138.22,expense,2026-01-03,1408.97,monthly
77,synthetic_user_77@example.com,0,Ingresos,88.31,expense,2026-01-25,1408.97,monthly
77,synthetic_user_77@example.com,0,Otro,86.27,expense,2026-01-16,1408.97,monthly
77,synthetic_user_77@example.com,0,Ingreso adicional,122.73,expense,2026-01-18,1408.97,monthly
77,synthetic_user_77@example.com,0,Ingreso Base,1330.66,income,2026-02-06,1408.97,monthly
77,synthetic_user_77@example.com,0,Inversion,72.29,investment,2026-02-28,1408.97,monthly
77,synthetic_user_77@example.com,0,Ocio,117.55,expense,2026-02-14,1408.97,monthly
77,synthetic_user_77@example.com,0,Ingresos,114.04,expense,2026-02-04,1408.97,monthly
77,synthetic_user_77@example.com,0,Servicios,144.14,expense,2026-02-05,1408.97,monthly
77,synthetic_user_77@example.com,0,Ingreso adicional,136.31,expense,2026-02-27,1408.97,monthly
77,synthetic_user_77@example.com,0,Ingreso adicional,73.33,expense,2026-02-17,1408.97,monthly
77,synthetic_user_77@example.com,0,Otro,104.51,expense,2026-02-16,1408.97,monthly
77,synthetic_user_77@example.com,0,Otro,68.49,expense,2026-02-03,1408.97,monthly
77,synthetic_user_77@example.com,0,Transporte,34.4,expense,2026-02-09,1408.97,monthly
77,synthetic_user_77@example.com,0,Compras,147.04,expense,2026-02-11,1408.97,monthly
77,synthetic_user_77@example.com,0,Ingreso Base,1168.98,income,2026-03-08,1408.97,monthly
77,synthetic_user_77@example.com,0,Inversion,77.61,investment,2026-03-13,1408.97,monthly
77,synthetic_user_77@example.com,0,Ingreso adicional,102.99,expense,2026-03-27,1408.97,monthly
77,synthetic_user_77@example.com,0,Ocio,73.24,expense,2026-03-19,1408.97,monthly
77,synthetic_user_77@example.com,0,Alimentacion,85.47,expense,2026-03-12,1408.97,monthly
77,synthetic_user_77@example.com,0,Otro,99.72,expense,2026-03-08,1408.97,monthly
77,synthetic_user_77@example.com,0,Servicios,97.61,expense,2026-03-14,1408.97,monthly
77,synthetic_user_77@example.com,0,Ingreso adicional,42.4,expense,2026-03-16,1408.97,monthly
77,synthetic_user_77@example.com,0,Otro,43.89,expense,2026-03-27,1408.97,monthly
77,synthetic_user_77@example.com,0,Otro,77.3,expense,2026-03-26,1408.97,monthly
77,synthetic_user_77@example.com,0,Vivienda,59.78,expense,2026-03-18,1408.97,monthly
77,synthetic_user_77@example.com,0,Compras,45.18,expense,2026-03-27,1408.97,monthly
77,synthetic_user_77@example.com,0,Educacion,45.88,expense,2026-03-09,1408.97,monthly
77,synthetic_user_77@example.com,0,Ingresos,58.89,expense,2026-03-02,1408.97,monthly
77,synthetic_user_77@example.com,0,Servicios,67.13,expense,2026-03-23,1408.97,monthly
77,synthetic_user_77@example.com,0,Ingreso Base,1455.01,income,2026-04-07,1408.97,monthly
77,synthetic_user_77@example.com,0,Inversion,63.38,investment,2026-04-24,1408.97,monthly
77,synthetic_user_77@example.com,0,rappi,41.78,expense,2026-04-02,1408.97,monthly
77,synthetic_user_77@example.com,0,Ingreso adicional,149.2,expense,2026-04-15,1408.97,monthly
77,synthetic_user_77@example.com,0,Servicios,83.77,expense,2026-04-03,1408.97,monthly
77,synthetic_user_77@example.com,0,Ocio,96.39,expense,2026-04-09,1408.97,monthly
77,synthetic_user_77@example.com,0,Otro,39.92,expense,2026-04-22,1408.97,monthly
77,synthetic_user_77@example.com,0,Gastos generales,86.43,expense,2026-04-07,1408.97,monthly
77,synthetic_user_77@example.com,0,rappi,101.11,expense,2026-04-23,1408.97,monthly
77,synthetic_user_77@example.com,0,rappi,81.92,expense,2026-04-06,1408.97,monthly
77,synthetic_user_77@example.com,0,Suscripciones,108.23,expense,2026-04-10,1408.97,monthly
77,synthetic_user_77@example.com,0,Vivienda,30.21,expense,2026-04-21,1408.97,monthly
77,synthetic_user_77@example.com,0,Ingreso adicional,71.32,expense,2026-04-12,1408.97,monthly
77,synthetic_user_77@example.com,0,Ingreso adicional,52.43,expense,2026-04-08,1408.97,monthly
77,synthetic_user_77@example.com,0,Ingreso adicional,99.91,expense,2026-04-24,1408.97,monthly
77,synthetic_user_77@example.com,0,Ingreso adicional,87.14,expense,2026-04-24,1408.97,monthly
78,synthetic_user_78@example.com,0,Ingreso Base,1349.62,income,2025-11-08,1255.45,monthly
78,synthetic_user_78@example.com,0,Inversion,56.01,investment,2025-11-13,1255.45,monthly
78,synthetic_user_78@example.com,0,Suscripciones,128.78,expense,2025-11-04,1255.45,monthly
78,synthetic_user_78@example.com,0,Vivienda,75.33,expense,2025-11-02,1255.45,monthly
78,synthetic_user_78@example.com,0,Servicios,159.49,expense,2025-11-17,1255.45,monthly
78,synthetic_user_78@example.com,0,Vivienda,58.25,expense,2025-11-08,1255.45,monthly
78,synthetic_user_78@example.com,0,Gastos generales,76.78,expense,2025-11-25,1255.45,monthly
78,synthetic_user_78@example.com,0,Servicios,113.9,expense,2025-11-09,1255.45,monthly
78,synthetic_user_78@example.com,0,rappi,113.41,expense,2025-11-15,1255.45,monthly
78,synthetic_user_78@example.com,0,Educacion,46.15,expense,2025-11-08,1255.45,monthly
78,synthetic_user_78@example.com,0,Salud,172.56,expense,2025-11-23,1255.45,monthly
78,synthetic_user_78@example.com,0,Ingreso Base,941.59,income,2025-12-08,1255.45,monthly
78,synthetic_user_78@example.com,0,Inversion,42.54,investment,2025-12-23,1255.45,monthly
78,synthetic_user_78@example.com,0,rappi,68.77,expense,2025-12-27,1255.45,monthly
78,synthetic_user_78@example.com,0,Gastos generales,28.5,expense,2025-12-18,1255.45,monthly
78,synthetic_user_78@example.com,0,Otro,82.2,expense,2025-12-26,1255.45,monthly
78,synthetic_user_78@example.com,0,Transporte,59.02,expense,2025-12-14,1255.45,monthly
78,synthetic_user_78@example.com,0,Salud,60.84,expense,2025-12-23,1255.45,monthly
78,synthetic_user_78@example.com,0,Servicios,53.15,expense,2025-12-17,1255.45,monthly
78,synthetic_user_78@example.com,0,Servicios,75.73,expense,2025-12-24,1255.45,monthly
78,synthetic_user_78@example.com,0,Compras,52.45,expense,2025-12-18,1255.45,monthly
78,synthetic_user_78@example.com,0,Ingresos,24.3,expense,2025-12-20,1255.45,monthly
78,synthetic_user_78@example.com,0,Gastos generales,47.91,expense,2025-12-03,1255.45,monthly
78,synthetic_user_78@example.com,0,Otro,88.43,expense,2025-12-20,1255.45,monthly
78,synthetic_user_78@example.com,0,Suscripciones,63.65,expense,2025-12-14,1255.45,monthly
78,synthetic_user_78@example.com,0,Salud,38.47,expense,2025-12-27,1255.45,monthly
78,synthetic_user_78@example.com,0,Suscripciones,58.56,expense,2025-12-17,1255.45,monthly
78,synthetic_user_78@example.com,0,Ingreso adicional,2.0,expense,2025-12-20,1255.45,monthly
78,synthetic_user_78@example.com,0,Compras,48.73,expense,2025-12-12,1255.45,monthly
78,synthetic_user_78@example.com,0,Ingreso Base,941.59,income,2026-01-07,1255.45,monthly
78,synthetic_user_78@example.com,0,Inversion,38.36,investment,2026-01-19,1255.45,monthly
78,synthetic_user_78@example.com,0,Servicios,51.49,expense,2026-01-24,1255.45,monthly
78,synthetic_user_78@example.com,0,Gastos generales,89.76,expense,2026-01-25,1255.45,monthly
78,synthetic_user_78@example.com,0,Educacion,81.61,expense,2026-01-08,1255.45,monthly
78,synthetic_user_78@example.com,0,Compras,47.85,expense,2026-01-18,1255.45,monthly
78,synthetic_user_78@example.com,0,Servicios,56.44,expense,2026-01-05,1255.45,monthly
78,synthetic_user_78@example.com,0,Servicios,82.67,expense,2026-01-26,1255.45,monthly
78,synthetic_user_78@example.com,0,Salud,60.02,expense,2026-01-13,1255.45,monthly
78,synthetic_user_78@example.com,0,Servicios,101.96,expense,2026-01-15,1255.45,monthly
78,synthetic_user_78@example.com,0,Suscripciones,95.27,expense,2026-01-09,1255.45,monthly
78,synthetic_user_78@example.com,0,Gastos generales,36.65,expense,2026-01-13,1255.45,monthly
78,synthetic_user_78@example.com,0,Ingreso Base,1191.47,income,2026-02-06,1255.45,monthly
78,synthetic_user_78@example.com,0,Inversion,39.57,investment,2026-02-28,1255.45,monthly
78,synthetic_user_78@example.com,0,Educacion,96.56,expense,2026-02-05,1255.45,monthly
78,synthetic_user_78@example.com,0,Educacion,73.94,expense,2026-02-14,1255.45,monthly
78,synthetic_user_78@example.com,0,Otro,40.83,expense,2026-02-05,1255.45,monthly
78,synthetic_user_78@example.com,0,Transporte,52.83,expense,2026-02-26,1255.45,monthly
78,synthetic_user_78@example.com,0,Salud,41.44,expense,2026-02-02,1255.45,monthly
78,synthetic_user_78@example.com,0,Gastos generales,57.76,expense,2026-02-08,1255.45,monthly
78,synthetic_user_78@example.com,0,Otro,101.32,expense,2026-02-18,1255.45,monthly
78,synthetic_user_78@example.com,0,Educacion,72.67,expense,2026-02-11,1255.45,monthly
78,synthetic_user_78@example.com,0,Compras,70.07,expense,2026-02-08,1255.45,monthly
78,synthetic_user_78@example.com,0,Gastos generales,102.94,expense,2026-02-24,1255.45,monthly
78,synthetic_user_78@example.com,0,Compras,68.95,expense,2026-02-06,1255.45,monthly
78,synthetic_user_78@example.com,0,Gastos generales,76.12,expense,2026-02-03,1255.45,monthly
78,synthetic_user_78@example.com,0,Compras,83.85,expense,2026-02-17,1255.45,monthly
78,synthetic_user_78@example.com,0,Servicios,53.68,expense,2026-02-05,1255.45,monthly
78,synthetic_user_78@example.com,0,Gastos generales,15.32,expense,2026-02-10,1255.45,monthly
78,synthetic_user_78@example.com,0,Ingreso Base,1389.3,income,2026-03-08,1255.45,monthly
78,synthetic_user_78@example.com,0,Inversion,86.79,investment,2026-03-25,1255.45,monthly
78,synthetic_user_78@example.com,0,Ingresos,121.65,expense,2026-03-06,1255.45,monthly
78,synthetic_user_78@example.com,0,Servicios,152.66,expense,2026-03-26,1255.45,monthly
78,synthetic_user_78@example.com,0,Suscripciones,73.89,expense,2026-03-14,1255.45,monthly
78,synthetic_user_78@example.com,0,Transporte,193.99,expense,2026-03-11,1255.45,monthly
78,synthetic_user_78@example.com,0,Ocio,140.47,expense,2026-03-27,1255.45,monthly
78,synthetic_user_78@example.com,0,Suscripciones,161.88,expense,2026-03-01,1255.45,monthly
78,synthetic_user_78@example.com,0,Transporte,120.62,expense,2026-03-13,1255.45,monthly
78,synthetic_user_78@example.com,0,Educacion,77.21,expense,2026-03-26,1255.45,monthly
78,synthetic_user_78@example.com,0,Educacion,70.87,expense,2026-03-25,1255.45,monthly
78,synthetic_user_78@example.com,0,Vivienda,106.44,expense,2026-03-10,1255.45,monthly
78,synthetic_user_78@example.com,0,Suscripciones,187.99,expense,2026-03-20,1255.45,monthly
78,synthetic_user_78@example.com,0,Ingreso Base,1100.32,income,2026-04-07,1255.45,monthly
78,synthetic_user_78@example.com,0,Inversion,51.57,investment,2026-04-14,1255.45,monthly
78,synthetic_user_78@example.com,0,Servicios,88.47,expense,2026-04-18,1255.45,monthly
78,synthetic_user_78@example.com,0,Suscripciones,84.73,expense,2026-04-27,1255.45,monthly
78,synthetic_user_78@example.com,0,Transporte,78.39,expense,2026-04-20,1255.45,monthly
78,synthetic_user_78@example.com,0,Servicios,76.98,expense,2026-04-08,1255.45,monthly
78,synthetic_user_78@example.com,0,Vivienda,99.94,expense,2026-04-04,1255.45,monthly
78,synthetic_user_78@example.com,0,Educacion,79.55,expense,2026-04-21,1255.45,monthly
78,synthetic_user_78@example.com,0,Educacion,108.47,expense,2026-04-16,1255.45,monthly
78,synthetic_user_78@example.com,0,Servicios,63.77,expense,2026-04-12,1255.45,monthly
78,synthetic_user_78@example.com,0,Servicios,85.11,expense,2026-04-11,1255.45,monthly
78,synthetic_user_78@example.com,0,Gastos generales,54.22,expense,2026-04-10,1255.45,monthly
78,synthetic_user_78@example.com,0,Educacion,71.0,expense,2026-04-02,1255.45,monthly
78,synthetic_user_78@example.com,0,Gastos generales,83.43,expense,2026-04-24,1255.45,monthly
78,synthetic_user_78@example.com,0,Vivienda,53.37,expense,2026-04-09,1255.45,monthly
79,synthetic_user_79@example.com,0,Ingreso Base,1246.11,income,2025-11-08,1222.81,monthly
79,synthetic_user_79@example.com,0,Inversion,201.34,investment,2025-11-30,1222.81,monthly
79,synthetic_user_79@example.com,0,Alimentacion,45.03,expense,2025-11-22,1222.81,monthly
79,synthetic_user_79@example.com,0,Servicios,68.58,expense,2025-11-06,1222.81,monthly
79,synthetic_user_79@example.com,0,Otro,33.35,expense,2025-11-03,1222.81,monthly
79,synthetic_user_79@example.com,0,Vivienda,82.36,expense,2025-11-25,1222.81,monthly
79,synthetic_user_79@example.com,0,rappi,58.09,expense,2025-11-05,1222.81,monthly
79,synthetic_user_79@example.com,0,rappi,88.74,expense,2025-11-16,1222.81,monthly
79,synthetic_user_79@example.com,0,Ocio,117.41,expense,2025-11-20,1222.81,monthly
79,synthetic_user_79@example.com,0,rappi,69.66,expense,2025-11-18,1222.81,monthly
79,synthetic_user_79@example.com,0,Salud,43.45,expense,2025-11-12,1222.81,monthly
79,synthetic_user_79@example.com,0,rappi,101.23,expense,2025-11-21,1222.81,monthly
79,synthetic_user_79@example.com,0,Suscripciones,96.96,expense,2025-11-07,1222.81,monthly
79,synthetic_user_79@example.com,0,rappi,36.09,expense,2025-11-08,1222.81,monthly
79,synthetic_user_79@example.com,0,Ingresos,37.0,expense,2025-11-21,1222.81,monthly
79,synthetic_user_79@example.com,0,rappi,65.34,expense,2025-11-10,1222.81,monthly
79,synthetic_user_79@example.com,0,Ingreso adicional,36.19,expense,2025-11-18,1222.81,monthly
79,synthetic_user_79@example.com,0,Ingreso Base,1418.43,income,2025-12-08,1222.81,monthly
79,synthetic_user_79@example.com,0,Inversion,158.98,investment,2025-12-24,1222.81,monthly
79,synthetic_user_79@example.com,0,Vivienda,120.99,expense,2025-12-23,1222.81,monthly
79,synthetic_user_79@example.com,0,Ingreso adicional,82.55,expense,2025-12-19,1222.81,monthly
79,synthetic_user_79@example.com,0,Servicios,53.42,expense,2025-12-25,1222.81,monthly
79,synthetic_user_79@example.com,0,Suscripciones,82.38,expense,2025-12-17,1222.81,monthly
79,synthetic_user_79@example.com,0,rappi,152.12,expense,2025-12-27,1222.81,monthly
79,synthetic_user_79@example.com,0,rappi,46.64,expense,2025-12-04,1222.81,monthly
79,synthetic_user_79@example.com,0,Ingresos,79.28,expense,2025-12-25,1222.81,monthly
79,synthetic_user_79@example.com,0,Ingresos,75.28,expense,2025-12-11,1222.81,monthly
79,synthetic_user_79@example.com,0,Transporte,141.4,expense,2025-12-07,1222.81,monthly
79,synthetic_user_79@example.com,0,rappi,87.61,expense,2025-12-08,1222.81,monthly
79,synthetic_user_79@example.com,0,Ingreso adicional,57.73,expense,2025-12-04,1222.81,monthly
79,synthetic_user_79@example.com,0,Salud,92.44,expense,2025-12-06,1222.81,monthly
79,synthetic_user_79@example.com,0,Salud,46.58,expense,2025-12-14,1222.81,monthly
79,synthetic_user_79@example.com,0,Salud,96.52,expense,2025-12-21,1222.81,monthly
79,synthetic_user_79@example.com,0,Ingreso Base,1240.62,income,2026-01-07,1222.81,monthly
79,synthetic_user_79@example.com,0,Inversion,159.57,investment,2026-01-16,1222.81,monthly
79,synthetic_user_79@example.com,0,rappi,46.59,expense,2026-01-21,1222.81,monthly
79,synthetic_user_79@example.com,0,Ingreso adicional,20.94,expense,2026-01-04,1222.81,monthly
79,synthetic_user_79@example.com,0,Ingresos,82.82,expense,2026-01-19,1222.81,monthly
79,synthetic_user_79@example.com,0,Servicios,95.48,expense,2026-01-09,1222.81,monthly
79,synthetic_user_79@example.com,0,rappi,41.02,expense,2026-01-11,1222.81,monthly
79,synthetic_user_79@example.com,0,Ingresos,28.95,expense,2026-01-14,1222.81,monthly
79,synthetic_user_79@example.com,0,Vivienda,111.3,expense,2026-01-17,1222.81,monthly
79,synthetic_user_79@example.com,0,Salud,58.89,expense,2026-01-27,1222.81,monthly
79,synthetic_user_79@example.com,0,Servicios,57.58,expense,2026-01-12,1222.81,monthly
79,synthetic_user_79@example.com,0,Vivienda,47.44,expense,2026-01-03,1222.81,monthly
79,synthetic_user_79@example.com,0,rappi,76.37,expense,2026-01-01,1222.81,monthly
79,synthetic_user_79@example.com,0,rappi,30.33,expense,2026-01-01,1222.81,monthly
79,synthetic_user_79@example.com,0,rappi,84.99,expense,2026-01-24,1222.81,monthly
79,synthetic_user_79@example.com,0,Gastos generales,108.42,expense,2026-01-11,1222.81,monthly
79,synthetic_user_79@example.com,0,Ingresos,65.71,expense,2026-01-17,1222.81,monthly
79,synthetic_user_79@example.com,0,Ingreso Base,1282.14,income,2026-02-06,1222.81,monthly
79,synthetic_user_79@example.com,0,Inversion,77.33,investment,2026-02-14,1222.81,monthly
79,synthetic_user_79@example.com,0,Transporte,72.89,expense,2026-02-12,1222.81,monthly
79,synthetic_user_79@example.com,0,rappi,49.05,expense,2026-02-20,1222.81,monthly
79,synthetic_user_79@example.com,0,Transporte,48.14,expense,2026-02-24,1222.81,monthly
79,synthetic_user_79@example.com,0,rappi,52.33,expense,2026-02-11,1222.81,monthly
79,synthetic_user_79@example.com,0,Transporte,61.12,expense,2026-02-04,1222.81,monthly
79,synthetic_user_79@example.com,0,Ingreso adicional,52.31,expense,2026-02-02,1222.81,monthly
79,synthetic_user_79@example.com,0,Gastos generales,102.31,expense,2026-02-16,1222.81,monthly
79,synthetic_user_79@example.com,0,rappi,97.37,expense,2026-02-25,1222.81,monthly
79,synthetic_user_79@example.com,0,Compras,37.21,expense,2026-02-13,1222.81,monthly
79,synthetic_user_79@example.com,0,rappi,51.67,expense,2026-02-20,1222.81,monthly
79,synthetic_user_79@example.com,0,Vivienda,91.61,expense,2026-02-20,1222.81,monthly
79,synthetic_user_79@example.com,0,Ingreso adicional,98.89,expense,2026-02-24,1222.81,monthly
79,synthetic_user_79@example.com,0,rappi,110.45,expense,2026-02-25,1222.81,monthly
79,synthetic_user_79@example.com,0,Ingreso adicional,62.76,expense,2026-02-07,1222.81,monthly
79,synthetic_user_79@example.com,0,Ingreso Base,1217.34,income,2026-03-08,1222.81,monthly
79,synthetic_user_79@example.com,0,Inversion,152.88,investment,2026-03-29,1222.81,monthly
79,synthetic_user_79@example.com,0,rappi,48.58,expense,2026-03-12,1222.81,monthly
79,synthetic_user_79@example.com,0,Ingreso adicional,76.02,expense,2026-03-25,1222.81,monthly
79,synthetic_user_79@example.com,0,Ocio,62.15,expense,2026-03-21,1222.81,monthly
79,synthetic_user_79@example.com,0,Ingreso adicional,132.02,expense,2026-03-09,1222.81,monthly
79,synthetic_user_79@example.com,0,Vivienda,107.35,expense,2026-03-19,1222.81,monthly
79,synthetic_user_79@example.com,0,Suscripciones,104.23,expense,2026-03-19,1222.81,monthly
79,synthetic_user_79@example.com,0,Ocio,110.38,expense,2026-03-21,1222.81,monthly
79,synthetic_user_79@example.com,0,Ingresos,112.88,expense,2026-03-18,1222.81,monthly
79,synthetic_user_79@example.com,0,Ingresos,123.52,expense,2026-03-26,1222.81,monthly
79,synthetic_user_79@example.com,0,Vivienda,52.5,expense,2026-03-19,1222.81,monthly
79,synthetic_user_79@example.com,0,Ingreso Base,1180.66,income,2026-04-07,1222.81,monthly
79,synthetic_user_79@example.com,0,Inversion,128.75,investment,2026-04-28,1222.81,monthly
79,synthetic_user_79@example.com,0,Ingreso adicional,57.64,expense,2026-04-25,1222.81,monthly
79,synthetic_user_79@example.com,0,rappi,62.22,expense,2026-04-21,1222.81,monthly
79,synthetic_user_79@example.com,0,Servicios,92.36,expense,2026-04-14,1222.81,monthly
79,synthetic_user_79@example.com,0,Ingreso adicional,57.84,expense,2026-04-12,1222.81,monthly
79,synthetic_user_79@example.com,0,Otro,72.07,expense,2026-04-12,1222.81,monthly
79,synthetic_user_79@example.com,0,rappi,77.18,expense,2026-04-12,1222.81,monthly
79,synthetic_user_79@example.com,0,Suscripciones,51.15,expense,2026-04-01,1222.81,monthly
79,synthetic_user_79@example.com,0,Ocio,63.31,expense,2026-04-07,1222.81,monthly
79,synthetic_user_79@example.com,0,Ingreso adicional,67.32,expense,2026-04-26,1222.81,monthly
79,synthetic_user_79@example.com,0,rappi,72.59,expense,2026-04-24,1222.81,monthly
79,synthetic_user_79@example.com,0,Gastos generales,95.04,expense,2026-04-21,1222.81,monthly
79,synthetic_user_79@example.com,0,Salud,45.38,expense,2026-04-09,1222.81,monthly
79,synthetic_user_79@example.com,0,Ingreso adicional,46.45,expense,2026-04-24,1222.81,monthly
79,synthetic_user_79@example.com,0,Suscripciones,53.26,expense,2026-04-05,1222.81,monthly
79,synthetic_user_79@example.com,0,Servicios,9.3,expense,2026-04-17,1222.81,monthly
79,synthetic_user_79@example.com,0,Ocio,37.33,expense,2026-04-13,1222.81,monthly
79,synthetic_user_79@example.com,0,Transporte,80.2,expense,2026-04-01,1222.81,monthly
79,synthetic_user_79@example.com,0,Transporte,38.28,expense,2026-04-24,1222.81,monthly
80,synthetic_user_80@example.com,0,Ingreso Base,2181.82,income,2025-11-08,2540.82,monthly
80,synthetic_user_80@example.com,0,Inversion,291.61,investment,2025-11-25,2540.82,monthly
80,synthetic_user_80@example.com,0,Alimentacion,302.6,expense,2025-11-24,2540.82,monthly
80,synthetic_user_80@example.com,0,Ingreso adicional,103.07,expense,2025-11-18,2540.82,monthly
80,synthetic_user_80@example.com,0,rappi,242.19,expense,2025-11-22,2540.82,monthly
80,synthetic_user_80@example.com,0,Servicios,231.12,expense,2025-11-27,2540.82,monthly
80,synthetic_user_80@example.com,0,Educacion,198.54,expense,2025-11-14,2540.82,monthly
80,synthetic_user_80@example.com,0,Compras,188.28,expense,2025-11-21,2540.82,monthly
80,synthetic_user_80@example.com,0,Servicios,248.07,expense,2025-11-05,2540.82,monthly
80,synthetic_user_80@example.com,0,Salud,64.93,expense,2025-11-23,2540.82,monthly
80,synthetic_user_80@example.com,0,Ingreso Base,2661.63,income,2025-12-08,2540.82,monthly
80,synthetic_user_80@example.com,0,Inversion,469.87,investment,2025-12-29,2540.82,monthly
80,synthetic_user_80@example.com,0,Educacion,129.08,expense,2025-12-08,2540.82,monthly
80,synthetic_user_80@example.com,0,Suscripciones,123.39,expense,2025-12-19,2540.82,monthly
80,synthetic_user_80@example.com,0,Ingreso adicional,92.21,expense,2025-12-24,2540.82,monthly
80,synthetic_user_80@example.com,0,Otro,43.76,expense,2025-12-01,2540.82,monthly
80,synthetic_user_80@example.com,0,Educacion,107.46,expense,2025-12-09,2540.82,monthly
80,synthetic_user_80@example.com,0,Ocio,197.37,expense,2025-12-19,2540.82,monthly
80,synthetic_user_80@example.com,0,Ocio,115.09,expense,2025-12-27,2540.82,monthly
80,synthetic_user_80@example.com,0,Educacion,122.54,expense,2025-12-24,2540.82,monthly
80,synthetic_user_80@example.com,0,Ingreso adicional,101.27,expense,2025-12-24,2540.82,monthly
80,synthetic_user_80@example.com,0,Servicios,69.08,expense,2025-12-26,2540.82,monthly
80,synthetic_user_80@example.com,0,Alimentacion,44.43,expense,2025-12-11,2540.82,monthly
80,synthetic_user_80@example.com,0,Ingreso adicional,147.14,expense,2025-12-10,2540.82,monthly
80,synthetic_user_80@example.com,0,Servicios,33.47,expense,2025-12-01,2540.82,monthly
80,synthetic_user_80@example.com,0,Gastos generales,63.83,expense,2025-12-07,2540.82,monthly
80,synthetic_user_80@example.com,0,Suscripciones,171.51,expense,2025-12-27,2540.82,monthly
80,synthetic_user_80@example.com,0,Gastos generales,107.75,expense,2025-12-08,2540.82,monthly
80,synthetic_user_80@example.com,0,Otro,74.81,expense,2025-12-23,2540.82,monthly
80,synthetic_user_80@example.com,0,Suscripciones,69.6,expense,2025-12-20,2540.82,monthly
80,synthetic_user_80@example.com,0,Alimentacion,137.36,expense,2025-12-06,2540.82,monthly
80,synthetic_user_80@example.com,0,Ingreso Base,2592.58,income,2026-01-07,2540.82,monthly
80,synthetic_user_80@example.com,0,Inversion,512.86,investment,2026-01-20,2540.82,monthly
80,synthetic_user_80@example.com,0,Ingreso adicional,168.87,expense,2026-01-23,2540.82,monthly
80,synthetic_user_80@example.com,0,Vivienda,109.71,expense,2026-01-11,2540.82,monthly
80,synthetic_user_80@example.com,0,Otro,63.02,expense,2026-01-09,2540.82,monthly
80,synthetic_user_80@example.com,0,Alimentacion,129.7,expense,2026-01-01,2540.82,monthly
80,synthetic_user_80@example.com,0,Compras,124.37,expense,2026-01-21,2540.82,monthly
80,synthetic_user_80@example.com,0,Alimentacion,160.76,expense,2026-01-17,2540.82,monthly
80,synthetic_user_80@example.com,0,Ocio,80.41,expense,2026-01-16,2540.82,monthly
80,synthetic_user_80@example.com,0,rappi,125.58,expense,2026-01-03,2540.82,monthly
80,synthetic_user_80@example.com,0,Suscripciones,132.51,expense,2026-01-12,2540.82,monthly
80,synthetic_user_80@example.com,0,Ingreso adicional,88.66,expense,2026-01-07,2540.82,monthly
80,synthetic_user_80@example.com,0,Otro,120.2,expense,2026-01-09,2540.82,monthly
80,synthetic_user_80@example.com,0,Otro,108.72,expense,2026-01-22,2540.82,monthly
80,synthetic_user_80@example.com,0,Vivienda,142.0,expense,2026-01-25,2540.82,monthly
80,synthetic_user_80@example.com,0,Vivienda,171.67,expense,2026-01-23,2540.82,monthly
80,synthetic_user_80@example.com,0,Compras,60.16,expense,2026-01-19,2540.82,monthly
80,synthetic_user_80@example.com,0,Ingreso adicional,107.25,expense,2026-01-01,2540.82,monthly
80,synthetic_user_80@example.com,0,Ingreso Base,2674.61,income,2026-02-06,2540.82,monthly
80,synthetic_user_80@example.com,0,Inversion,232.5,investment,2026-02-21,2540.82,monthly
80,synthetic_user_80@example.com,0,Alimentacion,102.48,expense,2026-02-11,2540.82,monthly
80,synthetic_user_80@example.com,0,Ingreso adicional,162.53,expense,2026-02-05,2540.82,monthly
80,synthetic_user_80@example.com,0,Otro,183.96,expense,2026-02-04,2540.82,monthly
80,synthetic_user_80@example.com,0,Suscripciones,105.65,expense,2026-02-04,2540.82,monthly
80,synthetic_user_80@example.com,0,Suscripciones,206.55,expense,2026-02-27,2540.82,monthly
80,synthetic_user_80@example.com,0,Suscripciones,165.88,expense,2026-02-11,2540.82,monthly
80,synthetic_user_80@example.com,0,Alimentacion,104.78,expense,2026-02-19,2540.82,monthly
80,synthetic_user_80@example.com,0,Otro,158.58,expense,2026-02-23,2540.82,monthly
80,synthetic_user_80@example.com,0,Ingreso adicional,193.41,expense,2026-02-27,2540.82,monthly
80,synthetic_user_80@example.com,0,rappi,142.39,expense,2026-02-14,2540.82,monthly
80,synthetic_user_80@example.com,0,Ocio,190.98,expense,2026-02-21,2540.82,monthly
80,synthetic_user_80@example.com,0,Otro,110.29,expense,2026-02-11,2540.82,monthly
80,synthetic_user_80@example.com,0,Otro,96.15,expense,2026-02-22,2540.82,monthly
80,synthetic_user_80@example.com,0,Ocio,201.49,expense,2026-02-20,2540.82,monthly
80,synthetic_user_80@example.com,0,Suscripciones,170.72,expense,2026-02-23,2540.82,monthly
80,synthetic_user_80@example.com,0,Ingreso Base,2218.2,income,2026-03-08,2540.82,monthly
80,synthetic_user_80@example.com,0,Inversion,399.67,investment,2026-04-01,2540.82,monthly
80,synthetic_user_80@example.com,0,rappi,164.66,expense,2026-03-02,2540.82,monthly
80,synthetic_user_80@example.com,0,Otro,93.93,expense,2026-03-15,2540.82,monthly
80,synthetic_user_80@example.com,0,Transporte,118.19,expense,2026-03-06,2540.82,monthly
80,synthetic_user_80@example.com,0,Alimentacion,79.4,expense,2026-03-20,2540.82,monthly
80,synthetic_user_80@example.com,0,Suscripciones,151.96,expense,2026-03-17,2540.82,monthly
80,synthetic_user_80@example.com,0,Compras,180.08,expense,2026-03-12,2540.82,monthly
80,synthetic_user_80@example.com,0,Educacion,136.22,expense,2026-03-18,2540.82,monthly
80,synthetic_user_80@example.com,0,Vivienda,121.63,expense,2026-03-01,2540.82,monthly
80,synthetic_user_80@example.com,0,Ocio,205.56,expense,2026-03-11,2540.82,monthly
80,synthetic_user_80@example.com,0,Otro,67.43,expense,2026-03-26,2540.82,monthly
80,synthetic_user_80@example.com,0,Salud,151.61,expense,2026-03-25,2540.82,monthly
80,synthetic_user_80@example.com,0,rappi,139.76,expense,2026-03-19,2540.82,monthly
80,synthetic_user_80@example.com,0,Otro,72.0,expense,2026-03-17,2540.82,monthly
80,synthetic_user_80@example.com,0,Ingreso Base,2539.58,income,2026-04-07,2540.82,monthly
80,synthetic_user_80@example.com,0,Inversion,250.75,investment,2026-04-17,2540.82,monthly
80,synthetic_user_80@example.com,0,Servicios,169.63,expense,2026-04-01,2540.82,monthly
80,synthetic_user_80@example.com,0,Vivienda,135.37,expense,2026-04-06,2540.82,monthly
80,synthetic_user_80@example.com,0,Vivienda,148.79,expense,2026-04-05,2540.82,monthly
80,synthetic_user_80@example.com,0,Alimentacion,165.55,expense,2026-04-19,2540.82,monthly
80,synthetic_user_80@example.com,0,Alimentacion,214.38,expense,2026-04-19,2540.82,monthly
80,synthetic_user_80@example.com,0,Educacion,334.82,expense,2026-04-21,2540.82,monthly
80,synthetic_user_80@example.com,0,Otro,252.93,expense,2026-04-22,2540.82,monthly
80,synthetic_user_80@example.com,0,Otro,203.62,expense,2026-04-14,2540.82,monthly
80,synthetic_user_80@example.com,0,Transporte,259.97,expense,2026-04-11,2540.82,monthly
81,synthetic_user_81@example.com,0,Ingreso Base,1548.08,income,2025-11-08,1582.79,monthly
81,synthetic_user_81@example.com,0,Inversion,141.65,investment,2025-11-25,1582.79,monthly
81,synthetic_user_81@example.com,0,Vivienda,134.47,expense,2025-11-03,1582.79,monthly
81,synthetic_user_81@example.com,0,Compras,103.21,expense,2025-11-17,1582.79,monthly
81,synthetic_user_81@example.com,0,Suscripciones,69.13,expense,2025-11-17,1582.79,monthly
81,synthetic_user_81@example.com,0,Ingreso adicional,82.47,expense,2025-11-11,1582.79,monthly
81,synthetic_user_81@example.com,0,Vivienda,123.27,expense,2025-11-17,1582.79,monthly
81,synthetic_user_81@example.com,0,Suscripciones,63.36,expense,2025-11-25,1582.79,monthly
81,synthetic_user_81@example.com,0,Vivienda,75.05,expense,2025-11-11,1582.79,monthly
81,synthetic_user_81@example.com,0,Compras,33.58,expense,2025-11-23,1582.79,monthly
81,synthetic_user_81@example.com,0,Alimentacion,80.71,expense,2025-11-24,1582.79,monthly
81,synthetic_user_81@example.com,0,Transporte,57.49,expense,2025-11-03,1582.79,monthly
81,synthetic_user_81@example.com,0,Servicios,59.64,expense,2025-11-25,1582.79,monthly
81,synthetic_user_81@example.com,0,Servicios,102.22,expense,2025-11-01,1582.79,monthly
81,synthetic_user_81@example.com,0,Ingreso Base,1537.23,income,2025-12-08,1582.79,monthly
81,synthetic_user_81@example.com,0,Inversion,235.08,investment,2025-12-24,1582.79,monthly
81,synthetic_user_81@example.com,0,Transporte,53.28,expense,2025-12-10,1582.79,monthly
81,synthetic_user_81@example.com,0,Ocio,74.99,expense,2025-12-27,1582.79,monthly
81,synthetic_user_81@example.com,0,Transporte,45.24,expense,2025-12-03,1582.79,monthly
81,synthetic_user_81@example.com,0,Ingresos,72.38,expense,2025-12-13,1582.79,monthly
81,synthetic_user_81@example.com,0,rappi,75.62,expense,2025-12-03,1582.79,monthly
81,synthetic_user_81@example.com,0,Ocio,93.95,expense,2025-12-15,1582.79,monthly
81,synthetic_user_81@example.com,0,Ingreso adicional,66.5,expense,2025-12-12,1582.79,monthly
81,synthetic_user_81@example.com,0,Compras,40.66,expense,2025-12-24,1582.79,monthly
81,synthetic_user_81@example.com,0,rappi,70.44,expense,2025-12-24,1582.79,monthly
81,synthetic_user_81@example.com,0,Compras,51.49,expense,2025-12-11,1582.79,monthly
81,synthetic_user_81@example.com,0,Ingreso adicional,70.08,expense,2025-12-16,1582.79,monthly
81,synthetic_user_81@example.com,0,rappi,74.56,expense,2025-12-17,1582.79,monthly
81,synthetic_user_81@example.com,0,rappi,104.32,expense,2025-12-06,1582.79,monthly
81,synthetic_user_81@example.com,0,Gastos generales,20.08,expense,2025-12-17,1582.79,monthly
81,synthetic_user_81@example.com,0,Servicios,82.03,expense,2025-12-19,1582.79,monthly
81,synthetic_user_81@example.com,0,Ingreso adicional,46.8,expense,2025-12-16,1582.79,monthly
81,synthetic_user_81@example.com,0,Ocio,65.65,expense,2025-12-06,1582.79,monthly
81,synthetic_user_81@example.com,0,Ingreso Base,1474.12,income,2026-01-07,1582.79,monthly
81,synthetic_user_81@example.com,0,Inversion,215.25,investment,2026-01-12,1582.79,monthly
81,synthetic_user_81@example.com,0,Ingresos,88.2,expense,2026-01-07,1582.79,monthly
81,synthetic_user_81@example.com,0,rappi,93.25,expense,2026-01-02,1582.79,monthly
81,synthetic_user_81@example.com,0,Suscripciones,70.4,expense,2026-01-26,1582.79,monthly
81,synthetic_user_81@example.com,0,Ingreso adicional,108.6,expense,2026-01-23,1582.79,monthly
81,synthetic_user_81@example.com,0,Ingresos,54.39,expense,2026-01-22,1582.79,monthly
81,synthetic_user_81@example.com,0,Otro,133.76,expense,2026-01-14,1582.79,monthly
81,synthetic_user_81@example.com,0,Servicios,73.45,expense,2026-01-01,1582.79,monthly
81,synthetic_user_81@example.com,0,rappi,76.44,expense,2026-01-03,1582.79,monthly
81,synthetic_user_81@example.com,0,Otro,80.2,expense,2026-01-14,1582.79,monthly
81,synthetic_user_81@example.com,0,Educacion,81.49,expense,2026-01-04,1582.79,monthly
81,synthetic_user_81@example.com,0,Ingreso adicional,96.22,expense,2026-01-24,1582.79,monthly
81,synthetic_user_81@example.com,0,Suscripciones,109.87,expense,2026-01-14,1582.79,monthly
81,synthetic_user_81@example.com,0,Transporte,89.46,expense,2026-01-12,1582.79,monthly
81,synthetic_user_81@example.com,0,Ingreso adicional,128.39,expense,2026-01-07,1582.79,monthly
81,synthetic_user_81@example.com,0,Ingreso Base,1859.39,income,2026-02-06,1582.79,monthly
81,synthetic_user_81@example.com,0,Inversion,211.95,investment,2026-02-26,1582.79,monthly
81,synthetic_user_81@example.com,0,Transporte,91.39,expense,2026-02-10,1582.79,monthly
81,synthetic_user_81@example.com,0,rappi,86.28,expense,2026-02-04,1582.79,monthly
81,synthetic_user_81@example.com,0,Otro,89.1,expense,2026-02-22,1582.79,monthly
81,synthetic_user_81@example.com,0,Suscripciones,41.12,expense,2026-02-17,1582.79,monthly
81,synthetic_user_81@example.com,0,Alimentacion,138.36,expense,2026-02-12,1582.79,monthly
81,synthetic_user_81@example.com,0,Ingreso adicional,122.33,expense,2026-02-25,1582.79,monthly
81,synthetic_user_81@example.com,0,Gastos generales,153.33,expense,2026-02-26,1582.79,monthly
81,synthetic_user_81@example.com,0,rappi,68.97,expense,2026-02-14,1582.79,monthly
81,synthetic_user_81@example.com,0,Ingreso adicional,52.63,expense,2026-02-25,1582.79,monthly
81,synthetic_user_81@example.com,0,rappi,97.66,expense,2026-02-10,1582.79,monthly
81,synthetic_user_81@example.com,0,Ingresos,104.42,expense,2026-02-14,1582.79,monthly
81,synthetic_user_81@example.com,0,Servicios,125.37,expense,2026-02-24,1582.79,monthly
81,synthetic_user_81@example.com,0,Ingreso adicional,59.63,expense,2026-02-11,1582.79,monthly
81,synthetic_user_81@example.com,0,rappi,131.91,expense,2026-02-16,1582.79,monthly
81,synthetic_user_81@example.com,0,Suscripciones,96.26,expense,2026-02-16,1582.79,monthly
81,synthetic_user_81@example.com,0,Suscripciones,33.0,expense,2026-02-01,1582.79,monthly
81,synthetic_user_81@example.com,0,Ingreso Base,1575.44,income,2026-03-08,1582.79,monthly
81,synthetic_user_81@example.com,0,Inversion,191.3,investment,2026-03-31,1582.79,monthly
81,synthetic_user_81@example.com,0,Ingreso adicional,76.85,expense,2026-03-25,1582.79,monthly
81,synthetic_user_81@example.com,0,Vivienda,36.15,expense,2026-03-03,1582.79,monthly
81,synthetic_user_81@example.com,0,Transporte,33.13,expense,2026-03-03,1582.79,monthly
81,synthetic_user_81@example.com,0,Ingreso adicional,119.29,expense,2026-03-19,1582.79,monthly
81,synthetic_user_81@example.com,0,Compras,37.85,expense,2026-03-05,1582.79,monthly
81,synthetic_user_81@example.com,0,Servicios,78.26,expense,2026-03-24,1582.79,monthly
81,synthetic_user_81@example.com,0,Ingresos,64.06,expense,2026-03-01,1582.79,monthly
81,synthetic_user_81@example.com,0,Otro,50.66,expense,2026-03-06,1582.79,monthly
81,synthetic_user_81@example.com,0,rappi,85.58,expense,2026-03-05,1582.79,monthly
81,synthetic_user_81@example.com,0,Ingresos,42.2,expense,2026-03-24,1582.79,monthly
81,synthetic_user_81@example.com,0,Ocio,90.36,expense,2026-03-05,1582.79,monthly
81,synthetic_user_81@example.com,0,Compras,52.97,expense,2026-03-10,1582.79,monthly
81,synthetic_user_81@example.com,0,Gastos generales,67.11,expense,2026-03-23,1582.79,monthly
81,synthetic_user_81@example.com,0,rappi,34.12,expense,2026-03-08,1582.79,monthly
81,synthetic_user_81@example.com,0,Educacion,89.33,expense,2026-03-08,1582.79,monthly
81,synthetic_user_81@example.com,0,Ocio,78.78,expense,2026-03-10,1582.79,monthly
81,synthetic_user_81@example.com,0,Ocio,59.79,expense,2026-03-14,1582.79,monthly
81,synthetic_user_81@example.com,0,Gastos generales,82.97,expense,2026-03-01,1582.79,monthly
81,synthetic_user_81@example.com,0,Ingreso Base,1588.32,income,2026-04-07,1582.79,monthly
81,synthetic_user_81@example.com,0,Inversion,207.65,investment,2026-04-18,1582.79,monthly
81,synthetic_user_81@example.com,0,Compras,66.48,expense,2026-04-03,1582.79,monthly
81,synthetic_user_81@example.com,0,Compras,116.2,expense,2026-04-14,1582.79,monthly
81,synthetic_user_81@example.com,0,Transporte,74.24,expense,2026-04-27,1582.79,monthly
81,synthetic_user_81@example.com,0,Compras,49.09,expense,2026-04-26,1582.79,monthly
81,synthetic_user_81@example.com,0,Ingresos,65.44,expense,2026-04-05,1582.79,monthly
81,synthetic_user_81@example.com,0,Ingreso adicional,91.12,expense,2026-04-18,1582.79,monthly
81,synthetic_user_81@example.com,0,rappi,37.67,expense,2026-04-09,1582.79,monthly
81,synthetic_user_81@example.com,0,Compras,131.32,expense,2026-04-15,1582.79,monthly
81,synthetic_user_81@example.com,0,Transporte,44.15,expense,2026-04-23,1582.79,monthly
81,synthetic_user_81@example.com,0,Suscripciones,84.44,expense,2026-04-09,1582.79,monthly
81,synthetic_user_81@example.com,0,Compras,41.53,expense,2026-04-26,1582.79,monthly
81,synthetic_user_81@example.com,0,Compras,92.44,expense,2026-04-22,1582.79,monthly
81,synthetic_user_81@example.com,0,Gastos generales,53.34,expense,2026-04-10,1582.79,monthly
81,synthetic_user_81@example.com,0,Ingresos,98.93,expense,2026-04-21,1582.79,monthly
82,synthetic_user_82@example.com,0,Ingreso Base,1227.17,income,2025-11-08,1513.74,monthly
82,synthetic_user_82@example.com,0,Inversion,69.29,investment,2025-11-19,1513.74,monthly
82,synthetic_user_82@example.com,0,Servicios,43.31,expense,2025-11-08,1513.74,monthly
82,synthetic_user_82@example.com,0,Salud,129.72,expense,2025-11-25,1513.74,monthly
82,synthetic_user_82@example.com,0,Salud,151.94,expense,2025-11-24,1513.74,monthly
82,synthetic_user_82@example.com,0,Ocio,64.4,expense,2025-11-13,1513.74,monthly
82,synthetic_user_82@example.com,0,Salud,127.79,expense,2025-11-19,1513.74,monthly
82,synthetic_user_82@example.com,0,Gastos generales,46.48,expense,2025-11-20,1513.74,monthly
82,synthetic_user_82@example.com,0,rappi,148.53,expense,2025-11-21,1513.74,monthly
82,synthetic_user_82@example.com,0,Salud,131.93,expense,2025-11-04,1513.74,monthly
82,synthetic_user_82@example.com,0,Servicios,69.85,expense,2025-11-25,1513.74,monthly
82,synthetic_user_82@example.com,0,Ingreso Base,1421.87,income,2025-12-08,1513.74,monthly
82,synthetic_user_82@example.com,0,Inversion,73.13,investment,2025-12-28,1513.74,monthly
82,synthetic_user_82@example.com,0,Ingresos,44.43,expense,2025-12-01,1513.74,monthly
82,synthetic_user_82@example.com,0,Salud,92.68,expense,2025-12-17,1513.74,monthly
82,synthetic_user_82@example.com,0,Gastos generales,123.11,expense,2025-12-14,1513.74,monthly
82,synthetic_user_82@example.com,0,Salud,70.03,expense,2025-12-21,1513.74,monthly
82,synthetic_user_82@example.com,0,Servicios,2.0,expense,2025-12-18,1513.74,monthly
82,synthetic_user_82@example.com,0,Ocio,79.04,expense,2025-12-26,1513.74,monthly
82,synthetic_user_82@example.com,0,Salud,72.91,expense,2025-12-10,1513.74,monthly
82,synthetic_user_82@example.com,0,Gastos generales,102.77,expense,2025-12-09,1513.74,monthly
82,synthetic_user_82@example.com,0,Servicios,44.88,expense,2025-12-01,1513.74,monthly
82,synthetic_user_82@example.com,0,Servicios,99.08,expense,2025-12-13,1513.74,monthly
82,synthetic_user_82@example.com,0,Ingresos,159.66,expense,2025-12-25,1513.74,monthly
82,synthetic_user_82@example.com,0,Servicios,84.42,expense,2025-12-27,1513.74,monthly
82,synthetic_user_82@example.com,0,Ocio,75.54,expense,2025-12-17,1513.74,monthly
82,synthetic_user_82@example.com,0,Gastos generales,92.81,expense,2025-12-27,1513.74,monthly
82,synthetic_user_82@example.com,0,Ingreso Base,1471.27,income,2026-01-07,1513.74,monthly
82,synthetic_user_82@example.com,0,Inversion,82.04,investment,2026-01-29,1513.74,monthly
82,synthetic_user_82@example.com,0,Educacion,67.44,expense,2026-01-24,1513.74,monthly
82,synthetic_user_82@example.com,0,Ocio,75.58,expense,2026-01-16,1513.74,monthly
82,synthetic_user_82@example.com,0,Compras,57.33,expense,2026-01-24,1513.74,monthly
82,synthetic_user_82@example.com,0,rappi,96.09,expense,2026-01-10,1513.74,monthly
82,synthetic_user_82@example.com,0,Ocio,77.27,expense,2026-01-24,1513.74,monthly
82,synthetic_user_82@example.com,0,Vivienda,98.59,expense,2026-01-26,1513.74,monthly
82,synthetic_user_82@example.com,0,Ingresos,93.59,expense,2026-01-06,1513.74,monthly
82,synthetic_user_82@example.com,0,Salud,73.39,expense,2026-01-15,1513.74,monthly
82,synthetic_user_82@example.com,0,rappi,105.99,expense,2026-01-12,1513.74,monthly
82,synthetic_user_82@example.com,0,rappi,71.66,expense,2026-01-26,1513.74,monthly
82,synthetic_user_82@example.com,0,Ocio,92.66,expense,2026-01-06,1513.74,monthly
82,synthetic_user_82@example.com,0,Ocio,36.17,expense,2026-01-23,1513.74,monthly
82,synthetic_user_82@example.com,0,rappi,67.67,expense,2026-01-16,1513.74,monthly
82,synthetic_user_82@example.com,0,Salud,49.33,expense,2026-01-24,1513.74,monthly
82,synthetic_user_82@example.com,0,Ocio,73.87,expense,2026-01-13,1513.74,monthly
82,synthetic_user_82@example.com,0,Ingreso Base,1391.21,income,2026-02-06,1513.74,monthly
82,synthetic_user_82@example.com,0,Inversion,78.34,investment,2026-02-10,1513.74,monthly
82,synthetic_user_82@example.com,0,Gastos generales,67.3,expense,2026-02-27,1513.74,monthly
82,synthetic_user_82@example.com,0,Salud,43.87,expense,2026-02-10,1513.74,monthly
82,synthetic_user_82@example.com,0,Salud,76.94,expense,2026-02-01,1513.74,monthly
82,synthetic_user_82@example.com,0,Salud,33.4,expense,2026-02-16,1513.74,monthly
82,synthetic_user_82@example.com,0,Salud,45.86,expense,2026-02-27,1513.74,monthly
82,synthetic_user_82@example.com,0,Servicios,98.41,expense,2026-02-23,1513.74,monthly
82,synthetic_user_82@example.com,0,Servicios,66.61,expense,2026-02-23,1513.74,monthly
82,synthetic_user_82@example.com,0,Ocio,89.78,expense,2026-02-10,1513.74,monthly
82,synthetic_user_82@example.com,0,Servicios,93.07,expense,2026-02-21,1513.74,monthly
82,synthetic_user_82@example.com,0,rappi,74.41,expense,2026-02-27,1513.74,monthly
82,synthetic_user_82@example.com,0,Transporte,30.22,expense,2026-02-04,1513.74,monthly
82,synthetic_user_82@example.com,0,Vivienda,65.63,expense,2026-02-26,1513.74,monthly
82,synthetic_user_82@example.com,0,Salud,30.33,expense,2026-02-21,1513.74,monthly
82,synthetic_user_82@example.com,0,Gastos generales,108.05,expense,2026-02-24,1513.74,monthly
82,synthetic_user_82@example.com,0,Servicios,71.9,expense,2026-02-17,1513.74,monthly
82,synthetic_user_82@example.com,0,Salud,23.57,expense,2026-02-11,1513.74,monthly
82,synthetic_user_82@example.com,0,Alimentacion,55.76,expense,2026-02-03,1513.74,monthly
82,synthetic_user_82@example.com,0,Servicios,53.02,expense,2026-02-26,1513.74,monthly
82,synthetic_user_82@example.com,0,Ingreso Base,1734.67,income,2026-03-08,1513.74,monthly
82,synthetic_user_82@example.com,0,Inversion,113.1,investment,2026-03-13,1513.74,monthly
82,synthetic_user_82@example.com,0,Gastos generales,216.14,expense,2026-03-04,1513.74,monthly
82,synthetic_user_82@example.com,0,Gastos generales,179.08,expense,2026-03-20,1513.74,monthly
82,synthetic_user_82@example.com,0,Otro,185.9,expense,2026-03-22,1513.74,monthly
82,synthetic_user_82@example.com,0,Otro,107.42,expense,2026-03-17,1513.74,monthly
82,synthetic_user_82@example.com,0,Servicios,231.93,expense,2026-03-22,1513.74,monthly
82,synthetic_user_82@example.com,0,Ocio,195.46,expense,2026-03-03,1513.74,monthly
82,synthetic_user_82@example.com,0,Salud,102.3,expense,2026-03-27,1513.74,monthly
82,synthetic_user_82@example.com,0,Salud,188.42,expense,2026-03-13,1513.74,monthly
82,synthetic_user_82@example.com,0,Ingreso Base,1299.13,income,2026-04-07,1513.74,monthly
82,synthetic_user_82@example.com,0,Inversion,67.83,investment,2026-04-17,1513.74,monthly
82,synthetic_user_82@example.com,0,Salud,79.93,expense,2026-04-19,1513.74,monthly
82,synthetic_user_82@example.com,0,Ocio,64.87,expense,2026-04-13,1513.74,monthly
82,synthetic_user_82@example.com,0,Ocio,75.76,expense,2026-04-10,1513.74,monthly
82,synthetic_user_82@example.com,0,Salud,80.45,expense,2026-04-07,1513.74,monthly
82,synthetic_user_82@example.com,0,rappi,66.55,expense,2026-04-02,1513.74,monthly
82,synthetic_user_82@example.com,0,Ocio,141.38,expense,2026-04-20,1513.74,monthly
82,synthetic_user_82@example.com,0,Ocio,44.04,expense,2026-04-27,1513.74,monthly
82,synthetic_user_82@example.com,0,Gastos generales,57.41,expense,2026-04-09,1513.74,monthly
82,synthetic_user_82@example.com,0,Otro,72.58,expense,2026-04-19,1513.74,monthly
82,synthetic_user_82@example.com,0,Servicios,46.92,expense,2026-04-18,1513.74,monthly
82,synthetic_user_82@example.com,0,Suscripciones,66.22,expense,2026-04-27,1513.74,monthly
82,synthetic_user_82@example.com,0,Ocio,87.32,expense,2026-04-11,1513.74,monthly
83,synthetic_user_83@example.com,0,Ingreso Base,522.34,income,2025-11-08,550.0,monthly
83,synthetic_user_83@example.com,0,Inversion,61.7,investment,2025-11-22,550.0,monthly
83,synthetic_user_83@example.com,0,Transporte,27.24,expense,2025-11-02,550.0,monthly
83,synthetic_user_83@example.com,0,Gastos generales,34.13,expense,2025-11-12,550.0,monthly
83,synthetic_user_83@example.com,0,Gastos generales,14.71,expense,2025-11-22,550.0,monthly
83,synthetic_user_83@example.com,0,Gastos generales,22.16,expense,2025-11-26,550.0,monthly
83,synthetic_user_83@example.com,0,Gastos generales,21.18,expense,2025-11-06,550.0,monthly
83,synthetic_user_83@example.com,0,rappi,12.71,expense,2025-11-09,550.0,monthly
83,synthetic_user_83@example.com,0,Educacion,38.41,expense,2025-11-06,550.0,monthly
83,synthetic_user_83@example.com,0,Ocio,25.77,expense,2025-11-20,550.0,monthly
83,synthetic_user_83@example.com,0,rappi,28.36,expense,2025-11-25,550.0,monthly
83,synthetic_user_83@example.com,0,Transporte,35.56,expense,2025-11-24,550.0,monthly
83,synthetic_user_83@example.com,0,Ingreso adicional,25.23,expense,2025-11-09,550.0,monthly
83,synthetic_user_83@example.com,0,Suscripciones,35.85,expense,2025-11-23,550.0,monthly
83,synthetic_user_83@example.com,0,Vivienda,6.72,expense,2025-11-13,550.0,monthly
83,synthetic_user_83@example.com,0,Ingresos,33.82,expense,2025-11-16,550.0,monthly
83,synthetic_user_83@example.com,0,Gastos generales,36.67,expense,2025-11-07,550.0,monthly
83,synthetic_user_83@example.com,0,Educacion,37.27,expense,2025-11-10,550.0,monthly
83,synthetic_user_83@example.com,0,Compras,24.4,expense,2025-11-14,550.0,monthly
83,synthetic_user_83@example.com,0,Ingreso Base,563.2,income,2025-12-08,550.0,monthly
83,synthetic_user_83@example.com,0,Inversion,65.08,investment,2025-12-22,550.0,monthly
83,synthetic_user_83@example.com,0,Gastos generales,23.38,expense,2025-12-18,550.0,monthly
83,synthetic_user_83@example.com,0,Gastos generales,22.23,expense,2025-12-07,550.0,monthly
83,synthetic_user_83@example.com,0,Otro,12.57,expense,2025-12-22,550.0,monthly
83,synthetic_user_83@example.com,0,Gastos generales,22.59,expense,2025-12-19,550.0,monthly
83,synthetic_user_83@example.com,0,Educacion,36.99,expense,2025-12-23,550.0,monthly
83,synthetic_user_83@example.com,0,Vivienda,21.01,expense,2025-12-11,550.0,monthly
83,synthetic_user_83@example.com,0,Gastos generales,37.41,expense,2025-12-17,550.0,monthly
83,synthetic_user_83@example.com,0,Ocio,31.37,expense,2025-12-12,550.0,monthly
83,synthetic_user_83@example.com,0,Ocio,32.5,expense,2025-12-03,550.0,monthly
83,synthetic_user_83@example.com,0,rappi,21.86,expense,2025-12-18,550.0,monthly
83,synthetic_user_83@example.com,0,Ocio,13.02,expense,2025-12-18,550.0,monthly
83,synthetic_user_83@example.com,0,Ingreso adicional,32.98,expense,2025-12-04,550.0,monthly
83,synthetic_user_83@example.com,0,Ingreso adicional,35.92,expense,2025-12-15,550.0,monthly
83,synthetic_user_83@example.com,0,Suscripciones,26.61,expense,2025-12-13,550.0,monthly
83,synthetic_user_83@example.com,0,Ingreso Base,660.5,income,2026-01-07,550.0,monthly
83,synthetic_user_83@example.com,0,Inversion,93.77,investment,2026-01-28,550.0,monthly
83,synthetic_user_83@example.com,0,Ingreso adicional,68.99,expense,2026-01-11,550.0,monthly
83,synthetic_user_83@example.com,0,Ingreso adicional,47.54,expense,2026-01-26,550.0,monthly
83,synthetic_user_83@example.com,0,Ocio,43.99,expense,2026-01-07,550.0,monthly
83,synthetic_user_83@example.com,0,Gastos generales,65.73,expense,2026-01-21,550.0,monthly
83,synthetic_user_83@example.com,0,rappi,40.52,expense,2026-01-20,550.0,monthly
83,synthetic_user_83@example.com,0,Gastos generales,53.23,expense,2026-01-26,550.0,monthly
83,synthetic_user_83@example.com,0,Otro,42.47,expense,2026-01-22,550.0,monthly
83,synthetic_user_83@example.com,0,Vivienda,46.64,expense,2026-01-13,550.0,monthly
83,synthetic_user_83@example.com,0,Educacion,40.09,expense,2026-01-08,550.0,monthly
83,synthetic_user_83@example.com,0,Gastos generales,78.49,expense,2026-01-15,550.0,monthly
83,synthetic_user_83@example.com,0,Compras,27.34,expense,2026-01-25,550.0,monthly
83,synthetic_user_83@example.com,0,Ingreso Base,568.53,income,2026-02-06,550.0,monthly
83,synthetic_user_83@example.com,0,Inversion,62.5,investment,2026-02-18,550.0,monthly
83,synthetic_user_83@example.com,0,Servicios,53.79,expense,2026-02-26,550.0,monthly
83,synthetic_user_83@example.com,0,Vivienda,64.94,expense,2026-02-17,550.0,monthly
83,synthetic_user_83@example.com,0,Gastos generales,60.78,expense,2026-02-22,550.0,monthly
83,synthetic_user_83@example.com,0,Educacion,39.56,expense,2026-02-27,550.0,monthly
83,synthetic_user_83@example.com,0,Ingresos,12.38,expense,2026-02-27,550.0,monthly
83,synthetic_user_83@example.com,0,Educacion,51.98,expense,2026-02-07,550.0,monthly
83,synthetic_user_83@example.com,0,Ingreso adicional,51.26,expense,2026-02-18,550.0,monthly
83,synthetic_user_83@example.com,0,Educacion,49.55,expense,2026-02-12,550.0,monthly
83,synthetic_user_83@example.com,0,Otro,32.17,expense,2026-02-06,550.0,monthly
83,synthetic_user_83@example.com,0,Ingreso adicional,4.83,expense,2026-02-05,550.0,monthly
83,synthetic_user_83@example.com,0,rappi,36.62,expense,2026-02-18,550.0,monthly
83,synthetic_user_83@example.com,0,Ingreso adicional,34.29,expense,2026-02-11,550.0,monthly
83,synthetic_user_83@example.com,0,Ingresos,30.25,expense,2026-02-10,550.0,monthly
83,synthetic_user_83@example.com,0,Ingreso Base,522.82,income,2026-03-08,550.0,monthly
83,synthetic_user_83@example.com,0,Inversion,78.39,investment,2026-03-17,550.0,monthly
83,synthetic_user_83@example.com,0,Transporte,53.08,expense,2026-03-04,550.0,monthly
83,synthetic_user_83@example.com,0,Ingreso adicional,60.89,expense,2026-03-15,550.0,monthly
83,synthetic_user_83@example.com,0,rappi,26.79,expense,2026-03-24,550.0,monthly
83,synthetic_user_83@example.com,0,Otro,51.26,expense,2026-03-08,550.0,monthly
83,synthetic_user_83@example.com,0,Salud,3.73,expense,2026-03-24,550.0,monthly
83,synthetic_user_83@example.com,0,Transporte,32.57,expense,2026-03-09,550.0,monthly
83,synthetic_user_83@example.com,0,rappi,43.04,expense,2026-03-09,550.0,monthly
83,synthetic_user_83@example.com,0,Educacion,46.25,expense,2026-03-19,550.0,monthly
83,synthetic_user_83@example.com,0,Ingreso adicional,59.84,expense,2026-03-06,550.0,monthly
83,synthetic_user_83@example.com,0,Ingresos,26.99,expense,2026-03-22,550.0,monthly
83,synthetic_user_83@example.com,0,Ingreso Base,530.12,income,2026-04-07,550.0,monthly
83,synthetic_user_83@example.com,0,Inversion,53.15,investment,2026-04-10,550.0,monthly
83,synthetic_user_83@example.com,0,Suscripciones,33.76,expense,2026-04-16,550.0,monthly
83,synthetic_user_83@example.com,0,Ingreso adicional,31.14,expense,2026-04-17,550.0,monthly
83,synthetic_user_83@example.com,0,Salud,23.12,expense,2026-04-17,550.0,monthly
83,synthetic_user_83@example.com,0,Otro,30.81,expense,2026-04-12,550.0,monthly
83,synthetic_user_83@example.com,0,Ingreso adicional,22.07,expense,2026-04-18,550.0,monthly
83,synthetic_user_83@example.com,0,Ocio,25.72,expense,2026-04-13,550.0,monthly
83,synthetic_user_83@example.com,0,Transporte,30.0,expense,2026-04-20,550.0,monthly
83,synthetic_user_83@example.com,0,Ingreso adicional,18.38,expense,2026-04-07,550.0,monthly
83,synthetic_user_83@example.com,0,Gastos generales,9.95,expense,2026-04-08,550.0,monthly
83,synthetic_user_83@example.com,0,Transporte,17.22,expense,2026-04-24,550.0,monthly
83,synthetic_user_83@example.com,0,Gastos generales,21.39,expense,2026-04-26,550.0,monthly
83,synthetic_user_83@example.com,0,Educacion,13.76,expense,2026-04-13,550.0,monthly
83,synthetic_user_83@example.com,0,Vivienda,29.73,expense,2026-04-21,550.0,monthly
83,synthetic_user_83@example.com,0,Alimentacion,29.8,expense,2026-04-01,550.0,monthly
83,synthetic_user_83@example.com,0,Suscripciones,24.42,expense,2026-04-11,550.0,monthly
83,synthetic_user_83@example.com,0,Otro,18.62,expense,2026-04-02,550.0,monthly
83,synthetic_user_83@example.com,0,Gastos generales,27.22,expense,2026-04-19,550.0,monthly
84,synthetic_user_84@example.com,0,Ingreso Base,1325.6,income,2025-11-08,1354.06,monthly
84,synthetic_user_84@example.com,0,Inversion,85.04,investment,2025-11-18,1354.06,monthly
84,synthetic_user_84@example.com,0,Salud,87.96,expense,2025-11-16,1354.06,monthly
84,synthetic_user_84@example.com,0,Ocio,82.07,expense,2025-11-26,1354.06,monthly
84,synthetic_user_84@example.com,0,Ingreso adicional,63.52,expense,2025-11-07,1354.06,monthly
84,synthetic_user_84@example.com,0,Servicios,60.15,expense,2025-11-12,1354.06,monthly
84,synthetic_user_84@example.com,0,Otro,98.61,expense,2025-11-13,1354.06,monthly
84,synthetic_user_84@example.com,0,Ingreso adicional,64.0,expense,2025-11-17,1354.06,monthly
84,synthetic_user_84@example.com,0,Gastos generales,51.67,expense,2025-11-12,1354.06,monthly
84,synthetic_user_84@example.com,0,Educacion,48.98,expense,2025-11-14,1354.06,monthly
84,synthetic_user_84@example.com,0,Ingreso adicional,60.33,expense,2025-11-17,1354.06,monthly
84,synthetic_user_84@example.com,0,Transporte,88.84,expense,2025-11-17,1354.06,monthly
84,synthetic_user_84@example.com,0,rappi,92.26,expense,2025-11-04,1354.06,monthly
84,synthetic_user_84@example.com,0,Otro,56.23,expense,2025-11-20,1354.06,monthly
84,synthetic_user_84@example.com,0,Ingreso adicional,51.85,expense,2025-11-11,1354.06,monthly
84,synthetic_user_84@example.com,0,Alimentacion,117.61,expense,2025-11-19,1354.06,monthly
84,synthetic_user_84@example.com,0,Gastos generales,71.23,expense,2025-11-17,1354.06,monthly
84,synthetic_user_84@example.com,0,rappi,84.76,expense,2025-11-04,1354.06,monthly
84,synthetic_user_84@example.com,0,Ingreso Base,1316.05,income,2025-12-08,1354.06,monthly
84,synthetic_user_84@example.com,0,Inversion,87.42,investment,2025-12-16,1354.06,monthly
84,synthetic_user_84@example.com,0,Otro,34.91,expense,2025-12-08,1354.06,monthly
84,synthetic_user_84@example.com,0,Servicios,73.21,expense,2025-12-09,1354.06,monthly
84,synthetic_user_84@example.com,0,Educacion,153.16,expense,2025-12-11,1354.06,monthly
84,synthetic_user_84@example.com,0,Transporte,125.48,expense,2025-12-18,1354.06,monthly
84,synthetic_user_84@example.com,0,Otro,95.94,expense,2025-12-07,1354.06,monthly
84,synthetic_user_84@example.com,0,Ocio,59.95,expense,2025-12-05,1354.06,monthly
84,synthetic_user_84@example.com,0,Vivienda,94.9,expense,2025-12-23,1354.06,monthly
84,synthetic_user_84@example.com,0,Gastos generales,119.76,expense,2025-12-08,1354.06,monthly
84,synthetic_user_84@example.com,0,Ingreso adicional,87.57,expense,2025-12-04,1354.06,monthly
84,synthetic_user_84@example.com,0,Ingreso adicional,61.4,expense,2025-12-07,1354.06,monthly
84,synthetic_user_84@example.com,0,Ingreso adicional,70.48,expense,2025-12-01,1354.06,monthly
84,synthetic_user_84@example.com,0,Ingreso Base,1322.28,income,2026-01-07,1354.06,monthly
84,synthetic_user_84@example.com,0,Inversion,66.25,investment,2026-01-19,1354.06,monthly
84,synthetic_user_84@example.com,0,Otro,87.02,expense,2026-01-15,1354.06,monthly
84,synthetic_user_84@example.com,0,Otro,89.0,expense,2026-01-21,1354.06,monthly
84,synthetic_user_84@example.com,0,Servicios,46.12,expense,2026-01-01,1354.06,monthly
84,synthetic_user_84@example.com,0,Ocio,105.0,expense,2026-01-07,1354.06,monthly
84,synthetic_user_84@example.com,0,Ingreso adicional,44.59,expense,2026-01-27,1354.06,monthly
84,synthetic_user_84@example.com,0,Transporte,62.21,expense,2026-01-18,1354.06,monthly
84,synthetic_user_84@example.com,0,Ingreso adicional,72.08,expense,2026-01-12,1354.06,monthly
84,synthetic_user_84@example.com,0,Ocio,37.84,expense,2026-01-26,1354.06,monthly
84,synthetic_user_84@example.com,0,Ingreso adicional,23.89,expense,2026-01-19,1354.06,monthly
84,synthetic_user_84@example.com,0,Ingresos,84.12,expense,2026-01-02,1354.06,monthly
84,synthetic_user_84@example.com,0,Servicios,65.67,expense,2026-01-07,1354.06,monthly
84,synthetic_user_84@example.com,0,Ingreso adicional,18.05,expense,2026-01-17,1354.06,monthly
84,synthetic_user_84@example.com,0,Ingreso adicional,69.18,expense,2026-01-03,1354.06,monthly
84,synthetic_user_84@example.com,0,Gastos generales,57.52,expense,2026-01-12,1354.06,monthly
84,synthetic_user_84@example.com,0,Vivienda,80.42,expense,2026-01-04,1354.06,monthly
84,synthetic_user_84@example.com,0,Alimentacion,61.8,expense,2026-01-23,1354.06,monthly
84,synthetic_user_84@example.com,0,Servicios,72.46,expense,2026-01-26,1354.06,monthly
84,synthetic_user_84@example.com,0,Ingreso Base,1351.01,income,2026-02-06,1354.06,monthly
84,synthetic_user_84@example.com,0,Inversion,121.81,investment,2026-02-16,1354.06,monthly
84,synthetic_user_84@example.com,0,Educacion,15.25,expense,2026-02-09,1354.06,monthly
84,synthetic_user_84@example.com,0,Ocio,79.15,expense,2026-02-04,1354.06,monthly
84,synthetic_user_84@example.com,0,Educacion,78.16,expense,2026-02-14,1354.06,monthly
84,synthetic_user_84@example.com,0,Gastos generales,36.83,expense,2026-02-02,1354.06,monthly
84,synthetic_user_84@example.com,0,Salud,77.85,expense,2026-02-06,1354.06,monthly
84,synthetic_user_84@example.com,0,Ingreso adicional,73.03,expense,2026-02-23,1354.06,monthly
84,synthetic_user_84@example.com,0,Servicios,70.81,expense,2026-02-14,1354.06,monthly
84,synthetic_user_84@example.com,0,Servicios,61.23,expense,2026-02-16,1354.06,monthly
84,synthetic_user_84@example.com,0,Educacion,97.23,expense,2026-02-23,1354.06,monthly
84,synthetic_user_84@example.com,0,Transporte,80.7,expense,2026-02-12,1354.06,monthly
84,synthetic_user_84@example.com,0,Vivienda,50.86,expense,2026-02-27,1354.06,monthly
84,synthetic_user_84@example.com,0,Ocio,103.05,expense,2026-02-08,1354.06,monthly
84,synthetic_user_84@example.com,0,Ocio,55.51,expense,2026-02-06,1354.06,monthly
84,synthetic_user_84@example.com,0,Ingreso adicional,83.69,expense,2026-02-09,1354.06,monthly
84,synthetic_user_84@example.com,0,Servicios,46.62,expense,2026-02-26,1354.06,monthly
84,synthetic_user_84@example.com,0,Otro,40.56,expense,2026-02-10,1354.06,monthly
84,synthetic_user_84@example.com,0,Salud,45.46,expense,2026-02-09,1354.06,monthly
84,synthetic_user_84@example.com,0,Ingreso Base,1468.1,income,2026-03-08,1354.06,monthly
84,synthetic_user_84@example.com,0,Inversion,94.88,investment,2026-03-17,1354.06,monthly
84,synthetic_user_84@example.com,0,Ingreso adicional,116.26,expense,2026-03-06,1354.06,monthly
84,synthetic_user_84@example.com,0,Otro,117.2,expense,2026-03-14,1354.06,monthly
84,synthetic_user_84@example.com,0,Ingreso adicional,85.72,expense,2026-03-04,1354.06,monthly
84,synthetic_user_84@example.com,0,Ocio,78.93,expense,2026-03-20,1354.06,monthly
84,synthetic_user_84@example.com,0,Ocio,86.22,expense,2026-03-06,1354.06,monthly
84,synthetic_user_84@example.com,0,Gastos generales,104.51,expense,2026-03-13,1354.06,monthly
84,synthetic_user_84@example.com,0,Suscripciones,113.66,expense,2026-03-08,1354.06,monthly
84,synthetic_user_84@example.com,0,Servicios,50.98,expense,2026-03-11,1354.06,monthly
84,synthetic_user_84@example.com,0,Servicios,144.38,expense,2026-03-08,1354.06,monthly
84,synthetic_user_84@example.com,0,Ocio,54.34,expense,2026-03-12,1354.06,monthly
84,synthetic_user_84@example.com,0,Suscripciones,59.67,expense,2026-03-13,1354.06,monthly
84,synthetic_user_84@example.com,0,Servicios,55.8,expense,2026-03-23,1354.06,monthly
84,synthetic_user_84@example.com,0,Servicios,104.5,expense,2026-03-01,1354.06,monthly
84,synthetic_user_84@example.com,0,Otro,75.48,expense,2026-03-24,1354.06,monthly
84,synthetic_user_84@example.com,0,Ingreso Base,1593.01,income,2026-04-07,1354.06,monthly
84,synthetic_user_84@example.com,0,Inversion,144.81,investment,2026-04-15,1354.06,monthly
84,synthetic_user_84@example.com,0,Ocio,101.59,expense,2026-04-05,1354.06,monthly
84,synthetic_user_84@example.com,0,Ingreso adicional,148.03,expense,2026-04-26,1354.06,monthly
84,synthetic_user_84@example.com,0,Suscripciones,73.92,expense,2026-04-02,1354.06,monthly
84,synthetic_user_84@example.com,0,Ingreso adicional,135.0,expense,2026-04-12,1354.06,monthly
84,synthetic_user_84@example.com,0,Ingreso adicional,112.36,expense,2026-04-03,1354.06,monthly
84,synthetic_user_84@example.com,0,Ingreso adicional,175.04,expense,2026-04-11,1354.06,monthly
84,synthetic_user_84@example.com,0,rappi,131.55,expense,2026-04-02,1354.06,monthly
84,synthetic_user_84@example.com,0,Otro,104.03,expense,2026-04-24,1354.06,monthly
84,synthetic_user_84@example.com,0,Ocio,76.97,expense,2026-04-08,1354.06,monthly
84,synthetic_user_84@example.com,0,Otro,138.6,expense,2026-04-08,1354.06,monthly
84,synthetic_user_84@example.com,0,Otro,138.82,expense,2026-04-12,1354.06,monthly
84,synthetic_user_84@example.com,0,Ocio,89.11,expense,2026-04-23,1354.06,monthly
85,synthetic_user_85@example.com,0,Ingreso Base,2012.32,income,2025-11-08,1824.89,monthly
85,synthetic_user_85@example.com,0,Inversion,199.86,investment,2025-12-02,1824.89,monthly
85,synthetic_user_85@example.com,0,Suscripciones,108.71,expense,2025-11-23,1824.89,monthly
85,synthetic_user_85@example.com,0,Transporte,104.88,expense,2025-11-06,1824.89,monthly
85,synthetic_user_85@example.com,0,Otro,149.67,expense,2025-11-24,1824.89,monthly
85,synthetic_user_85@example.com,0,Gastos generales,117.34,expense,2025-11-23,1824.89,monthly
85,synthetic_user_85@example.com,0,Ingresos,137.59,expense,2025-11-13,1824.89,monthly
85,synthetic_user_85@example.com,0,Transporte,138.4,expense,2025-11-04,1824.89,monthly
85,synthetic_user_85@example.com,0,Gastos generales,85.55,expense,2025-11-14,1824.89,monthly
85,synthetic_user_85@example.com,0,Gastos generales,128.89,expense,2025-11-24,1824.89,monthly
85,synthetic_user_85@example.com,0,Ocio,96.86,expense,2025-11-06,1824.89,monthly
85,synthetic_user_85@example.com,0,Gastos generales,92.04,expense,2025-11-14,1824.89,monthly
85,synthetic_user_85@example.com,0,Salud,76.79,expense,2025-11-23,1824.89,monthly
85,synthetic_user_85@example.com,0,Servicios,129.1,expense,2025-11-12,1824.89,monthly
85,synthetic_user_85@example.com,0,Ingreso adicional,90.23,expense,2025-11-05,1824.89,monthly
85,synthetic_user_85@example.com,0,rappi,150.23,expense,2025-11-14,1824.89,monthly
85,synthetic_user_85@example.com,0,Suscripciones,130.85,expense,2025-11-03,1824.89,monthly
85,synthetic_user_85@example.com,0,rappi,146.17,expense,2025-11-11,1824.89,monthly
85,synthetic_user_85@example.com,0,Ingreso Base,1983.22,income,2025-12-08,1824.89,monthly
85,synthetic_user_85@example.com,0,Inversion,281.09,investment,2025-12-11,1824.89,monthly
85,synthetic_user_85@example.com,0,Transporte,156.32,expense,2025-12-23,1824.89,monthly
85,synthetic_user_85@example.com,0,Otro,46.09,expense,2025-12-03,1824.89,monthly
85,synthetic_user_85@example.com,0,Gastos generales,45.63,expense,2025-12-04,1824.89,monthly
85,synthetic_user_85@example.com,0,Gastos generales,37.51,expense,2025-12-24,1824.89,monthly
85,synthetic_user_85@example.com,0,Transporte,60.61,expense,2025-12-05,1824.89,monthly
85,synthetic_user_85@example.com,0,Gastos generales,99.54,expense,2025-12-14,1824.89,monthly
85,synthetic_user_85@example.com,0,Servicios,73.72,expense,2025-12-03,1824.89,monthly
85,synthetic_user_85@example.com,0,Gastos generales,87.29,expense,2025-12-18,1824.89,monthly
85,synthetic_user_85@example.com,0,Ingresos,174.78,expense,2025-12-17,1824.89,monthly
85,synthetic_user_85@example.com,0,Ocio,90.64,expense,2025-12-05,1824.89,monthly
85,synthetic_user_85@example.com,0,Salud,97.05,expense,2025-12-10,1824.89,monthly
85,synthetic_user_85@example.com,0,Compras,38.4,expense,2025-12-03,1824.89,monthly
85,synthetic_user_85@example.com,0,rappi,153.39,expense,2025-12-18,1824.89,monthly
85,synthetic_user_85@example.com,0,rappi,121.23,expense,2025-12-20,1824.89,monthly
85,synthetic_user_85@example.com,0,Gastos generales,166.54,expense,2025-12-14,1824.89,monthly
85,synthetic_user_85@example.com,0,Transporte,74.19,expense,2025-12-23,1824.89,monthly
85,synthetic_user_85@example.com,0,Gastos generales,48.97,expense,2025-12-24,1824.89,monthly
85,synthetic_user_85@example.com,0,Ingreso Base,1457.8,income,2026-01-07,1824.89,monthly
85,synthetic_user_85@example.com,0,Inversion,116.51,investment,2026-01-27,1824.89,monthly
85,synthetic_user_85@example.com,0,Transporte,133.76,expense,2026-01-03,1824.89,monthly
85,synthetic_user_85@example.com,0,rappi,44.34,expense,2026-01-26,1824.89,monthly
85,synthetic_user_85@example.com,0,Gastos generales,70.54,expense,2026-01-17,1824.89,monthly
85,synthetic_user_85@example.com,0,Gastos generales,186.62,expense,2026-01-13,1824.89,monthly
85,synthetic_user_85@example.com,0,Alimentacion,156.64,expense,2026-01-21,1824.89,monthly
85,synthetic_user_85@example.com,0,Ocio,157.53,expense,2026-01-15,1824.89,monthly
85,synthetic_user_85@example.com,0,Ocio,198.18,expense,2026-01-20,1824.89,monthly
85,synthetic_user_85@example.com,0,rappi,189.65,expense,2026-01-23,1824.89,monthly
85,synthetic_user_85@example.com,0,Ingreso Base,1721.28,income,2026-02-06,1824.89,monthly
85,synthetic_user_85@example.com,0,Inversion,171.0,investment,2026-02-21,1824.89,monthly
85,synthetic_user_85@example.com,0,Alimentacion,57.25,expense,2026-02-05,1824.89,monthly
85,synthetic_user_85@example.com,0,Transporte,229.63,expense,2026-02-19,1824.89,monthly
85,synthetic_user_85@example.com,0,Alimentacion,184.81,expense,2026-02-15,1824.89,monthly
85,synthetic_user_85@example.com,0,Ingresos,151.9,expense,2026-02-15,1824.89,monthly
85,synthetic_user_85@example.com,0,Gastos generales,297.29,expense,2026-02-10,1824.89,monthly
85,synthetic_user_85@example.com,0,Suscripciones,173.99,expense,2026-02-16,1824.89,monthly
85,synthetic_user_85@example.com,0,rappi,144.41,expense,2026-02-24,1824.89,monthly
85,synthetic_user_85@example.com,0,Otro,150.8,expense,2026-02-17,1824.89,monthly
85,synthetic_user_85@example.com,0,Educacion,173.1,expense,2026-02-16,1824.89,monthly
85,synthetic_user_85@example.com,0,Ingreso Base,1882.26,income,2026-03-08,1824.89,monthly
85,synthetic_user_85@example.com,0,Inversion,235.2,investment,2026-03-13,1824.89,monthly
85,synthetic_user_85@example.com,0,rappi,135.63,expense,2026-03-21,1824.89,monthly
85,synthetic_user_85@example.com,0,rappi,106.28,expense,2026-03-13,1824.89,monthly
85,synthetic_user_85@example.com,0,Suscripciones,54.56,expense,2026-03-14,1824.89,monthly
85,synthetic_user_85@example.com,0,Ingresos,48.66,expense,2026-03-23,1824.89,monthly
85,synthetic_user_85@example.com,0,rappi,37.67,expense,2026-03-05,1824.89,monthly
85,synthetic_user_85@example.com,0,Transporte,97.25,expense,2026-03-18,1824.89,monthly
85,synthetic_user_85@example.com,0,Transporte,114.63,expense,2026-03-05,1824.89,monthly
85,synthetic_user_85@example.com,0,Gastos generales,75.07,expense,2026-03-11,1824.89,monthly
85,synthetic_user_85@example.com,0,Ingresos,96.2,expense,2026-03-19,1824.89,monthly
85,synthetic_user_85@example.com,0,Gastos generales,55.26,expense,2026-03-01,1824.89,monthly
85,synthetic_user_85@example.com,0,Gastos generales,137.94,expense,2026-03-17,1824.89,monthly
85,synthetic_user_85@example.com,0,Transporte,103.59,expense,2026-03-16,1824.89,monthly
85,synthetic_user_85@example.com,0,Gastos generales,70.79,expense,2026-03-07,1824.89,monthly
85,synthetic_user_85@example.com,0,Gastos generales,71.6,expense,2026-03-27,1824.89,monthly
85,synthetic_user_85@example.com,0,Suscripciones,99.39,expense,2026-03-03,1824.89,monthly
85,synthetic_user_85@example.com,0,Suscripciones,98.77,expense,2026-03-04,1824.89,monthly
85,synthetic_user_85@example.com,0,Otro,142.95,expense,2026-03-21,1824.89,monthly
85,synthetic_user_85@example.com,0,Ingresos,67.4,expense,2026-03-09,1824.89,monthly
85,synthetic_user_85@example.com,0,Ingreso Base,1592.42,income,2026-04-07,1824.89,monthly
85,synthetic_user_85@example.com,0,Inversion,169.5,investment,2026-04-15,1824.89,monthly
85,synthetic_user_85@example.com,0,Otro,53.7,expense,2026-04-04,1824.89,monthly
85,synthetic_user_85@example.com,0,Ingresos,93.25,expense,2026-04-11,1824.89,monthly
85,synthetic_user_85@example.com,0,Ingresos,101.56,expense,2026-04-05,1824.89,monthly
85,synthetic_user_85@example.com,0,Ingresos,91.09,expense,2026-04-13,1824.89,monthly
85,synthetic_user_85@example.com,0,Gastos generales,139.37,expense,2026-04-04,1824.89,monthly
85,synthetic_user_85@example.com,0,rappi,133.25,expense,2026-04-22,1824.89,monthly
85,synthetic_user_85@example.com,0,Gastos generales,112.07,expense,2026-04-13,1824.89,monthly
85,synthetic_user_85@example.com,0,Gastos generales,99.9,expense,2026-04-14,1824.89,monthly
85,synthetic_user_85@example.com,0,Vivienda,79.89,expense,2026-04-26,1824.89,monthly
85,synthetic_user_85@example.com,0,Salud,50.83,expense,2026-04-01,1824.89,monthly
85,synthetic_user_85@example.com,0,Transporte,106.59,expense,2026-04-17,1824.89,monthly
85,synthetic_user_85@example.com,0,Ocio,93.09,expense,2026-04-12,1824.89,monthly
85,synthetic_user_85@example.com,0,Transporte,94.89,expense,2026-04-02,1824.89,monthly
85,synthetic_user_85@example.com,0,Transporte,104.8,expense,2026-04-24,1824.89,monthly
85,synthetic_user_85@example.com,0,Ingreso adicional,62.41,expense,2026-04-18,1824.89,monthly
86,synthetic_user_86@example.com,0,Ingreso Base,2130.01,income,2025-11-08,2089.0,monthly
86,synthetic_user_86@example.com,0,Vivienda,49.18,expense,2025-11-24,2089.0,monthly
86,synthetic_user_86@example.com,0,Gastos generales,145.5,expense,2025-11-12,2089.0,monthly
86,synthetic_user_86@example.com,0,Ingresos,131.84,expense,2025-11-23,2089.0,monthly
86,synthetic_user_86@example.com,0,Ingreso adicional,84.13,expense,2025-11-13,2089.0,monthly
86,synthetic_user_86@example.com,0,Salud,84.06,expense,2025-11-24,2089.0,monthly
86,synthetic_user_86@example.com,0,Alimentacion,106.68,expense,2025-11-23,2089.0,monthly
86,synthetic_user_86@example.com,0,Gastos generales,109.0,expense,2025-11-10,2089.0,monthly
86,synthetic_user_86@example.com,0,Ingresos,3.34,expense,2025-11-17,2089.0,monthly
86,synthetic_user_86@example.com,0,rappi,73.8,expense,2025-11-24,2089.0,monthly
86,synthetic_user_86@example.com,0,Alimentacion,108.8,expense,2025-11-17,2089.0,monthly
86,synthetic_user_86@example.com,0,Ocio,132.35,expense,2025-11-20,2089.0,monthly
86,synthetic_user_86@example.com,0,Salud,83.87,expense,2025-11-06,2089.0,monthly
86,synthetic_user_86@example.com,0,Servicios,23.57,expense,2025-11-23,2089.0,monthly
86,synthetic_user_86@example.com,0,Vivienda,124.75,expense,2025-11-04,2089.0,monthly
86,synthetic_user_86@example.com,0,Ingresos,130.57,expense,2025-11-15,2089.0,monthly
86,synthetic_user_86@example.com,0,Salud,105.81,expense,2025-11-03,2089.0,monthly
86,synthetic_user_86@example.com,0,Ingresos,54.94,expense,2025-11-08,2089.0,monthly
86,synthetic_user_86@example.com,0,Gastos generales,63.33,expense,2025-11-24,2089.0,monthly
86,synthetic_user_86@example.com,0,Suscripciones,112.47,expense,2025-11-18,2089.0,monthly
86,synthetic_user_86@example.com,0,Ingreso Base,2269.22,income,2025-12-08,2089.0,monthly
86,synthetic_user_86@example.com,0,Salud,126.27,expense,2025-12-08,2089.0,monthly
86,synthetic_user_86@example.com,0,Salud,151.91,expense,2025-12-24,2089.0,monthly
86,synthetic_user_86@example.com,0,Transporte,138.08,expense,2025-12-13,2089.0,monthly
86,synthetic_user_86@example.com,0,Vivienda,119.2,expense,2025-12-16,2089.0,monthly
86,synthetic_user_86@example.com,0,Suscripciones,117.07,expense,2025-12-12,2089.0,monthly
86,synthetic_user_86@example.com,0,Alimentacion,179.52,expense,2025-12-15,2089.0,monthly
86,synthetic_user_86@example.com,0,Ocio,2.0,expense,2025-12-01,2089.0,monthly
86,synthetic_user_86@example.com,0,Ingresos,87.23,expense,2025-12-05,2089.0,monthly
86,synthetic_user_86@example.com,0,Ingresos,132.24,expense,2025-12-18,2089.0,monthly
86,synthetic_user_86@example.com,0,Suscripciones,123.82,expense,2025-12-10,2089.0,monthly
86,synthetic_user_86@example.com,0,Transporte,118.37,expense,2025-12-04,2089.0,monthly
86,synthetic_user_86@example.com,0,Salud,88.35,expense,2025-12-13,2089.0,monthly
86,synthetic_user_86@example.com,0,Vivienda,122.45,expense,2025-12-18,2089.0,monthly
86,synthetic_user_86@example.com,0,Transporte,94.22,expense,2025-12-26,2089.0,monthly
86,synthetic_user_86@example.com,0,Ingresos,121.03,expense,2025-12-26,2089.0,monthly
86,synthetic_user_86@example.com,0,Vivienda,74.57,expense,2025-12-19,2089.0,monthly
86,synthetic_user_86@example.com,0,Ingresos,96.03,expense,2025-12-12,2089.0,monthly
86,synthetic_user_86@example.com,0,Ingresos,136.86,expense,2025-12-03,2089.0,monthly
86,synthetic_user_86@example.com,0,Gastos generales,166.57,expense,2025-12-21,2089.0,monthly
86,synthetic_user_86@example.com,0,Ingreso Base,2008.92,income,2026-01-07,2089.0,monthly
86,synthetic_user_86@example.com,0,Compras,211.52,expense,2026-01-15,2089.0,monthly
86,synthetic_user_86@example.com,0,Salud,178.01,expense,2026-01-22,2089.0,monthly
86,synthetic_user_86@example.com,0,Salud,260.73,expense,2026-01-09,2089.0,monthly
86,synthetic_user_86@example.com,0,Salud,118.22,expense,2026-01-17,2089.0,monthly
86,synthetic_user_86@example.com,0,Salud,207.39,expense,2026-01-15,2089.0,monthly
86,synthetic_user_86@example.com,0,Ocio,147.73,expense,2026-01-01,2089.0,monthly
86,synthetic_user_86@example.com,0,Otro,326.46,expense,2026-01-11,2089.0,monthly
86,synthetic_user_86@example.com,0,Ingresos,134.33,expense,2026-01-13,2089.0,monthly
86,synthetic_user_86@example.com,0,Ingreso Base,1969.78,income,2026-02-06,2089.0,monthly
86,synthetic_user_86@example.com,0,Suscripciones,189.34,expense,2026-02-03,2089.0,monthly
86,synthetic_user_86@example.com,0,Vivienda,135.94,expense,2026-02-13,2089.0,monthly
86,synthetic_user_86@example.com,0,Ocio,89.58,expense,2026-02-27,2089.0,monthly
86,synthetic_user_86@example.com,0,Vivienda,145.32,expense,2026-02-25,2089.0,monthly
86,synthetic_user_86@example.com,0,Vivienda,254.04,expense,2026-02-06,2089.0,monthly
86,synthetic_user_86@example.com,0,Gastos generales,232.19,expense,2026-02-05,2089.0,monthly
86,synthetic_user_86@example.com,0,Vivienda,171.7,expense,2026-02-21,2089.0,monthly
86,synthetic_user_86@example.com,0,Servicios,155.67,expense,2026-02-20,2089.0,monthly
86,synthetic_user_86@example.com,0,Ingresos,81.93,expense,2026-02-21,2089.0,monthly
86,synthetic_user_86@example.com,0,Transporte,135.49,expense,2026-02-27,2089.0,monthly
86,synthetic_user_86@example.com,0,Ingreso Base,2157.0,income,2026-03-08,2089.0,monthly
86,synthetic_user_86@example.com,0,Salud,98.07,expense,2026-03-15,2089.0,monthly
86,synthetic_user_86@example.com,0,Vivienda,137.94,expense,2026-03-27,2089.0,monthly
86,synthetic_user_86@example.com,0,Ingresos,77.5,expense,2026-03-05,2089.0,monthly
86,synthetic_user_86@example.com,0,Vivienda,137.06,expense,2026-03-04,2089.0,monthly
86,synthetic_user_86@example.com,0,Compras,100.92,expense,2026-03-11,2089.0,monthly
86,synthetic_user_86@example.com,0,Transporte,138.26,expense,2026-03-05,2089.0,monthly
86,synthetic_user_86@example.com,0,Gastos generales,175.81,expense,2026-03-27,2089.0,monthly
86,synthetic_user_86@example.com,0,Vivienda,139.16,expense,2026-03-15,2089.0,monthly
86,synthetic_user_86@example.com,0,Gastos generales,125.41,expense,2026-03-05,2089.0,monthly
86,synthetic_user_86@example.com,0,Salud,146.46,expense,2026-03-18,2089.0,monthly
86,synthetic_user_86@example.com,0,Transporte,87.12,expense,2026-03-16,2089.0,monthly
86,synthetic_user_86@example.com,0,rappi,93.87,expense,2026-03-06,2089.0,monthly
86,synthetic_user_86@example.com,0,Educacion,123.15,expense,2026-03-03,2089.0,monthly
86,synthetic_user_86@example.com,0,Gastos generales,138.18,expense,2026-03-12,2089.0,monthly
86,synthetic_user_86@example.com,0,Gastos generales,102.65,expense,2026-03-18,2089.0,monthly
86,synthetic_user_86@example.com,0,Servicios,91.21,expense,2026-03-20,2089.0,monthly
86,synthetic_user_86@example.com,0,Otro,137.28,expense,2026-03-08,2089.0,monthly
86,synthetic_user_86@example.com,0,Ingreso Base,1901.63,income,2026-04-07,2089.0,monthly
86,synthetic_user_86@example.com,0,Ocio,207.52,expense,2026-04-07,2089.0,monthly
86,synthetic_user_86@example.com,0,rappi,236.12,expense,2026-04-16,2089.0,monthly
86,synthetic_user_86@example.com,0,rappi,190.25,expense,2026-04-13,2089.0,monthly
86,synthetic_user_86@example.com,0,Compras,146.51,expense,2026-04-19,2089.0,monthly
86,synthetic_user_86@example.com,0,Gastos generales,148.22,expense,2026-04-16,2089.0,monthly
86,synthetic_user_86@example.com,0,Vivienda,179.58,expense,2026-04-07,2089.0,monthly
86,synthetic_user_86@example.com,0,Compras,154.58,expense,2026-04-16,2089.0,monthly
86,synthetic_user_86@example.com,0,Transporte,235.21,expense,2026-04-12,2089.0,monthly
86,synthetic_user_86@example.com,0,Otro,155.52,expense,2026-04-02,2089.0,monthly
86,synthetic_user_86@example.com,0,Otro,173.96,expense,2026-04-12,2089.0,monthly
86,synthetic_user_86@example.com,0,Ingresos,24.43,expense,2026-04-24,2089.0,monthly
87,synthetic_user_87@example.com,0,Ingreso Base,1926.19,income,2025-11-08,1868.08,monthly
87,synthetic_user_87@example.com,0,Inversion,180.34,investment,2025-11-15,1868.08,monthly
87,synthetic_user_87@example.com,0,Otro,88.99,expense,2025-11-25,1868.08,monthly
87,synthetic_user_87@example.com,0,Alimentacion,74.26,expense,2025-11-15,1868.08,monthly
87,synthetic_user_87@example.com,0,Otro,154.51,expense,2025-11-21,1868.08,monthly
87,synthetic_user_87@example.com,0,Salud,109.31,expense,2025-11-06,1868.08,monthly
87,synthetic_user_87@example.com,0,Compras,140.51,expense,2025-11-13,1868.08,monthly
87,synthetic_user_87@example.com,0,Compras,119.8,expense,2025-11-14,1868.08,monthly
87,synthetic_user_87@example.com,0,Otro,122.19,expense,2025-11-13,1868.08,monthly
87,synthetic_user_87@example.com,0,Gastos generales,47.75,expense,2025-11-11,1868.08,monthly
87,synthetic_user_87@example.com,0,Transporte,78.91,expense,2025-11-15,1868.08,monthly
87,synthetic_user_87@example.com,0,Transporte,120.42,expense,2025-11-26,1868.08,monthly
87,synthetic_user_87@example.com,0,Otro,145.3,expense,2025-11-22,1868.08,monthly
87,synthetic_user_87@example.com,0,Gastos generales,100.14,expense,2025-11-05,1868.08,monthly
87,synthetic_user_87@example.com,0,Educacion,168.85,expense,2025-11-07,1868.08,monthly
87,synthetic_user_87@example.com,0,Servicios,116.19,expense,2025-11-26,1868.08,monthly
87,synthetic_user_87@example.com,0,Ingreso Base,2071.98,income,2025-12-08,1868.08,monthly
87,synthetic_user_87@example.com,0,Inversion,160.61,investment,2025-12-27,1868.08,monthly
87,synthetic_user_87@example.com,0,Gastos generales,200.42,expense,2025-12-22,1868.08,monthly
87,synthetic_user_87@example.com,0,Gastos generales,175.31,expense,2025-12-25,1868.08,monthly
87,synthetic_user_87@example.com,0,Educacion,238.7,expense,2025-12-17,1868.08,monthly
87,synthetic_user_87@example.com,0,Educacion,290.98,expense,2025-12-20,1868.08,monthly
87,synthetic_user_87@example.com,0,rappi,159.52,expense,2025-12-23,1868.08,monthly
87,synthetic_user_87@example.com,0,Vivienda,238.05,expense,2025-12-22,1868.08,monthly
87,synthetic_user_87@example.com,0,Vivienda,285.52,expense,2025-12-06,1868.08,monthly
87,synthetic_user_87@example.com,0,Alimentacion,151.1,expense,2025-12-23,1868.08,monthly
87,synthetic_user_87@example.com,0,Educacion,59.73,expense,2025-12-15,1868.08,monthly
87,synthetic_user_87@example.com,0,Ingreso Base,1910.17,income,2026-01-07,1868.08,monthly
87,synthetic_user_87@example.com,0,Inversion,75.58,investment,2026-01-30,1868.08,monthly
87,synthetic_user_87@example.com,0,Otro,365.67,expense,2026-01-16,1868.08,monthly
87,synthetic_user_87@example.com,0,Educacion,143.91,expense,2026-01-01,1868.08,monthly
87,synthetic_user_87@example.com,0,Compras,134.05,expense,2026-01-04,1868.08,monthly
87,synthetic_user_87@example.com,0,Alimentacion,201.13,expense,2026-01-12,1868.08,monthly
87,synthetic_user_87@example.com,0,Alimentacion,120.75,expense,2026-01-11,1868.08,monthly
87,synthetic_user_87@example.com,0,Ingreso adicional,113.33,expense,2026-01-06,1868.08,monthly
87,synthetic_user_87@example.com,0,Alimentacion,216.75,expense,2026-01-24,1868.08,monthly
87,synthetic_user_87@example.com,0,Alimentacion,240.75,expense,2026-01-01,1868.08,monthly
87,synthetic_user_87@example.com,0,Servicios,89.18,expense,2026-01-14,1868.08,monthly
87,synthetic_user_87@example.com,0,Alimentacion,218.84,expense,2026-01-22,1868.08,monthly
87,synthetic_user_87@example.com,0,Ingreso Base,1812.53,income,2026-02-06,1868.08,monthly
87,synthetic_user_87@example.com,0,Inversion,126.09,investment,2026-02-12,1868.08,monthly
87,synthetic_user_87@example.com,0,Alimentacion,179.4,expense,2026-02-17,1868.08,monthly
87,synthetic_user_87@example.com,0,Compras,127.63,expense,2026-02-04,1868.08,monthly
87,synthetic_user_87@example.com,0,rappi,121.82,expense,2026-02-23,1868.08,monthly
87,synthetic_user_87@example.com,0,Educacion,114.07,expense,2026-02-10,1868.08,monthly
87,synthetic_user_87@example.com,0,Servicios,77.24,expense,2026-02-02,1868.08,monthly
87,synthetic_user_87@example.com,0,Vivienda,104.37,expense,2026-02-10,1868.08,monthly
87,synthetic_user_87@example.com,0,Compras,165.37,expense,2026-02-20,1868.08,monthly
87,synthetic_user_87@example.com,0,Otro,193.87,expense,2026-02-19,1868.08,monthly
87,synthetic_user_87@example.com,0,Otro,91.28,expense,2026-02-02,1868.08,monthly
87,synthetic_user_87@example.com,0,Compras,183.77,expense,2026-02-13,1868.08,monthly
87,synthetic_user_87@example.com,0,Alimentacion,127.2,expense,2026-02-08,1868.08,monthly
87,synthetic_user_87@example.com,0,Alimentacion,133.7,expense,2026-02-02,1868.08,monthly
87,synthetic_user_87@example.com,0,Salud,108.89,expense,2026-02-11,1868.08,monthly
87,synthetic_user_87@example.com,0,Otro,157.96,expense,2026-02-02,1868.08,monthly
87,synthetic_user_87@example.com,0,Ingreso Base,1830.96,income,2026-03-08,1868.08,monthly
87,synthetic_user_87@example.com,0,Inversion,141.18,investment,2026-03-13,1868.08,monthly
87,synthetic_user_87@example.com,0,Vivienda,164.75,expense,2026-03-18,1868.08,monthly
87,synthetic_user_87@example.com,0,Ingreso adicional,90.09,expense,2026-03-15,1868.08,monthly
87,synthetic_user_87@example.com,0,Otro,184.1,expense,2026-03-25,1868.08,monthly
87,synthetic_user_87@example.com,0,Educacion,217.34,expense,2026-03-12,1868.08,monthly
87,synthetic_user_87@example.com,0,Otro,169.2,expense,2026-03-18,1868.08,monthly
87,synthetic_user_87@example.com,0,Servicios,86.57,expense,2026-03-26,1868.08,monthly
87,synthetic_user_87@example.com,0,Vivienda,135.52,expense,2026-03-15,1868.08,monthly
87,synthetic_user_87@example.com,0,Alimentacion,192.16,expense,2026-03-23,1868.08,monthly
87,synthetic_user_87@example.com,0,Transporte,5.17,expense,2026-03-05,1868.08,monthly
87,synthetic_user_87@example.com,0,Ingreso adicional,110.12,expense,2026-03-26,1868.08,monthly
87,synthetic_user_87@example.com,0,Salud,18.38,expense,2026-03-24,1868.08,monthly
87,synthetic_user_87@example.com,0,Alimentacion,105.48,expense,2026-03-25,1868.08,monthly
87,synthetic_user_87@example.com,0,Ingreso Base,1751.74,income,2026-04-07,1868.08,monthly
87,synthetic_user_87@example.com,0,Inversion,173.12,investment,2026-04-23,1868.08,monthly
87,synthetic_user_87@example.com,0,Vivienda,111.86,expense,2026-04-17,1868.08,monthly
87,synthetic_user_87@example.com,0,Alimentacion,159.76,expense,2026-04-11,1868.08,monthly
87,synthetic_user_87@example.com,0,Educacion,93.87,expense,2026-04-21,1868.08,monthly
87,synthetic_user_87@example.com,0,Alimentacion,128.38,expense,2026-04-24,1868.08,monthly
87,synthetic_user_87@example.com,0,Servicios,160.44,expense,2026-04-22,1868.08,monthly
87,synthetic_user_87@example.com,0,Suscripciones,54.35,expense,2026-04-19,1868.08,monthly
87,synthetic_user_87@example.com,0,Salud,70.5,expense,2026-04-18,1868.08,monthly
87,synthetic_user_87@example.com,0,rappi,63.22,expense,2026-04-17,1868.08,monthly
87,synthetic_user_87@example.com,0,Compras,188.54,expense,2026-04-08,1868.08,monthly
87,synthetic_user_87@example.com,0,Vivienda,113.06,expense,2026-04-23,1868.08,monthly
87,synthetic_user_87@example.com,0,Salud,127.64,expense,2026-04-05,1868.08,monthly
87,synthetic_user_87@example.com,0,Alimentacion,70.24,expense,2026-04-03,1868.08,monthly
87,synthetic_user_87@example.com,0,Compras,68.14,expense,2026-04-20,1868.08,monthly
87,synthetic_user_87@example.com,0,Servicios,71.65,expense,2026-04-23,1868.08,monthly
87,synthetic_user_87@example.com,0,Educacion,81.72,expense,2026-04-13,1868.08,monthly
87,synthetic_user_87@example.com,0,Otro,11.79,expense,2026-04-27,1868.08,monthly
87,synthetic_user_87@example.com,0,Otro,70.86,expense,2026-04-04,1868.08,monthly
88,synthetic_user_88@example.com,0,Ingreso Base,2965.47,income,2025-11-08,2676.98,monthly
88,synthetic_user_88@example.com,0,Inversion,218.68,investment,2025-12-01,2676.98,monthly
88,synthetic_user_88@example.com,0,Transporte,156.32,expense,2025-11-27,2676.98,monthly
88,synthetic_user_88@example.com,0,Salud,176.84,expense,2025-11-24,2676.98,monthly
88,synthetic_user_88@example.com,0,Otro,226.47,expense,2025-11-24,2676.98,monthly
88,synthetic_user_88@example.com,0,Ingreso adicional,154.9,expense,2025-11-06,2676.98,monthly
88,synthetic_user_88@example.com,0,Gastos generales,170.9,expense,2025-11-22,2676.98,monthly
88,synthetic_user_88@example.com,0,Ingresos,224.64,expense,2025-11-22,2676.98,monthly
88,synthetic_user_88@example.com,0,Salud,79.07,expense,2025-11-23,2676.98,monthly
88,synthetic_user_88@example.com,0,Salud,234.85,expense,2025-11-08,2676.98,monthly
88,synthetic_user_88@example.com,0,Vivienda,266.76,expense,2025-11-01,2676.98,monthly
88,synthetic_user_88@example.com,0,Suscripciones,162.26,expense,2025-11-09,2676.98,monthly
88,synthetic_user_88@example.com,0,Transporte,190.42,expense,2025-11-16,2676.98,monthly
88,synthetic_user_88@example.com,0,Salud,115.78,expense,2025-11-07,2676.98,monthly
88,synthetic_user_88@example.com,0,Otro,243.79,expense,2025-11-18,2676.98,monthly
88,synthetic_user_88@example.com,0,Salud,124.28,expense,2025-11-27,2676.98,monthly
88,synthetic_user_88@example.com,0,Ingreso adicional,126.0,expense,2025-11-17,2676.98,monthly
88,synthetic_user_88@example.com,0,Ingreso Base,2587.39,income,2025-12-08,2676.98,monthly
88,synthetic_user_88@example.com,0,Inversion,117.5,investment,2025-12-20,2676.98,monthly
88,synthetic_user_88@example.com,0,Transporte,106.5,expense,2025-12-04,2676.98,monthly
88,synthetic_user_88@example.com,0,Otro,69.3,expense,2025-12-16,2676.98,monthly
88,synthetic_user_88@example.com,0,Ingresos,134.46,expense,2025-12-04,2676.98,monthly
88,synthetic_user_88@example.com,0,Alimentacion,129.57,expense,2025-12-25,2676.98,monthly
88,synthetic_user_88@example.com,0,Ocio,74.86,expense,2025-12-27,2676.98,monthly
88,synthetic_user_88@example.com,0,Suscripciones,73.46,expense,2025-12-18,2676.98,monthly
88,synthetic_user_88@example.com,0,Gastos generales,61.54,expense,2025-12-06,2676.98,monthly
88,synthetic_user_88@example.com,0,Ingreso adicional,179.16,expense,2025-12-01,2676.98,monthly
88,synthetic_user_88@example.com,0,Transporte,83.38,expense,2025-12-09,2676.98,monthly
88,synthetic_user_88@example.com,0,Ingreso adicional,150.24,expense,2025-12-23,2676.98,monthly
88,synthetic_user_88@example.com,0,Transporte,121.54,expense,2025-12-22,2676.98,monthly
88,synthetic_user_88@example.com,0,Ingreso adicional,151.51,expense,2025-12-04,2676.98,monthly
88,synthetic_user_88@example.com,0,Suscripciones,94.55,expense,2025-12-02,2676.98,monthly
88,synthetic_user_88@example.com,0,Vivienda,53.9,expense,2025-12-22,2676.98,monthly
88,synthetic_user_88@example.com,0,Transporte,113.19,expense,2025-12-21,2676.98,monthly
88,synthetic_user_88@example.com,0,Suscripciones,145.5,expense,2025-12-04,2676.98,monthly
88,synthetic_user_88@example.com,0,Ocio,70.52,expense,2025-12-16,2676.98,monthly
88,synthetic_user_88@example.com,0,Ingreso Base,2802.25,income,2026-01-07,2676.98,monthly
88,synthetic_user_88@example.com,0,Inversion,169.13,investment,2026-01-17,2676.98,monthly
88,synthetic_user_88@example.com,0,Gastos generales,264.56,expense,2026-01-02,2676.98,monthly
88,synthetic_user_88@example.com,0,Salud,275.01,expense,2026-01-24,2676.98,monthly
88,synthetic_user_88@example.com,0,Gastos generales,290.25,expense,2026-01-20,2676.98,monthly
88,synthetic_user_88@example.com,0,Ingresos,237.47,expense,2026-01-01,2676.98,monthly
88,synthetic_user_88@example.com,0,Compras,145.78,expense,2026-01-24,2676.98,monthly
88,synthetic_user_88@example.com,0,Salud,225.59,expense,2026-01-15,2676.98,monthly
88,synthetic_user_88@example.com,0,Compras,163.72,expense,2026-01-04,2676.98,monthly
88,synthetic_user_88@example.com,0,Ocio,356.79,expense,2026-01-18,2676.98,monthly
88,synthetic_user_88@example.com,0,Vivienda,163.69,expense,2026-01-05,2676.98,monthly
88,synthetic_user_88@example.com,0,Servicios,176.04,expense,2026-01-27,2676.98,monthly
88,synthetic_user_88@example.com,0,Ingreso Base,2365.0,income,2026-02-06,2676.98,monthly
88,synthetic_user_88@example.com,0,Inversion,167.3,investment,2026-02-16,2676.98,monthly
88,synthetic_user_88@example.com,0,Ingreso adicional,152.08,expense,2026-02-16,2676.98,monthly
88,synthetic_user_88@example.com,0,Ingreso adicional,118.7,expense,2026-02-26,2676.98,monthly
88,synthetic_user_88@example.com,0,Compras,153.54,expense,2026-02-24,2676.98,monthly
88,synthetic_user_88@example.com,0,Gastos generales,239.12,expense,2026-02-06,2676.98,monthly
88,synthetic_user_88@example.com,0,rappi,134.58,expense,2026-02-14,2676.98,monthly
88,synthetic_user_88@example.com,0,Ingresos,116.02,expense,2026-02-01,2676.98,monthly
88,synthetic_user_88@example.com,0,Ingresos,147.28,expense,2026-02-25,2676.98,monthly
88,synthetic_user_88@example.com,0,Compras,166.01,expense,2026-02-23,2676.98,monthly
88,synthetic_user_88@example.com,0,Vivienda,156.31,expense,2026-02-05,2676.98,monthly
88,synthetic_user_88@example.com,0,Transporte,118.4,expense,2026-02-24,2676.98,monthly
88,synthetic_user_88@example.com,0,Salud,71.78,expense,2026-02-25,2676.98,monthly
88,synthetic_user_88@example.com,0,Alimentacion,197.42,expense,2026-02-03,2676.98,monthly
88,synthetic_user_88@example.com,0,Ingreso adicional,127.38,expense,2026-02-21,2676.98,monthly
88,synthetic_user_88@example.com,0,Ingreso Base,2702.06,income,2026-03-08,2676.98,monthly
88,synthetic_user_88@example.com,0,Inversion,193.23,investment,2026-03-31,2676.98,monthly
88,synthetic_user_88@example.com,0,Ingresos,223.48,expense,2026-03-05,2676.98,monthly
88,synthetic_user_88@example.com,0,Ingreso adicional,113.45,expense,2026-03-01,2676.98,monthly
88,synthetic_user_88@example.com,0,Ingresos,101.72,expense,2026-03-19,2676.98,monthly
88,synthetic_user_88@example.com,0,Salud,2.97,expense,2026-03-10,2676.98,monthly
88,synthetic_user_88@example.com,0,Ingreso adicional,161.05,expense,2026-03-27,2676.98,monthly
88,synthetic_user_88@example.com,0,Salud,186.0,expense,2026-03-06,2676.98,monthly
88,synthetic_user_88@example.com,0,Transporte,127.64,expense,2026-03-09,2676.98,monthly
88,synthetic_user_88@example.com,0,Ingresos,131.18,expense,2026-03-13,2676.98,monthly
88,synthetic_user_88@example.com,0,Alimentacion,176.33,expense,2026-03-07,2676.98,monthly
88,synthetic_user_88@example.com,0,Ingreso adicional,155.42,expense,2026-03-19,2676.98,monthly
88,synthetic_user_88@example.com,0,Ingresos,264.41,expense,2026-03-13,2676.98,monthly
88,synthetic_user_88@example.com,0,Ingreso adicional,220.16,expense,2026-03-07,2676.98,monthly
88,synthetic_user_88@example.com,0,Salud,25.95,expense,2026-03-01,2676.98,monthly
88,synthetic_user_88@example.com,0,Ingreso Base,2813.29,income,2026-04-07,2676.98,monthly
88,synthetic_user_88@example.com,0,Inversion,161.92,investment,2026-04-27,2676.98,monthly
88,synthetic_user_88@example.com,0,Compras,190.89,expense,2026-04-02,2676.98,monthly
88,synthetic_user_88@example.com,0,Ingreso adicional,127.4,expense,2026-04-02,2676.98,monthly
88,synthetic_user_88@example.com,0,Ocio,166.86,expense,2026-04-19,2676.98,monthly
88,synthetic_user_88@example.com,0,Salud,85.31,expense,2026-04-19,2676.98,monthly
88,synthetic_user_88@example.com,0,Compras,109.59,expense,2026-04-15,2676.98,monthly
88,synthetic_user_88@example.com,0,Salud,69.54,expense,2026-04-20,2676.98,monthly
88,synthetic_user_88@example.com,0,Ocio,52.47,expense,2026-04-07,2676.98,monthly
88,synthetic_user_88@example.com,0,Ingreso adicional,83.3,expense,2026-04-25,2676.98,monthly
88,synthetic_user_88@example.com,0,Servicios,25.85,expense,2026-04-23,2676.98,monthly
88,synthetic_user_88@example.com,0,Ingresos,176.03,expense,2026-04-23,2676.98,monthly
88,synthetic_user_88@example.com,0,Suscripciones,140.62,expense,2026-04-24,2676.98,monthly
88,synthetic_user_88@example.com,0,Compras,106.29,expense,2026-04-19,2676.98,monthly
88,synthetic_user_88@example.com,0,Ingreso adicional,99.31,expense,2026-04-24,2676.98,monthly
88,synthetic_user_88@example.com,0,Suscripciones,196.91,expense,2026-04-05,2676.98,monthly
88,synthetic_user_88@example.com,0,Compras,131.64,expense,2026-04-19,2676.98,monthly
88,synthetic_user_88@example.com,0,Ingreso adicional,61.82,expense,2026-04-22,2676.98,monthly
88,synthetic_user_88@example.com,0,Suscripciones,154.27,expense,2026-04-22,2676.98,monthly
89,synthetic_user_89@example.com,0,Ingreso Base,2093.18,income,2025-11-08,2119.72,monthly
89,synthetic_user_89@example.com,0,Inversion,277.91,investment,2025-11-26,2119.72,monthly
89,synthetic_user_89@example.com,0,Ingresos,110.51,expense,2025-11-04,2119.72,monthly
89,synthetic_user_89@example.com,0,Ingresos,113.1,expense,2025-11-11,2119.72,monthly
89,synthetic_user_89@example.com,0,Ingresos,110.41,expense,2025-11-09,2119.72,monthly
89,synthetic_user_89@example.com,0,Educacion,64.47,expense,2025-11-13,2119.72,monthly
89,synthetic_user_89@example.com,0,Ingreso adicional,13.48,expense,2025-11-17,2119.72,monthly
89,synthetic_user_89@example.com,0,Ingresos,60.78,expense,2025-11-07,2119.72,monthly
89,synthetic_user_89@example.com,0,Transporte,129.87,expense,2025-11-02,2119.72,monthly
89,synthetic_user_89@example.com,0,Suscripciones,76.11,expense,2025-11-03,2119.72,monthly
89,synthetic_user_89@example.com,0,Transporte,94.89,expense,2025-11-03,2119.72,monthly
89,synthetic_user_89@example.com,0,Ingreso adicional,105.43,expense,2025-11-22,2119.72,monthly
89,synthetic_user_89@example.com,0,Otro,147.32,expense,2025-11-09,2119.72,monthly
89,synthetic_user_89@example.com,0,Educacion,152.08,expense,2025-11-23,2119.72,monthly
89,synthetic_user_89@example.com,0,Otro,127.23,expense,2025-11-15,2119.72,monthly
89,synthetic_user_89@example.com,0,Vivienda,175.54,expense,2025-11-12,2119.72,monthly
89,synthetic_user_89@example.com,0,Ingreso Base,2135.24,income,2025-12-08,2119.72,monthly
89,synthetic_user_89@example.com,0,Inversion,186.45,investment,2025-12-29,2119.72,monthly
89,synthetic_user_89@example.com,0,Gastos generales,121.61,expense,2025-12-08,2119.72,monthly
89,synthetic_user_89@example.com,0,Ingreso adicional,103.51,expense,2025-12-18,2119.72,monthly
89,synthetic_user_89@example.com,0,Transporte,101.78,expense,2025-12-24,2119.72,monthly
89,synthetic_user_89@example.com,0,Alimentacion,81.85,expense,2025-12-24,2119.72,monthly
89,synthetic_user_89@example.com,0,Transporte,57.41,expense,2025-12-10,2119.72,monthly
89,synthetic_user_89@example.com,0,Compras,125.29,expense,2025-12-01,2119.72,monthly
89,synthetic_user_89@example.com,0,Otro,156.08,expense,2025-12-25,2119.72,monthly
89,synthetic_user_89@example.com,0,Gastos generales,30.77,expense,2025-12-07,2119.72,monthly
89,synthetic_user_89@example.com,0,Ingresos,137.08,expense,2025-12-19,2119.72,monthly
89,synthetic_user_89@example.com,0,Otro,139.29,expense,2025-12-15,2119.72,monthly
89,synthetic_user_89@example.com,0,Ingreso adicional,179.25,expense,2025-12-27,2119.72,monthly
89,synthetic_user_89@example.com,0,Alimentacion,122.91,expense,2025-12-01,2119.72,monthly
89,synthetic_user_89@example.com,0,Ingreso Base,2060.26,income,2026-01-07,2119.72,monthly
89,synthetic_user_89@example.com,0,Inversion,245.56,investment,2026-01-16,2119.72,monthly
89,synthetic_user_89@example.com,0,Ingresos,104.16,expense,2026-01-23,2119.72,monthly
89,synthetic_user_89@example.com,0,Compras,149.79,expense,2026-01-18,2119.72,monthly
89,synthetic_user_89@example.com,0,Compras,172.37,expense,2026-01-13,2119.72,monthly
89,synthetic_user_89@example.com,0,Ingresos,144.74,expense,2026-01-11,2119.72,monthly
89,synthetic_user_89@example.com,0,Suscripciones,214.05,expense,2026-01-22,2119.72,monthly
89,synthetic_user_89@example.com,0,Suscripciones,194.34,expense,2026-01-04,2119.72,monthly
89,synthetic_user_89@example.com,0,Ingresos,230.19,expense,2026-01-22,2119.72,monthly
89,synthetic_user_89@example.com,0,Ingresos,71.82,expense,2026-01-01,2119.72,monthly
89,synthetic_user_89@example.com,0,rappi,184.22,expense,2026-01-01,2119.72,monthly
89,synthetic_user_89@example.com,0,Ingreso Base,2278.27,income,2026-02-06,2119.72,monthly
89,synthetic_user_89@example.com,0,Inversion,170.62,investment,2026-02-18,2119.72,monthly
89,synthetic_user_89@example.com,0,Compras,74.28,expense,2026-02-10,2119.72,monthly
89,synthetic_user_89@example.com,0,Alimentacion,42.32,expense,2026-02-08,2119.72,monthly
89,synthetic_user_89@example.com,0,Ingresos,118.68,expense,2026-02-11,2119.72,monthly
89,synthetic_user_89@example.com,0,Ingreso adicional,30.14,expense,2026-02-23,2119.72,monthly
89,synthetic_user_89@example.com,0,Educacion,137.75,expense,2026-02-21,2119.72,monthly
89,synthetic_user_89@example.com,0,Educacion,129.36,expense,2026-02-19,2119.72,monthly
89,synthetic_user_89@example.com,0,Transporte,99.29,expense,2026-02-14,2119.72,monthly
89,synthetic_user_89@example.com,0,Compras,98.85,expense,2026-02-27,2119.72,monthly
89,synthetic_user_89@example.com,0,Transporte,45.85,expense,2026-02-11,2119.72,monthly
89,synthetic_user_89@example.com,0,Ingresos,132.7,expense,2026-02-21,2119.72,monthly
89,synthetic_user_89@example.com,0,Suscripciones,170.26,expense,2026-02-21,2119.72,monthly
89,synthetic_user_89@example.com,0,Suscripciones,145.91,expense,2026-02-17,2119.72,monthly
89,synthetic_user_89@example.com,0,Ingresos,100.11,expense,2026-02-06,2119.72,monthly
89,synthetic_user_89@example.com,0,Ingresos,107.88,expense,2026-02-07,2119.72,monthly
89,synthetic_user_89@example.com,0,Ocio,88.45,expense,2026-02-22,2119.72,monthly
89,synthetic_user_89@example.com,0,Vivienda,90.06,expense,2026-02-14,2119.72,monthly
89,synthetic_user_89@example.com,0,Ingreso Base,2136.28,income,2026-03-08,2119.72,monthly
89,synthetic_user_89@example.com,0,Inversion,209.17,investment,2026-04-01,2119.72,monthly
89,synthetic_user_89@example.com,0,Vivienda,101.0,expense,2026-03-17,2119.72,monthly
89,synthetic_user_89@example.com,0,Ingresos,94.39,expense,2026-03-01,2119.72,monthly
89,synthetic_user_89@example.com,0,Otro,90.68,expense,2026-03-02,2119.72,monthly
89,synthetic_user_89@example.com,0,Ingresos,189.08,expense,2026-03-01,2119.72,monthly
89,synthetic_user_89@example.com,0,Ingresos,99.9,expense,2026-03-14,2119.72,monthly
89,synthetic_user_89@example.com,0,Vivienda,115.25,expense,2026-03-14,2119.72,monthly
89,synthetic_user_89@example.com,0,Educacion,67.5,expense,2026-03-26,2119.72,monthly
89,synthetic_user_89@example.com,0,Ingresos,78.62,expense,2026-03-05,2119.72,monthly
89,synthetic_user_89@example.com,0,Alimentacion,64.8,expense,2026-03-12,2119.72,monthly
89,synthetic_user_89@example.com,0,Gastos generales,142.81,expense,2026-03-24,2119.72,monthly
89,synthetic_user_89@example.com,0,Otro,71.08,expense,2026-03-07,2119.72,monthly
89,synthetic_user_89@example.com,0,Compras,116.5,expense,2026-03-18,2119.72,monthly
89,synthetic_user_89@example.com,0,Servicios,125.89,expense,2026-03-04,2119.72,monthly
89,synthetic_user_89@example.com,0,Ingreso Base,2410.56,income,2026-04-07,2119.72,monthly
89,synthetic_user_89@example.com,0,Inversion,277.29,investment,2026-04-20,2119.72,monthly
89,synthetic_user_89@example.com,0,Gastos generales,63.92,expense,2026-04-09,2119.72,monthly
89,synthetic_user_89@example.com,0,Otro,108.72,expense,2026-04-02,2119.72,monthly
89,synthetic_user_89@example.com,0,Ingreso adicional,106.68,expense,2026-04-12,2119.72,monthly
89,synthetic_user_89@example.com,0,Ingreso adicional,113.68,expense,2026-04-15,2119.72,monthly
89,synthetic_user_89@example.com,0,Salud,60.02,expense,2026-04-07,2119.72,monthly
89,synthetic_user_89@example.com,0,Compras,87.09,expense,2026-04-03,2119.72,monthly
89,synthetic_user_89@example.com,0,Ingresos,94.78,expense,2026-04-18,2119.72,monthly
89,synthetic_user_89@example.com,0,Gastos generales,74.1,expense,2026-04-06,2119.72,monthly
89,synthetic_user_89@example.com,0,Compras,93.85,expense,2026-04-21,2119.72,monthly
89,synthetic_user_89@example.com,0,Suscripciones,96.39,expense,2026-04-22,2119.72,monthly
89,synthetic_user_89@example.com,0,Suscripciones,99.57,expense,2026-04-26,2119.72,monthly
89,synthetic_user_89@example.com,0,Transporte,83.5,expense,2026-04-16,2119.72,monthly
89,synthetic_user_89@example.com,0,Compras,26.65,expense,2026-04-02,2119.72,monthly
89,synthetic_user_89@example.com,0,Alimentacion,65.6,expense,2026-04-18,2119.72,monthly
89,synthetic_user_89@example.com,0,Otro,109.87,expense,2026-04-10,2119.72,monthly
89,synthetic_user_89@example.com,0,Compras,136.3,expense,2026-04-19,2119.72,monthly
89,synthetic_user_89@example.com,0,Gastos generales,158.75,expense,2026-04-12,2119.72,monthly
90,synthetic_user_90@example.com,0,Ingreso Base,1689.17,income,2025-11-08,1622.73,monthly
90,synthetic_user_90@example.com,0,Inversion,166.16,investment,2025-11-23,1622.73,monthly
90,synthetic_user_90@example.com,0,Ingresos,124.39,expense,2025-11-23,1622.73,monthly
90,synthetic_user_90@example.com,0,Salud,89.02,expense,2025-11-25,1622.73,monthly
90,synthetic_user_90@example.com,0,Suscripciones,111.83,expense,2025-11-22,1622.73,monthly
90,synthetic_user_90@example.com,0,Ingresos,90.55,expense,2025-11-20,1622.73,monthly
90,synthetic_user_90@example.com,0,Ingreso adicional,77.74,expense,2025-11-02,1622.73,monthly
90,synthetic_user_90@example.com,0,Ingresos,103.83,expense,2025-11-22,1622.73,monthly
90,synthetic_user_90@example.com,0,Salud,117.64,expense,2025-11-16,1622.73,monthly
90,synthetic_user_90@example.com,0,Alimentacion,114.79,expense,2025-11-23,1622.73,monthly
90,synthetic_user_90@example.com,0,Servicios,132.88,expense,2025-11-08,1622.73,monthly
90,synthetic_user_90@example.com,0,Educacion,136.93,expense,2025-11-17,1622.73,monthly
90,synthetic_user_90@example.com,0,Ocio,89.88,expense,2025-11-19,1622.73,monthly
90,synthetic_user_90@example.com,0,Educacion,101.29,expense,2025-11-24,1622.73,monthly
90,synthetic_user_90@example.com,0,Ingreso adicional,57.31,expense,2025-11-15,1622.73,monthly
90,synthetic_user_90@example.com,0,rappi,76.44,expense,2025-11-03,1622.73,monthly
90,synthetic_user_90@example.com,0,Ingreso Base,1773.27,income,2025-12-08,1622.73,monthly
90,synthetic_user_90@example.com,0,Inversion,179.91,investment,2025-12-27,1622.73,monthly
90,synthetic_user_90@example.com,0,Gastos generales,6.2,expense,2025-12-18,1622.73,monthly
90,synthetic_user_90@example.com,0,Educacion,126.69,expense,2025-12-27,1622.73,monthly
90,synthetic_user_90@example.com,0,Transporte,129.23,expense,2025-12-02,1622.73,monthly
90,synthetic_user_90@example.com,0,Salud,126.19,expense,2025-12-07,1622.73,monthly
90,synthetic_user_90@example.com,0,Ocio,234.9,expense,2025-12-06,1622.73,monthly
90,synthetic_user_90@example.com,0,rappi,152.16,expense,2025-12-24,1622.73,monthly
90,synthetic_user_90@example.com,0,Gastos generales,150.27,expense,2025-12-08,1622.73,monthly
90,synthetic_user_90@example.com,0,Ocio,120.02,expense,2025-12-07,1622.73,monthly
90,synthetic_user_90@example.com,0,Educacion,183.4,expense,2025-12-03,1622.73,monthly
90,synthetic_user_90@example.com,0,Educacion,158.78,expense,2025-12-04,1622.73,monthly
90,synthetic_user_90@example.com,0,Ingreso Base,1656.11,income,2026-01-07,1622.73,monthly
90,synthetic_user_90@example.com,0,Inversion,104.4,investment,2026-01-20,1622.73,monthly
90,synthetic_user_90@example.com,0,Suscripciones,143.33,expense,2026-01-11,1622.73,monthly
90,synthetic_user_90@example.com,0,Educacion,38.6,expense,2026-01-16,1622.73,monthly
90,synthetic_user_90@example.com,0,Vivienda,78.61,expense,2026-01-15,1622.73,monthly
90,synthetic_user_90@example.com,0,Vivienda,119.61,expense,2026-01-25,1622.73,monthly
90,synthetic_user_90@example.com,0,Ingreso adicional,152.86,expense,2026-01-03,1622.73,monthly
90,synthetic_user_90@example.com,0,Educacion,183.35,expense,2026-01-27,1622.73,monthly
90,synthetic_user_90@example.com,0,Servicios,120.18,expense,2026-01-16,1622.73,monthly
90,synthetic_user_90@example.com,0,Gastos generales,103.51,expense,2026-01-20,1622.73,monthly
90,synthetic_user_90@example.com,0,Educacion,96.53,expense,2026-01-15,1622.73,monthly
90,synthetic_user_90@example.com,0,Ingresos,132.84,expense,2026-01-18,1622.73,monthly
90,synthetic_user_90@example.com,0,Educacion,68.45,expense,2026-01-14,1622.73,monthly
90,synthetic_user_90@example.com,0,Ingreso Base,1387.54,income,2026-02-06,1622.73,monthly
90,synthetic_user_90@example.com,0,Inversion,151.17,investment,2026-02-19,1622.73,monthly
90,synthetic_user_90@example.com,0,Compras,47.96,expense,2026-02-25,1622.73,monthly
90,synthetic_user_90@example.com,0,Vivienda,48.9,expense,2026-02-13,1622.73,monthly
90,synthetic_user_90@example.com,0,Salud,61.3,expense,2026-02-19,1622.73,monthly
90,synthetic_user_90@example.com,0,Educacion,81.18,expense,2026-02-15,1622.73,monthly
90,synthetic_user_90@example.com,0,Educacion,15.16,expense,2026-02-14,1622.73,monthly
90,synthetic_user_90@example.com,0,Ingreso adicional,49.12,expense,2026-02-18,1622.73,monthly
90,synthetic_user_90@example.com,0,Educacion,42.73,expense,2026-02-24,1622.73,monthly
90,synthetic_user_90@example.com,0,Alimentacion,62.19,expense,2026-02-08,1622.73,monthly
90,synthetic_user_90@example.com,0,Gastos generales,59.07,expense,2026-02-27,1622.73,monthly
90,synthetic_user_90@example.com,0,Ocio,108.39,expense,2026-02-11,1622.73,monthly
90,synthetic_user_90@example.com,0,Alimentacion,47.05,expense,2026-02-05,1622.73,monthly
90,synthetic_user_90@example.com,0,Gastos generales,16.63,expense,2026-02-06,1622.73,monthly
90,synthetic_user_90@example.com,0,Gastos generales,51.46,expense,2026-02-20,1622.73,monthly
90,synthetic_user_90@example.com,0,Educacion,62.59,expense,2026-02-18,1622.73,monthly
90,synthetic_user_90@example.com,0,Suscripciones,41.35,expense,2026-02-21,1622.73,monthly
90,synthetic_user_90@example.com,0,Ingreso adicional,97.0,expense,2026-02-14,1622.73,monthly
90,synthetic_user_90@example.com,0,Educacion,81.77,expense,2026-02-04,1622.73,monthly
90,synthetic_user_90@example.com,0,rappi,41.74,expense,2026-02-01,1622.73,monthly
90,synthetic_user_90@example.com,0,Ingreso Base,1748.44,income,2026-03-08,1622.73,monthly
90,synthetic_user_90@example.com,0,Inversion,149.35,investment,2026-03-11,1622.73,monthly
90,synthetic_user_90@example.com,0,Compras,208.72,expense,2026-03-26,1622.73,monthly
90,synthetic_user_90@example.com,0,Vivienda,56.89,expense,2026-03-25,1622.73,monthly
90,synthetic_user_90@example.com,0,rappi,131.93,expense,2026-03-05,1622.73,monthly
90,synthetic_user_90@example.com,0,Educacion,145.88,expense,2026-03-08,1622.73,monthly
90,synthetic_user_90@example.com,0,Ocio,121.38,expense,2026-03-18,1622.73,monthly
90,synthetic_user_90@example.com,0,rappi,133.96,expense,2026-03-18,1622.73,monthly
90,synthetic_user_90@example.com,0,Transporte,79.28,expense,2026-03-20,1622.73,monthly
90,synthetic_user_90@example.com,0,Educacion,192.16,expense,2026-03-20,1622.73,monthly
90,synthetic_user_90@example.com,0,Ocio,107.33,expense,2026-03-09,1622.73,monthly
90,synthetic_user_90@example.com,0,Salud,25.78,expense,2026-03-26,1622.73,monthly
90,synthetic_user_90@example.com,0,Ingreso Base,1575.58,income,2026-04-07,1622.73,monthly
90,synthetic_user_90@example.com,0,Inversion,163.58,investment,2026-04-23,1622.73,monthly
90,synthetic_user_90@example.com,0,Gastos generales,109.51,expense,2026-04-27,1622.73,monthly
90,synthetic_user_90@example.com,0,Gastos generales,110.85,expense,2026-04-20,1622.73,monthly
90,synthetic_user_90@example.com,0,rappi,110.26,expense,2026-04-02,1622.73,monthly
90,synthetic_user_90@example.com,0,Educacion,55.97,expense,2026-04-01,1622.73,monthly
90,synthetic_user_90@example.com,0,Ingreso adicional,69.06,expense,2026-04-15,1622.73,monthly
90,synthetic_user_90@example.com,0,Ocio,119.96,expense,2026-04-19,1622.73,monthly
90,synthetic_user_90@example.com,0,Ingresos,85.14,expense,2026-04-13,1622.73,monthly
90,synthetic_user_90@example.com,0,Educacion,41.28,expense,2026-04-23,1622.73,monthly
90,synthetic_user_90@example.com,0,Educacion,117.92,expense,2026-04-26,1622.73,monthly
90,synthetic_user_90@example.com,0,Educacion,93.0,expense,2026-04-09,1622.73,monthly
90,synthetic_user_90@example.com,0,Alimentacion,127.04,expense,2026-04-06,1622.73,monthly
90,synthetic_user_90@example.com,0,Salud,130.0,expense,2026-04-21,1622.73,monthly
90,synthetic_user_90@example.com,0,rappi,47.88,expense,2026-04-09,1622.73,monthly
91,synthetic_user_91@example.com,0,Ingreso Base,1114.76,income,2025-11-08,1206.71,monthly
91,synthetic_user_91@example.com,0,Inversion,69.23,investment,2025-11-11,1206.71,monthly
91,synthetic_user_91@example.com,0,Alimentacion,24.46,expense,2025-11-03,1206.71,monthly
91,synthetic_user_91@example.com,0,Alimentacion,99.77,expense,2025-11-24,1206.71,monthly
91,synthetic_user_91@example.com,0,Suscripciones,39.49,expense,2025-11-05,1206.71,monthly
91,synthetic_user_91@example.com,0,Ocio,93.44,expense,2025-11-11,1206.71,monthly
91,synthetic_user_91@example.com,0,Vivienda,64.79,expense,2025-11-11,1206.71,monthly
91,synthetic_user_91@example.com,0,Educacion,80.41,expense,2025-11-09,1206.71,monthly
91,synthetic_user_91@example.com,0,Otro,31.25,expense,2025-11-04,1206.71,monthly
91,synthetic_user_91@example.com,0,Gastos generales,73.05,expense,2025-11-07,1206.71,monthly
91,synthetic_user_91@example.com,0,Alimentacion,68.63,expense,2025-11-05,1206.71,monthly
91,synthetic_user_91@example.com,0,rappi,83.06,expense,2025-11-03,1206.71,monthly
91,synthetic_user_91@example.com,0,Ocio,58.88,expense,2025-11-22,1206.71,monthly
91,synthetic_user_91@example.com,0,Servicios,46.58,expense,2025-11-11,1206.71,monthly
91,synthetic_user_91@example.com,0,Servicios,73.38,expense,2025-11-20,1206.71,monthly
91,synthetic_user_91@example.com,0,Ingreso Base,1325.78,income,2025-12-08,1206.71,monthly
91,synthetic_user_91@example.com,0,Inversion,62.58,investment,2025-12-29,1206.71,monthly
91,synthetic_user_91@example.com,0,Educacion,47.03,expense,2025-12-20,1206.71,monthly
91,synthetic_user_91@example.com,0,Servicios,51.53,expense,2025-12-10,1206.71,monthly
91,synthetic_user_91@example.com,0,Ocio,42.89,expense,2025-12-24,1206.71,monthly
91,synthetic_user_91@example.com,0,Gastos generales,77.37,expense,2025-12-01,1206.71,monthly
91,synthetic_user_91@example.com,0,Ocio,77.53,expense,2025-12-14,1206.71,monthly
91,synthetic_user_91@example.com,0,Servicios,100.86,expense,2025-12-12,1206.71,monthly
91,synthetic_user_91@example.com,0,Ocio,30.3,expense,2025-12-22,1206.71,monthly
91,synthetic_user_91@example.com,0,Ingresos,93.5,expense,2025-12-23,1206.71,monthly
91,synthetic_user_91@example.com,0,Otro,29.91,expense,2025-12-20,1206.71,monthly
91,synthetic_user_91@example.com,0,Suscripciones,69.34,expense,2025-12-17,1206.71,monthly
91,synthetic_user_91@example.com,0,Servicios,71.94,expense,2025-12-03,1206.71,monthly
91,synthetic_user_91@example.com,0,Gastos generales,72.1,expense,2025-12-15,1206.71,monthly
91,synthetic_user_91@example.com,0,Transporte,85.96,expense,2025-12-16,1206.71,monthly
91,synthetic_user_91@example.com,0,Salud,47.16,expense,2025-12-15,1206.71,monthly
91,synthetic_user_91@example.com,0,Gastos generales,44.05,expense,2025-12-08,1206.71,monthly
91,synthetic_user_91@example.com,0,Servicios,67.39,expense,2025-12-01,1206.71,monthly
91,synthetic_user_91@example.com,0,Ingreso Base,1206.99,income,2026-01-07,1206.71,monthly
91,synthetic_user_91@example.com,0,Inversion,66.92,investment,2026-01-12,1206.71,monthly
91,synthetic_user_91@example.com,0,Vivienda,63.28,expense,2026-01-18,1206.71,monthly
91,synthetic_user_91@example.com,0,Gastos generales,53.2,expense,2026-01-03,1206.71,monthly
91,synthetic_user_91@example.com,0,Ocio,63.89,expense,2026-01-26,1206.71,monthly
91,synthetic_user_91@example.com,0,Otro,60.79,expense,2026-01-17,1206.71,monthly
91,synthetic_user_91@example.com,0,Gastos generales,76.21,expense,2026-01-20,1206.71,monthly
91,synthetic_user_91@example.com,0,Servicios,55.11,expense,2026-01-11,1206.71,monthly
91,synthetic_user_91@example.com,0,Vivienda,41.92,expense,2026-01-19,1206.71,monthly
91,synthetic_user_91@example.com,0,Suscripciones,54.86,expense,2026-01-01,1206.71,monthly
91,synthetic_user_91@example.com,0,Gastos generales,85.36,expense,2026-01-15,1206.71,monthly
91,synthetic_user_91@example.com,0,Suscripciones,58.54,expense,2026-01-13,1206.71,monthly
91,synthetic_user_91@example.com,0,Gastos generales,61.94,expense,2026-01-01,1206.71,monthly
91,synthetic_user_91@example.com,0,Alimentacion,48.15,expense,2026-01-04,1206.71,monthly
91,synthetic_user_91@example.com,0,Suscripciones,29.95,expense,2026-01-17,1206.71,monthly
91,synthetic_user_91@example.com,0,Otro,69.24,expense,2026-01-19,1206.71,monthly
91,synthetic_user_91@example.com,0,Gastos generales,38.42,expense,2026-01-13,1206.71,monthly
91,synthetic_user_91@example.com,0,Ingreso Base,1258.75,income,2026-02-06,1206.71,monthly
91,synthetic_user_91@example.com,0,Inversion,81.53,investment,2026-02-24,1206.71,monthly
91,synthetic_user_91@example.com,0,Ocio,60.34,expense,2026-02-05,1206.71,monthly
91,synthetic_user_91@example.com,0,Vivienda,65.35,expense,2026-02-04,1206.71,monthly
91,synthetic_user_91@example.com,0,Compras,75.98,expense,2026-02-13,1206.71,monthly
91,synthetic_user_91@example.com,0,Servicios,53.66,expense,2026-02-27,1206.71,monthly
91,synthetic_user_91@example.com,0,Suscripciones,76.14,expense,2026-02-06,1206.71,monthly
91,synthetic_user_91@example.com,0,Vivienda,28.66,expense,2026-02-03,1206.71,monthly
91,synthetic_user_91@example.com,0,Alimentacion,80.39,expense,2026-02-22,1206.71,monthly
91,synthetic_user_91@example.com,0,Educacion,51.76,expense,2026-02-17,1206.71,monthly
91,synthetic_user_91@example.com,0,Ocio,109.79,expense,2026-02-27,1206.71,monthly
91,synthetic_user_91@example.com,0,Servicios,107.9,expense,2026-02-12,1206.71,monthly
91,synthetic_user_91@example.com,0,Vivienda,47.05,expense,2026-02-14,1206.71,monthly
91,synthetic_user_91@example.com,0,Compras,62.06,expense,2026-02-09,1206.71,monthly
91,synthetic_user_91@example.com,0,Servicios,43.5,expense,2026-02-06,1206.71,monthly
91,synthetic_user_91@example.com,0,Ingreso Base,936.71,income,2026-03-08,1206.71,monthly
91,synthetic_user_91@example.com,0,Inversion,66.02,investment,2026-03-21,1206.71,monthly
91,synthetic_user_91@example.com,0,Ingreso adicional,44.95,expense,2026-03-08,1206.71,monthly
91,synthetic_user_91@example.com,0,Servicios,30.3,expense,2026-03-16,1206.71,monthly
91,synthetic_user_91@example.com,0,Alimentacion,57.99,expense,2026-03-09,1206.71,monthly
91,synthetic_user_91@example.com,0,Ocio,56.95,expense,2026-03-11,1206.71,monthly
91,synthetic_user_91@example.com,0,Suscripciones,17.81,expense,2026-03-14,1206.71,monthly
91,synthetic_user_91@example.com,0,Salud,37.28,expense,2026-03-17,1206.71,monthly
91,synthetic_user_91@example.com,0,Gastos generales,41.43,expense,2026-03-27,1206.71,monthly
91,synthetic_user_91@example.com,0,rappi,48.25,expense,2026-03-22,1206.71,monthly
91,synthetic_user_91@example.com,0,Servicios,48.1,expense,2026-03-09,1206.71,monthly
91,synthetic_user_91@example.com,0,Ingresos,47.62,expense,2026-03-27,1206.71,monthly
91,synthetic_user_91@example.com,0,Salud,23.55,expense,2026-03-23,1206.71,monthly
91,synthetic_user_91@example.com,0,Servicios,19.17,expense,2026-03-16,1206.71,monthly
91,synthetic_user_91@example.com,0,Alimentacion,36.63,expense,2026-03-23,1206.71,monthly
91,synthetic_user_91@example.com,0,rappi,59.58,expense,2026-03-11,1206.71,monthly
91,synthetic_user_91@example.com,0,Suscripciones,33.85,expense,2026-03-15,1206.71,monthly
91,synthetic_user_91@example.com,0,Servicios,24.92,expense,2026-03-20,1206.71,monthly
91,synthetic_user_91@example.com,0,Servicios,42.27,expense,2026-03-25,1206.71,monthly
91,synthetic_user_91@example.com,0,Ingreso Base,1322.94,income,2026-04-07,1206.71,monthly
91,synthetic_user_91@example.com,0,Inversion,69.81,investment,2026-04-28,1206.71,monthly
91,synthetic_user_91@example.com,0,Servicios,119.6,expense,2026-04-17,1206.71,monthly
91,synthetic_user_91@example.com,0,Ocio,104.96,expense,2026-04-10,1206.71,monthly
91,synthetic_user_91@example.com,0,Alimentacion,118.64,expense,2026-04-21,1206.71,monthly
91,synthetic_user_91@example.com,0,Gastos generales,77.24,expense,2026-04-22,1206.71,monthly
91,synthetic_user_91@example.com,0,Gastos generales,91.84,expense,2026-04-03,1206.71,monthly
91,synthetic_user_91@example.com,0,Servicios,153.03,expense,2026-04-24,1206.71,monthly
91,synthetic_user_91@example.com,0,Alimentacion,127.2,expense,2026-04-09,1206.71,monthly
91,synthetic_user_91@example.com,0,Otro,12.44,expense,2026-04-26,1206.71,monthly
91,synthetic_user_91@example.com,0,rappi,138.61,expense,2026-04-05,1206.71,monthly
92,synthetic_user_92@example.com,0,Ingreso Base,612.96,income,2025-11-08,550.0,monthly
92,synthetic_user_92@example.com,0,Inversion,105.14,investment,2025-11-23,550.0,monthly
92,synthetic_user_92@example.com,0,Servicios,30.18,expense,2025-11-15,550.0,monthly
92,synthetic_user_92@example.com,0,Salud,44.31,expense,2025-11-08,550.0,monthly
92,synthetic_user_92@example.com,0,Ocio,26.39,expense,2025-11-20,550.0,monthly
92,synthetic_user_92@example.com,0,Salud,34.41,expense,2025-11-08,550.0,monthly
92,synthetic_user_92@example.com,0,Gastos generales,60.62,expense,2025-11-05,550.0,monthly
92,synthetic_user_92@example.com,0,Educacion,39.49,expense,2025-11-10,550.0,monthly
92,synthetic_user_92@example.com,0,Educacion,33.8,expense,2025-11-05,550.0,monthly
92,synthetic_user_92@example.com,0,Alimentacion,61.47,expense,2025-11-25,550.0,monthly
92,synthetic_user_92@example.com,0,Otro,41.32,expense,2025-11-05,550.0,monthly
92,synthetic_user_92@example.com,0,Servicios,52.41,expense,2025-11-17,550.0,monthly
92,synthetic_user_92@example.com,0,Ingresos,30.1,expense,2025-11-14,550.0,monthly
92,synthetic_user_92@example.com,0,Vivienda,42.97,expense,2025-11-08,550.0,monthly
92,synthetic_user_92@example.com,0,Educacion,28.36,expense,2025-11-24,550.0,monthly
92,synthetic_user_92@example.com,0,Ingreso Base,631.98,income,2025-12-08,550.0,monthly
92,synthetic_user_92@example.com,0,Inversion,90.36,investment,2025-12-19,550.0,monthly
92,synthetic_user_92@example.com,0,Salud,35.58,expense,2025-12-14,550.0,monthly
92,synthetic_user_92@example.com,0,Salud,36.34,expense,2025-12-18,550.0,monthly
92,synthetic_user_92@example.com,0,Servicios,13.67,expense,2025-12-23,550.0,monthly
92,synthetic_user_92@example.com,0,Compras,26.12,expense,2025-12-16,550.0,monthly
92,synthetic_user_92@example.com,0,Suscripciones,18.77,expense,2025-12-15,550.0,monthly
92,synthetic_user_92@example.com,0,Educacion,21.09,expense,2025-12-05,550.0,monthly
92,synthetic_user_92@example.com,0,Suscripciones,22.55,expense,2025-12-26,550.0,monthly
92,synthetic_user_92@example.com,0,Educacion,24.36,expense,2025-12-01,550.0,monthly
92,synthetic_user_92@example.com,0,Educacion,20.3,expense,2025-12-09,550.0,monthly
92,synthetic_user_92@example.com,0,Salud,25.61,expense,2025-12-08,550.0,monthly
92,synthetic_user_92@example.com,0,Salud,2.0,expense,2025-12-27,550.0,monthly
92,synthetic_user_92@example.com,0,rappi,22.93,expense,2025-12-12,550.0,monthly
92,synthetic_user_92@example.com,0,Alimentacion,13.47,expense,2025-12-21,550.0,monthly
92,synthetic_user_92@example.com,0,Servicios,32.66,expense,2025-12-25,550.0,monthly
92,synthetic_user_92@example.com,0,Servicios,37.14,expense,2025-12-25,550.0,monthly
92,synthetic_user_92@example.com,0,Compras,21.3,expense,2025-12-09,550.0,monthly
92,synthetic_user_92@example.com,0,Compras,24.25,expense,2025-12-11,550.0,monthly
92,synthetic_user_92@example.com,0,Suscripciones,30.32,expense,2025-12-22,550.0,monthly
92,synthetic_user_92@example.com,0,Ingreso Base,561.45,income,2026-01-07,550.0,monthly
92,synthetic_user_92@example.com,0,Inversion,106.28,investment,2026-01-29,550.0,monthly
92,synthetic_user_92@example.com,0,Compras,33.85,expense,2026-01-11,550.0,monthly
92,synthetic_user_92@example.com,0,Servicios,30.33,expense,2026-01-01,550.0,monthly
92,synthetic_user_92@example.com,0,Ingresos,4.53,expense,2026-01-22,550.0,monthly
92,synthetic_user_92@example.com,0,Suscripciones,28.87,expense,2026-01-27,550.0,monthly
92,synthetic_user_92@example.com,0,Alimentacion,15.21,expense,2026-01-27,550.0,monthly
92,synthetic_user_92@example.com,0,Transporte,36.21,expense,2026-01-06,550.0,monthly
92,synthetic_user_92@example.com,0,Ingresos,40.69,expense,2026-01-10,550.0,monthly
92,synthetic_user_92@example.com,0,Salud,27.68,expense,2026-01-14,550.0,monthly
92,synthetic_user_92@example.com,0,Educacion,32.27,expense,2026-01-19,550.0,monthly
92,synthetic_user_92@example.com,0,Servicios,14.78,expense,2026-01-12,550.0,monthly
92,synthetic_user_92@example.com,0,Educacion,35.17,expense,2026-01-14,550.0,monthly
92,synthetic_user_92@example.com,0,Otro,25.2,expense,2026-01-20,550.0,monthly
92,synthetic_user_92@example.com,0,Compras,26.18,expense,2026-01-23,550.0,monthly
92,synthetic_user_92@example.com,0,Educacion,15.52,expense,2026-01-08,550.0,monthly
92,synthetic_user_92@example.com,0,Compras,8.09,expense,2026-01-24,550.0,monthly
92,synthetic_user_92@example.com,0,Servicios,18.27,expense,2026-01-22,550.0,monthly
92,synthetic_user_92@example.com,0,Ocio,23.84,expense,2026-01-12,550.0,monthly
92,synthetic_user_92@example.com,0,Servicios,15.73,expense,2026-01-02,550.0,monthly
92,synthetic_user_92@example.com,0,Ingreso Base,537.41,income,2026-02-06,550.0,monthly
92,synthetic_user_92@example.com,0,Inversion,65.49,investment,2026-02-09,550.0,monthly
92,synthetic_user_92@example.com,0,Salud,22.74,expense,2026-02-02,550.0,monthly
92,synthetic_user_92@example.com,0,Compras,20.88,expense,2026-02-10,550.0,monthly
92,synthetic_user_92@example.com,0,Compras,25.1,expense,2026-02-03,550.0,monthly
92,synthetic_user_92@example.com,0,Servicios,41.93,expense,2026-02-09,550.0,monthly
92,synthetic_user_92@example.com,0,Salud,37.59,expense,2026-02-27,550.0,monthly
92,synthetic_user_92@example.com,0,Servicios,39.81,expense,2026-02-15,550.0,monthly
92,synthetic_user_92@example.com,0,Compras,22.58,expense,2026-02-05,550.0,monthly
92,synthetic_user_92@example.com,0,Educacion,20.92,expense,2026-02-05,550.0,monthly
92,synthetic_user_92@example.com,0,Vivienda,38.47,expense,2026-02-14,550.0,monthly
92,synthetic_user_92@example.com,0,Servicios,35.52,expense,2026-02-02,550.0,monthly
92,synthetic_user_92@example.com,0,Educacion,20.51,expense,2026-02-24,550.0,monthly
92,synthetic_user_92@example.com,0,Educacion,27.87,expense,2026-02-04,550.0,monthly
92,synthetic_user_92@example.com,0,Educacion,28.21,expense,2026-02-09,550.0,monthly
92,synthetic_user_92@example.com,0,Alimentacion,11.88,expense,2026-02-13,550.0,monthly
92,synthetic_user_92@example.com,0,Educacion,14.34,expense,2026-02-11,550.0,monthly
92,synthetic_user_92@example.com,0,Ingreso Base,489.32,income,2026-03-08,550.0,monthly
92,synthetic_user_92@example.com,0,Inversion,74.89,investment,2026-03-29,550.0,monthly
92,synthetic_user_92@example.com,0,Vivienda,17.02,expense,2026-03-12,550.0,monthly
92,synthetic_user_92@example.com,0,Educacion,23.5,expense,2026-03-19,550.0,monthly
92,synthetic_user_92@example.com,0,Salud,4.4,expense,2026-03-04,550.0,monthly
92,synthetic_user_92@example.com,0,Compras,25.22,expense,2026-03-02,550.0,monthly
92,synthetic_user_92@example.com,0,Compras,15.51,expense,2026-03-05,550.0,monthly
92,synthetic_user_92@example.com,0,Compras,22.2,expense,2026-03-21,550.0,monthly
92,synthetic_user_92@example.com,0,Ingresos,21.59,expense,2026-03-12,550.0,monthly
92,synthetic_user_92@example.com,0,Alimentacion,33.27,expense,2026-03-26,550.0,monthly
92,synthetic_user_92@example.com,0,Compras,22.67,expense,2026-03-02,550.0,monthly
92,synthetic_user_92@example.com,0,Gastos generales,31.55,expense,2026-03-05,550.0,monthly
92,synthetic_user_92@example.com,0,Alimentacion,20.35,expense,2026-03-27,550.0,monthly
92,synthetic_user_92@example.com,0,Educacion,21.26,expense,2026-03-16,550.0,monthly
92,synthetic_user_92@example.com,0,Salud,16.41,expense,2026-03-13,550.0,monthly
92,synthetic_user_92@example.com,0,Otro,31.83,expense,2026-03-22,550.0,monthly
92,synthetic_user_92@example.com,0,Suscripciones,35.25,expense,2026-03-18,550.0,monthly
92,synthetic_user_92@example.com,0,Ingreso adicional,26.39,expense,2026-03-13,550.0,monthly
92,synthetic_user_92@example.com,0,Transporte,30.62,expense,2026-03-08,550.0,monthly
92,synthetic_user_92@example.com,0,Educacion,23.25,expense,2026-03-13,550.0,monthly
92,synthetic_user_92@example.com,0,Ingreso Base,541.46,income,2026-04-07,550.0,monthly
92,synthetic_user_92@example.com,0,Inversion,57.69,investment,2026-04-25,550.0,monthly
92,synthetic_user_92@example.com,0,Salud,16.81,expense,2026-04-13,550.0,monthly
92,synthetic_user_92@example.com,0,Suscripciones,27.94,expense,2026-04-18,550.0,monthly
92,synthetic_user_92@example.com,0,Gastos generales,21.78,expense,2026-04-21,550.0,monthly
92,synthetic_user_92@example.com,0,Compras,17.34,expense,2026-04-02,550.0,monthly
92,synthetic_user_92@example.com,0,Educacion,19.3,expense,2026-04-25,550.0,monthly
92,synthetic_user_92@example.com,0,Vivienda,34.62,expense,2026-04-12,550.0,monthly
92,synthetic_user_92@example.com,0,Alimentacion,39.31,expense,2026-04-25,550.0,monthly
92,synthetic_user_92@example.com,0,Educacion,27.25,expense,2026-04-15,550.0,monthly
92,synthetic_user_92@example.com,0,Salud,32.86,expense,2026-04-18,550.0,monthly
92,synthetic_user_92@example.com,0,Ingresos,38.9,expense,2026-04-10,550.0,monthly
92,synthetic_user_92@example.com,0,Otro,52.88,expense,2026-04-16,550.0,monthly
92,synthetic_user_92@example.com,0,Compras,33.39,expense,2026-04-10,550.0,monthly
93,synthetic_user_93@example.com,0,Ingreso Base,2703.32,income,2025-11-08,2975.74,monthly
93,synthetic_user_93@example.com,0,Inversion,291.95,investment,2025-11-25,2975.74,monthly
93,synthetic_user_93@example.com,0,rappi,166.59,expense,2025-11-11,2975.74,monthly
93,synthetic_user_93@example.com,0,Servicios,237.86,expense,2025-11-04,2975.74,monthly
93,synthetic_user_93@example.com,0,Servicios,386.67,expense,2025-11-26,2975.74,monthly
93,synthetic_user_93@example.com,0,Ocio,181.36,expense,2025-11-17,2975.74,monthly
93,synthetic_user_93@example.com,0,Gastos generales,250.89,expense,2025-11-10,2975.74,monthly
93,synthetic_user_93@example.com,0,Servicios,115.64,expense,2025-11-06,2975.74,monthly
93,synthetic_user_93@example.com,0,Compras,166.14,expense,2025-11-26,2975.74,monthly
93,synthetic_user_93@example.com,0,Servicios,281.14,expense,2025-11-25,2975.74,monthly
93,synthetic_user_93@example.com,0,Vivienda,100.44,expense,2025-11-13,2975.74,monthly
93,synthetic_user_93@example.com,0,Ingreso adicional,307.92,expense,2025-11-11,2975.74,monthly
93,synthetic_user_93@example.com,0,Ingreso adicional,204.0,expense,2025-11-14,2975.74,monthly
93,synthetic_user_93@example.com,0,Ingreso Base,2817.6,income,2025-12-08,2975.74,monthly
93,synthetic_user_93@example.com,0,Inversion,242.11,investment,2025-12-23,2975.74,monthly
93,synthetic_user_93@example.com,0,Transporte,320.08,expense,2025-12-04,2975.74,monthly
93,synthetic_user_93@example.com,0,Transporte,253.17,expense,2025-12-07,2975.74,monthly
93,synthetic_user_93@example.com,0,Alimentacion,243.81,expense,2025-12-23,2975.74,monthly
93,synthetic_user_93@example.com,0,rappi,264.54,expense,2025-12-22,2975.74,monthly
93,synthetic_user_93@example.com,0,Servicios,281.69,expense,2025-12-13,2975.74,monthly
93,synthetic_user_93@example.com,0,Compras,352.27,expense,2025-12-04,2975.74,monthly
93,synthetic_user_93@example.com,0,Otro,291.35,expense,2025-12-04,2975.74,monthly
93,synthetic_user_93@example.com,0,Transporte,129.73,expense,2025-12-17,2975.74,monthly
93,synthetic_user_93@example.com,0,Alimentacion,282.17,expense,2025-12-03,2975.74,monthly
93,synthetic_user_93@example.com,0,Servicios,272.09,expense,2025-12-20,2975.74,monthly
93,synthetic_user_93@example.com,0,Ingreso Base,3124.38,income,2026-01-07,2975.74,monthly
93,synthetic_user_93@example.com,0,Inversion,243.07,investment,2026-01-25,2975.74,monthly
93,synthetic_user_93@example.com,0,Servicios,467.88,expense,2026-01-01,2975.74,monthly
93,synthetic_user_93@example.com,0,Compras,260.0,expense,2026-01-05,2975.74,monthly
93,synthetic_user_93@example.com,0,Servicios,418.2,expense,2026-01-09,2975.74,monthly
93,synthetic_user_93@example.com,0,Ingreso adicional,232.29,expense,2026-01-20,2975.74,monthly
93,synthetic_user_93@example.com,0,Alimentacion,226.13,expense,2026-01-13,2975.74,monthly
93,synthetic_user_93@example.com,0,Gastos generales,500.6,expense,2026-01-14,2975.74,monthly
93,synthetic_user_93@example.com,0,Servicios,588.05,expense,2026-01-01,2975.74,monthly
93,synthetic_user_93@example.com,0,Salud,389.98,expense,2026-01-15,2975.74,monthly
93,synthetic_user_93@example.com,0,Ingreso Base,2912.18,income,2026-02-06,2975.74,monthly
93,synthetic_user_93@example.com,0,Inversion,315.09,investment,2026-02-13,2975.74,monthly
93,synthetic_user_93@example.com,0,Ingreso adicional,184.44,expense,2026-02-13,2975.74,monthly
93,synthetic_user_93@example.com,0,Educacion,94.42,expense,2026-02-08,2975.74,monthly
93,synthetic_user_93@example.com,0,Otro,224.69,expense,2026-02-19,2975.74,monthly
93,synthetic_user_93@example.com,0,Compras,184.36,expense,2026-02-20,2975.74,monthly
93,synthetic_user_93@example.com,0,Gastos generales,189.6,expense,2026-02-22,2975.74,monthly
93,synthetic_user_93@example.com,0,Ingreso adicional,100.21,expense,2026-02-12,2975.74,monthly
93,synthetic_user_93@example.com,0,Vivienda,203.88,expense,2026-02-26,2975.74,monthly
93,synthetic_user_93@example.com,0,Suscripciones,121.72,expense,2026-02-08,2975.74,monthly
93,synthetic_user_93@example.com,0,Transporte,231.81,expense,2026-02-19,2975.74,monthly
93,synthetic_user_93@example.com,0,Salud,294.54,expense,2026-02-14,2975.74,monthly
93,synthetic_user_93@example.com,0,Ingreso adicional,221.41,expense,2026-02-06,2975.74,monthly
93,synthetic_user_93@example.com,0,Servicios,99.13,expense,2026-02-09,2975.74,monthly
93,synthetic_user_93@example.com,0,Educacion,142.02,expense,2026-02-27,2975.74,monthly
93,synthetic_user_93@example.com,0,Ingreso Base,2714.69,income,2026-03-08,2975.74,monthly
93,synthetic_user_93@example.com,0,Inversion,307.2,investment,2026-04-01,2975.74,monthly
93,synthetic_user_93@example.com,0,Ingresos,211.01,expense,2026-03-03,2975.74,monthly
93,synthetic_user_93@example.com,0,Ingreso adicional,194.27,expense,2026-03-03,2975.74,monthly
93,synthetic_user_93@example.com,0,Gastos generales,386.46,expense,2026-03-20,2975.74,monthly
93,synthetic_user_93@example.com,0,Transporte,412.1,expense,2026-03-02,2975.74,monthly
93,synthetic_user_93@example.com,0,Ingreso adicional,217.95,expense,2026-03-24,2975.74,monthly
93,synthetic_user_93@example.com,0,Gastos generales,56.2,expense,2026-03-19,2975.74,monthly
93,synthetic_user_93@example.com,0,Servicios,114.44,expense,2026-03-04,2975.74,monthly
93,synthetic_user_93@example.com,0,Servicios,218.58,expense,2026-03-09,2975.74,monthly
93,synthetic_user_93@example.com,0,Transporte,312.49,expense,2026-03-13,2975.74,monthly
93,synthetic_user_93@example.com,0,Gastos generales,141.91,expense,2026-03-13,2975.74,monthly
93,synthetic_user_93@example.com,0,Transporte,136.27,expense,2026-03-25,2975.74,monthly
93,synthetic_user_93@example.com,0,Ingreso Base,3094.38,income,2026-04-07,2975.74,monthly
93,synthetic_user_93@example.com,0,Inversion,363.7,investment,2026-04-15,2975.74,monthly
93,synthetic_user_93@example.com,0,Gastos generales,247.97,expense,2026-04-18,2975.74,monthly
93,synthetic_user_93@example.com,0,Ingresos,405.08,expense,2026-04-26,2975.74,monthly
93,synthetic_user_93@example.com,0,Servicios,139.67,expense,2026-04-15,2975.74,monthly
93,synthetic_user_93@example.com,0,Servicios,172.99,expense,2026-04-09,2975.74,monthly
93,synthetic_user_93@example.com,0,Salud,239.06,expense,2026-04-18,2975.74,monthly
93,synthetic_user_93@example.com,0,Salud,283.64,expense,2026-04-05,2975.74,monthly
93,synthetic_user_93@example.com,0,Vivienda,196.59,expense,2026-04-12,2975.74,monthly
93,synthetic_user_93@example.com,0,Compras,424.1,expense,2026-04-25,2975.74,monthly
93,synthetic_user_93@example.com,0,Ingreso adicional,217.14,expense,2026-04-06,2975.74,monthly
94,synthetic_user_94@example.com,0,Ingreso Base,2199.68,income,2025-11-08,2185.26,monthly
94,synthetic_user_94@example.com,0,Inversion,30.06,investment,2025-11-26,2185.26,monthly
94,synthetic_user_94@example.com,0,Otro,92.56,expense,2025-11-01,2185.26,monthly
94,synthetic_user_94@example.com,0,Educacion,46.24,expense,2025-11-20,2185.26,monthly
94,synthetic_user_94@example.com,0,Suscripciones,178.69,expense,2025-11-20,2185.26,monthly
94,synthetic_user_94@example.com,0,Ingresos,166.86,expense,2025-11-21,2185.26,monthly
94,synthetic_user_94@example.com,0,Gastos generales,125.32,expense,2025-11-01,2185.26,monthly
94,synthetic_user_94@example.com,0,Ingresos,82.98,expense,2025-11-18,2185.26,monthly
94,synthetic_user_94@example.com,0,Salud,196.16,expense,2025-11-21,2185.26,monthly
94,synthetic_user_94@example.com,0,Ingresos,162.59,expense,2025-11-03,2185.26,monthly
94,synthetic_user_94@example.com,0,Compras,157.52,expense,2025-11-18,2185.26,monthly
94,synthetic_user_94@example.com,0,Alimentacion,103.93,expense,2025-11-19,2185.26,monthly
94,synthetic_user_94@example.com,0,Transporte,169.82,expense,2025-11-16,2185.26,monthly
94,synthetic_user_94@example.com,0,Compras,133.21,expense,2025-11-01,2185.26,monthly
94,synthetic_user_94@example.com,0,Ingresos,119.28,expense,2025-11-16,2185.26,monthly
94,synthetic_user_94@example.com,0,Salud,167.36,expense,2025-11-26,2185.26,monthly
94,synthetic_user_94@example.com,0,Ingreso Base,1782.99,income,2025-12-08,2185.26,monthly
94,synthetic_user_94@example.com,0,Inversion,25.99,investment,2025-12-20,2185.26,monthly
94,synthetic_user_94@example.com,0,Suscripciones,92.72,expense,2025-12-26,2185.26,monthly
94,synthetic_user_94@example.com,0,Suscripciones,133.33,expense,2025-12-20,2185.26,monthly
94,synthetic_user_94@example.com,0,Ingresos,106.84,expense,2025-12-15,2185.26,monthly
94,synthetic_user_94@example.com,0,Salud,94.83,expense,2025-12-10,2185.26,monthly
94,synthetic_user_94@example.com,0,Suscripciones,74.47,expense,2025-12-04,2185.26,monthly
94,synthetic_user_94@example.com,0,Ingreso adicional,47.98,expense,2025-12-04,2185.26,monthly
94,synthetic_user_94@example.com,0,Transporte,117.42,expense,2025-12-22,2185.26,monthly
94,synthetic_user_94@example.com,0,Ingresos,114.34,expense,2025-12-19,2185.26,monthly
94,synthetic_user_94@example.com,0,Suscripciones,76.04,expense,2025-12-24,2185.26,monthly
94,synthetic_user_94@example.com,0,Alimentacion,76.89,expense,2025-12-08,2185.26,monthly
94,synthetic_user_94@example.com,0,rappi,85.56,expense,2025-12-19,2185.26,monthly
94,synthetic_user_94@example.com,0,Compras,82.51,expense,2025-12-14,2185.26,monthly
94,synthetic_user_94@example.com,0,Salud,81.18,expense,2025-12-19,2185.26,monthly
94,synthetic_user_94@example.com,0,Transporte,175.84,expense,2025-12-26,2185.26,monthly
94,synthetic_user_94@example.com,0,Alimentacion,90.41,expense,2025-12-25,2185.26,monthly
94,synthetic_user_94@example.com,0,Salud,79.69,expense,2025-12-02,2185.26,monthly
94,synthetic_user_94@example.com,0,Ingreso Base,2301.54,income,2026-01-07,2185.26,monthly
94,synthetic_user_94@example.com,0,Inversion,34.94,investment,2026-01-30,2185.26,monthly
94,synthetic_user_94@example.com,0,Ingresos,134.99,expense,2026-01-03,2185.26,monthly
94,synthetic_user_94@example.com,0,Alimentacion,88.07,expense,2026-01-09,2185.26,monthly
94,synthetic_user_94@example.com,0,Otro,271.39,expense,2026-01-10,2185.26,monthly
94,synthetic_user_94@example.com,0,Alimentacion,179.83,expense,2026-01-13,2185.26,monthly
94,synthetic_user_94@example.com,0,Ingresos,129.18,expense,2026-01-04,2185.26,monthly
94,synthetic_user_94@example.com,0,Salud,224.39,expense,2026-01-03,2185.26,monthly
94,synthetic_user_94@example.com,0,rappi,82.92,expense,2026-01-12,2185.26,monthly
94,synthetic_user_94@example.com,0,Ocio,225.59,expense,2026-01-25,2185.26,monthly
94,synthetic_user_94@example.com,0,Otro,136.45,expense,2026-01-11,2185.26,monthly
94,synthetic_user_94@example.com,0,Servicios,179.15,expense,2026-01-02,2185.26,monthly
94,synthetic_user_94@example.com,0,Suscripciones,201.31,expense,2026-01-23,2185.26,monthly
94,synthetic_user_94@example.com,0,Servicios,287.28,expense,2026-01-16,2185.26,monthly
94,synthetic_user_94@example.com,0,Ingreso Base,2427.76,income,2026-02-06,2185.26,monthly
94,synthetic_user_94@example.com,0,Inversion,30.11,investment,2026-02-23,2185.26,monthly
94,synthetic_user_94@example.com,0,Educacion,213.04,expense,2026-02-22,2185.26,monthly
94,synthetic_user_94@example.com,0,Transporte,42.61,expense,2026-02-05,2185.26,monthly
94,synthetic_user_94@example.com,0,Alimentacion,260.28,expense,2026-02-15,2185.26,monthly
94,synthetic_user_94@example.com,0,Alimentacion,207.3,expense,2026-02-01,2185.26,monthly
94,synthetic_user_94@example.com,0,Transporte,190.27,expense,2026-02-27,2185.26,monthly
94,synthetic_user_94@example.com,0,Gastos generales,254.44,expense,2026-02-20,2185.26,monthly
94,synthetic_user_94@example.com,0,rappi,233.19,expense,2026-02-14,2185.26,monthly
94,synthetic_user_94@example.com,0,Compras,318.65,expense,2026-02-18,2185.26,monthly
94,synthetic_user_94@example.com,0,Alimentacion,200.76,expense,2026-02-10,2185.26,monthly
94,synthetic_user_94@example.com,0,Gastos generales,236.81,expense,2026-02-23,2185.26,monthly
94,synthetic_user_94@example.com,0,Gastos generales,153.59,expense,2026-02-20,2185.26,monthly
94,synthetic_user_94@example.com,0,Ingreso Base,2393.62,income,2026-03-08,2185.26,monthly
94,synthetic_user_94@example.com,0,Inversion,35.89,investment,2026-03-25,2185.26,monthly
94,synthetic_user_94@example.com,0,Salud,98.42,expense,2026-03-05,2185.26,monthly
94,synthetic_user_94@example.com,0,Gastos generales,235.43,expense,2026-03-23,2185.26,monthly
94,synthetic_user_94@example.com,0,Salud,203.61,expense,2026-03-14,2185.26,monthly
94,synthetic_user_94@example.com,0,Ingreso adicional,173.52,expense,2026-03-08,2185.26,monthly
94,synthetic_user_94@example.com,0,rappi,172.44,expense,2026-03-03,2185.26,monthly
94,synthetic_user_94@example.com,0,Ingreso adicional,188.46,expense,2026-03-10,2185.26,monthly
94,synthetic_user_94@example.com,0,Compras,137.1,expense,2026-03-10,2185.26,monthly
94,synthetic_user_94@example.com,0,Ingresos,153.81,expense,2026-03-26,2185.26,monthly
94,synthetic_user_94@example.com,0,Ingreso adicional,85.26,expense,2026-03-15,2185.26,monthly
94,synthetic_user_94@example.com,0,Ocio,111.12,expense,2026-03-03,2185.26,monthly
94,synthetic_user_94@example.com,0,rappi,195.82,expense,2026-03-02,2185.26,monthly
94,synthetic_user_94@example.com,0,Ingresos,211.69,expense,2026-03-22,2185.26,monthly
94,synthetic_user_94@example.com,0,Ingreso Base,2254.82,income,2026-04-07,2185.26,monthly
94,synthetic_user_94@example.com,0,Inversion,26.39,investment,2026-04-18,2185.26,monthly
94,synthetic_user_94@example.com,0,Vivienda,237.81,expense,2026-04-12,2185.26,monthly
94,synthetic_user_94@example.com,0,Compras,83.01,expense,2026-04-06,2185.26,monthly
94,synthetic_user_94@example.com,0,Ingreso adicional,145.85,expense,2026-04-12,2185.26,monthly
94,synthetic_user_94@example.com,0,Gastos generales,200.12,expense,2026-04-08,2185.26,monthly
94,synthetic_user_94@example.com,0,Compras,180.71,expense,2026-04-14,2185.26,monthly
94,synthetic_user_94@example.com,0,Alimentacion,208.31,expense,2026-04-26,2185.26,monthly
94,synthetic_user_94@example.com,0,Ocio,230.83,expense,2026-04-01,2185.26,monthly
94,synthetic_user_94@example.com,0,Gastos generales,49.06,expense,2026-04-14,2185.26,monthly
94,synthetic_user_94@example.com,0,Educacion,186.72,expense,2026-04-09,2185.26,monthly
94,synthetic_user_94@example.com,0,Educacion,284.37,expense,2026-04-15,2185.26,monthly
95,synthetic_user_95@example.com,0,Ingreso Base,1086.47,income,2025-11-08,1093.33,monthly
95,synthetic_user_95@example.com,0,Inversion,38.01,investment,2025-11-21,1093.33,monthly
95,synthetic_user_95@example.com,0,Ocio,114.86,expense,2025-11-13,1093.33,monthly
95,synthetic_user_95@example.com,0,Compras,101.72,expense,2025-11-09,1093.33,monthly
95,synthetic_user_95@example.com,0,Salud,58.74,expense,2025-11-25,1093.33,monthly
95,synthetic_user_95@example.com,0,Gastos generales,63.85,expense,2025-11-04,1093.33,monthly
95,synthetic_user_95@example.com,0,rappi,67.47,expense,2025-11-06,1093.33,monthly
95,synthetic_user_95@example.com,0,Servicios,84.72,expense,2025-11-07,1093.33,monthly
95,synthetic_user_95@example.com,0,Ocio,51.15,expense,2025-11-23,1093.33,monthly
95,synthetic_user_95@example.com,0,rappi,113.15,expense,2025-11-07,1093.33,monthly
95,synthetic_user_95@example.com,0,Educacion,52.95,expense,2025-11-21,1093.33,monthly
95,synthetic_user_95@example.com,0,rappi,90.17,expense,2025-11-19,1093.33,monthly
95,synthetic_user_95@example.com,0,Servicios,139.21,expense,2025-11-12,1093.33,monthly
95,synthetic_user_95@example.com,0,Ingreso Base,1197.93,income,2025-12-08,1093.33,monthly
95,synthetic_user_95@example.com,0,Inversion,26.14,investment,2025-12-18,1093.33,monthly
95,synthetic_user_95@example.com,0,Ocio,27.35,expense,2025-12-06,1093.33,monthly
95,synthetic_user_95@example.com,0,Ingreso adicional,75.85,expense,2025-12-16,1093.33,monthly
95,synthetic_user_95@example.com,0,Ingreso adicional,81.48,expense,2025-12-10,1093.33,monthly
95,synthetic_user_95@example.com,0,Compras,73.09,expense,2025-12-23,1093.33,monthly
95,synthetic_user_95@example.com,0,Ingresos,82.78,expense,2025-12-01,1093.33,monthly
95,synthetic_user_95@example.com,0,Ingresos,61.45,expense,2025-12-14,1093.33,monthly
95,synthetic_user_95@example.com,0,Ingreso adicional,109.06,expense,2025-12-08,1093.33,monthly
95,synthetic_user_95@example.com,0,Ingreso adicional,66.09,expense,2025-12-16,1093.33,monthly
95,synthetic_user_95@example.com,0,Servicios,55.05,expense,2025-12-13,1093.33,monthly
95,synthetic_user_95@example.com,0,Servicios,102.65,expense,2025-12-03,1093.33,monthly
95,synthetic_user_95@example.com,0,Gastos generales,103.54,expense,2025-12-22,1093.33,monthly
95,synthetic_user_95@example.com,0,Alimentacion,77.72,expense,2025-12-01,1093.33,monthly
95,synthetic_user_95@example.com,0,rappi,62.31,expense,2025-12-21,1093.33,monthly
95,synthetic_user_95@example.com,0,Ocio,47.82,expense,2025-12-09,1093.33,monthly
95,synthetic_user_95@example.com,0,Ingreso Base,1009.5,income,2026-01-07,1093.33,monthly
95,synthetic_user_95@example.com,0,Inversion,26.5,investment,2026-01-25,1093.33,monthly
95,synthetic_user_95@example.com,0,Compras,73.49,expense,2026-01-04,1093.33,monthly
95,synthetic_user_95@example.com,0,Suscripciones,122.24,expense,2026-01-23,1093.33,monthly
95,synthetic_user_95@example.com,0,Compras,56.79,expense,2026-01-06,1093.33,monthly
95,synthetic_user_95@example.com,0,Servicios,65.13,expense,2026-01-18,1093.33,monthly
95,synthetic_user_95@example.com,0,Salud,42.16,expense,2026-01-05,1093.33,monthly
95,synthetic_user_95@example.com,0,Ingreso adicional,120.25,expense,2026-01-16,1093.33,monthly
95,synthetic_user_95@example.com,0,rappi,83.46,expense,2026-01-08,1093.33,monthly
95,synthetic_user_95@example.com,0,Ingreso adicional,88.59,expense,2026-01-04,1093.33,monthly
95,synthetic_user_95@example.com,0,Suscripciones,125.1,expense,2026-01-12,1093.33,monthly
95,synthetic_user_95@example.com,0,Ingreso adicional,53.23,expense,2026-01-26,1093.33,monthly
95,synthetic_user_95@example.com,0,Ingreso Base,1046.69,income,2026-02-06,1093.33,monthly
95,synthetic_user_95@example.com,0,Inversion,26.5,investment,2026-02-12,1093.33,monthly
95,synthetic_user_95@example.com,0,Ingreso adicional,41.24,expense,2026-02-01,1093.33,monthly
95,synthetic_user_95@example.com,0,Ingreso adicional,54.97,expense,2026-02-18,1093.33,monthly
95,synthetic_user_95@example.com,0,Educacion,65.36,expense,2026-02-14,1093.33,monthly
95,synthetic_user_95@example.com,0,Ocio,54.12,expense,2026-02-09,1093.33,monthly
95,synthetic_user_95@example.com,0,Compras,43.24,expense,2026-02-12,1093.33,monthly
95,synthetic_user_95@example.com,0,Salud,69.67,expense,2026-02-05,1093.33,monthly
95,synthetic_user_95@example.com,0,Transporte,81.1,expense,2026-02-19,1093.33,monthly
95,synthetic_user_95@example.com,0,Ingreso adicional,88.41,expense,2026-02-08,1093.33,monthly
95,synthetic_user_95@example.com,0,Salud,22.87,expense,2026-02-23,1093.33,monthly
95,synthetic_user_95@example.com,0,Ingresos,85.11,expense,2026-02-06,1093.33,monthly
95,synthetic_user_95@example.com,0,Ingreso adicional,96.19,expense,2026-02-24,1093.33,monthly
95,synthetic_user_95@example.com,0,Servicios,40.64,expense,2026-02-07,1093.33,monthly
95,synthetic_user_95@example.com,0,Servicios,55.23,expense,2026-02-14,1093.33,monthly
95,synthetic_user_95@example.com,0,Educacion,66.57,expense,2026-02-10,1093.33,monthly
95,synthetic_user_95@example.com,0,Salud,93.41,expense,2026-02-18,1093.33,monthly
95,synthetic_user_95@example.com,0,Ingreso Base,1178.6,income,2026-03-08,1093.33,monthly
95,synthetic_user_95@example.com,0,Inversion,32.6,investment,2026-03-20,1093.33,monthly
95,synthetic_user_95@example.com,0,Ingreso adicional,75.28,expense,2026-03-10,1093.33,monthly
95,synthetic_user_95@example.com,0,Compras,65.08,expense,2026-03-05,1093.33,monthly
95,synthetic_user_95@example.com,0,Ingreso adicional,98.0,expense,2026-03-01,1093.33,monthly
95,synthetic_user_95@example.com,0,Servicios,129.99,expense,2026-03-11,1093.33,monthly
95,synthetic_user_95@example.com,0,Ingresos,88.09,expense,2026-03-10,1093.33,monthly
95,synthetic_user_95@example.com,0,rappi,50.1,expense,2026-03-16,1093.33,monthly
95,synthetic_user_95@example.com,0,Gastos generales,100.2,expense,2026-03-27,1093.33,monthly
95,synthetic_user_95@example.com,0,Servicios,74.45,expense,2026-03-11,1093.33,monthly
95,synthetic_user_95@example.com,0,Ocio,40.94,expense,2026-03-27,1093.33,monthly
95,synthetic_user_95@example.com,0,rappi,107.23,expense,2026-03-10,1093.33,monthly
95,synthetic_user_95@example.com,0,Gastos generales,102.99,expense,2026-03-02,1093.33,monthly
95,synthetic_user_95@example.com,0,rappi,73.35,expense,2026-03-03,1093.33,monthly
95,synthetic_user_95@example.com,0,Servicios,89.84,expense,2026-03-20,1093.33,monthly
95,synthetic_user_95@example.com,0,Ingreso Base,983.67,income,2026-04-07,1093.33,monthly
95,synthetic_user_95@example.com,0,Inversion,20.4,investment,2026-04-10,1093.33,monthly
95,synthetic_user_95@example.com,0,Servicios,55.77,expense,2026-04-25,1093.33,monthly
95,synthetic_user_95@example.com,0,Suscripciones,67.98,expense,2026-04-20,1093.33,monthly
95,synthetic_user_95@example.com,0,Servicios,56.42,expense,2026-04-23,1093.33,monthly
95,synthetic_user_95@example.com,0,Ingresos,39.11,expense,2026-04-02,1093.33,monthly
95,synthetic_user_95@example.com,0,Servicios,11.28,expense,2026-04-27,1093.33,monthly
95,synthetic_user_95@example.com,0,Suscripciones,52.04,expense,2026-04-15,1093.33,monthly
95,synthetic_user_95@example.com,0,Compras,43.61,expense,2026-04-20,1093.33,monthly
95,synthetic_user_95@example.com,0,Suscripciones,41.37,expense,2026-04-10,1093.33,monthly
95,synthetic_user_95@example.com,0,Ingreso adicional,37.09,expense,2026-04-17,1093.33,monthly
95,synthetic_user_95@example.com,0,Servicios,58.52,expense,2026-04-04,1093.33,monthly
95,synthetic_user_95@example.com,0,Ingresos,62.96,expense,2026-04-06,1093.33,monthly
95,synthetic_user_95@example.com,0,rappi,63.45,expense,2026-04-09,1093.33,monthly
95,synthetic_user_95@example.com,0,Ocio,59.39,expense,2026-04-04,1093.33,monthly
95,synthetic_user_95@example.com,0,Salud,50.41,expense,2026-04-25,1093.33,monthly
96,synthetic_user_96@example.com,0,Ingreso Base,1255.15,income,2025-11-08,1332.47,monthly
96,synthetic_user_96@example.com,0,Inversion,54.52,investment,2025-11-30,1332.47,monthly
96,synthetic_user_96@example.com,0,Alimentacion,63.35,expense,2025-11-23,1332.47,monthly
96,synthetic_user_96@example.com,0,Ingreso adicional,78.56,expense,2025-11-07,1332.47,monthly
96,synthetic_user_96@example.com,0,rappi,96.89,expense,2025-11-11,1332.47,monthly
96,synthetic_user_96@example.com,0,Servicios,100.29,expense,2025-11-07,1332.47,monthly
96,synthetic_user_96@example.com,0,Transporte,62.65,expense,2025-11-09,1332.47,monthly
96,synthetic_user_96@example.com,0,Compras,15.9,expense,2025-11-07,1332.47,monthly
96,synthetic_user_96@example.com,0,Alimentacion,22.15,expense,2025-11-09,1332.47,monthly
96,synthetic_user_96@example.com,0,Transporte,79.34,expense,2025-11-23,1332.47,monthly
96,synthetic_user_96@example.com,0,Compras,111.83,expense,2025-11-25,1332.47,monthly
96,synthetic_user_96@example.com,0,Suscripciones,69.29,expense,2025-11-17,1332.47,monthly
96,synthetic_user_96@example.com,0,Transporte,88.19,expense,2025-11-08,1332.47,monthly
96,synthetic_user_96@example.com,0,Educacion,65.35,expense,2025-11-09,1332.47,monthly
96,synthetic_user_96@example.com,0,Otro,107.16,expense,2025-11-13,1332.47,monthly
96,synthetic_user_96@example.com,0,Ingreso Base,1366.78,income,2025-12-08,1332.47,monthly
96,synthetic_user_96@example.com,0,Inversion,85.5,investment,2025-12-15,1332.47,monthly
96,synthetic_user_96@example.com,0,Educacion,191.54,expense,2025-12-11,1332.47,monthly
96,synthetic_user_96@example.com,0,Alimentacion,96.48,expense,2025-12-26,1332.47,monthly
96,synthetic_user_96@example.com,0,Compras,26.87,expense,2025-12-05,1332.47,monthly
96,synthetic_user_96@example.com,0,Compras,145.81,expense,2025-12-22,1332.47,monthly
96,synthetic_user_96@example.com,0,Transporte,194.49,expense,2025-12-16,1332.47,monthly
96,synthetic_user_96@example.com,0,Alimentacion,22.22,expense,2025-12-01,1332.47,monthly
96,synthetic_user_96@example.com,0,Ocio,79.08,expense,2025-12-26,1332.47,monthly
96,synthetic_user_96@example.com,0,Alimentacion,99.25,expense,2025-12-01,1332.47,monthly
96,synthetic_user_96@example.com,0,Vivienda,102.7,expense,2025-12-07,1332.47,monthly
96,synthetic_user_96@example.com,0,Servicios,124.44,expense,2025-12-14,1332.47,monthly
96,synthetic_user_96@example.com,0,Ingreso Base,1075.44,income,2026-01-07,1332.47,monthly
96,synthetic_user_96@example.com,0,Inversion,65.35,investment,2026-01-29,1332.47,monthly
96,synthetic_user_96@example.com,0,Otro,64.6,expense,2026-01-05,1332.47,monthly
96,synthetic_user_96@example.com,0,Servicios,27.47,expense,2026-01-14,1332.47,monthly
96,synthetic_user_96@example.com,0,Otro,72.43,expense,2026-01-01,1332.47,monthly
96,synthetic_user_96@example.com,0,Suscripciones,90.68,expense,2026-01-21,1332.47,monthly
96,synthetic_user_96@example.com,0,Educacion,51.14,expense,2026-01-07,1332.47,monthly
96,synthetic_user_96@example.com,0,Transporte,6.14,expense,2026-01-13,1332.47,monthly
96,synthetic_user_96@example.com,0,Alimentacion,50.28,expense,2026-01-15,1332.47,monthly
96,synthetic_user_96@example.com,0,Educacion,52.12,expense,2026-01-26,1332.47,monthly
96,synthetic_user_96@example.com,0,Alimentacion,39.58,expense,2026-01-18,1332.47,monthly
96,synthetic_user_96@example.com,0,Ingresos,31.34,expense,2026-01-09,1332.47,monthly
96,synthetic_user_96@example.com,0,Educacion,32.57,expense,2026-01-19,1332.47,monthly
96,synthetic_user_96@example.com,0,Servicios,28.36,expense,2026-01-27,1332.47,monthly
96,synthetic_user_96@example.com,0,Gastos generales,64.3,expense,2026-01-20,1332.47,monthly
96,synthetic_user_96@example.com,0,Salud,45.39,expense,2026-01-17,1332.47,monthly
96,synthetic_user_96@example.com,0,Servicios,22.99,expense,2026-01-10,1332.47,monthly
96,synthetic_user_96@example.com,0,Otro,66.12,expense,2026-01-01,1332.47,monthly
96,synthetic_user_96@example.com,0,Ingreso adicional,67.41,expense,2026-01-07,1332.47,monthly
96,synthetic_user_96@example.com,0,Ingreso Base,1343.26,income,2026-02-06,1332.47,monthly
96,synthetic_user_96@example.com,0,Inversion,102.67,investment,2026-02-24,1332.47,monthly
96,synthetic_user_96@example.com,0,Ocio,69.85,expense,2026-02-18,1332.47,monthly
96,synthetic_user_96@example.com,0,Educacion,127.22,expense,2026-02-22,1332.47,monthly
96,synthetic_user_96@example.com,0,Salud,136.28,expense,2026-02-25,1332.47,monthly
96,synthetic_user_96@example.com,0,Servicios,103.54,expense,2026-02-14,1332.47,monthly
96,synthetic_user_96@example.com,0,Salud,62.46,expense,2026-02-05,1332.47,monthly
96,synthetic_user_96@example.com,0,Alimentacion,91.69,expense,2026-02-24,1332.47,monthly
96,synthetic_user_96@example.com,0,Compras,44.9,expense,2026-02-10,1332.47,monthly
96,synthetic_user_96@example.com,0,Servicios,141.38,expense,2026-02-18,1332.47,monthly
96,synthetic_user_96@example.com,0,Servicios,96.57,expense,2026-02-20,1332.47,monthly
96,synthetic_user_96@example.com,0,Servicios,45.51,expense,2026-02-16,1332.47,monthly
96,synthetic_user_96@example.com,0,rappi,53.32,expense,2026-02-19,1332.47,monthly
96,synthetic_user_96@example.com,0,Servicios,86.28,expense,2026-02-05,1332.47,monthly
96,synthetic_user_96@example.com,0,Compras,122.77,expense,2026-02-12,1332.47,monthly
96,synthetic_user_96@example.com,0,Ingreso Base,1100.33,income,2026-03-08,1332.47,monthly
96,synthetic_user_96@example.com,0,Inversion,81.05,investment,2026-03-26,1332.47,monthly
96,synthetic_user_96@example.com,0,Transporte,84.84,expense,2026-03-06,1332.47,monthly
96,synthetic_user_96@example.com,0,Alimentacion,97.66,expense,2026-03-12,1332.47,monthly
96,synthetic_user_96@example.com,0,Transporte,65.21,expense,2026-03-12,1332.47,monthly
96,synthetic_user_96@example.com,0,Otro,79.73,expense,2026-03-05,1332.47,monthly
96,synthetic_user_96@example.com,0,Alimentacion,133.79,expense,2026-03-15,1332.47,monthly
96,synthetic_user_96@example.com,0,Transporte,84.25,expense,2026-03-27,1332.47,monthly
96,synthetic_user_96@example.com,0,Ocio,92.26,expense,2026-03-15,1332.47,monthly
96,synthetic_user_96@example.com,0,Alimentacion,51.29,expense,2026-03-07,1332.47,monthly
96,synthetic_user_96@example.com,0,Alimentacion,120.68,expense,2026-03-19,1332.47,monthly
96,synthetic_user_96@example.com,0,Gastos generales,55.81,expense,2026-03-08,1332.47,monthly
96,synthetic_user_96@example.com,0,Alimentacion,81.27,expense,2026-03-08,1332.47,monthly
96,synthetic_user_96@example.com,0,Otro,52.44,expense,2026-03-19,1332.47,monthly
96,synthetic_user_96@example.com,0,Ingreso Base,1592.03,income,2026-04-07,1332.47,monthly
96,synthetic_user_96@example.com,0,Inversion,96.9,investment,2026-04-26,1332.47,monthly
96,synthetic_user_96@example.com,0,Otro,79.45,expense,2026-04-18,1332.47,monthly
96,synthetic_user_96@example.com,0,Alimentacion,41.42,expense,2026-04-05,1332.47,monthly
96,synthetic_user_96@example.com,0,Alimentacion,57.87,expense,2026-04-07,1332.47,monthly
96,synthetic_user_96@example.com,0,Compras,58.51,expense,2026-04-26,1332.47,monthly
96,synthetic_user_96@example.com,0,Compras,74.72,expense,2026-04-09,1332.47,monthly
96,synthetic_user_96@example.com,0,Ingreso adicional,100.35,expense,2026-04-12,1332.47,monthly
96,synthetic_user_96@example.com,0,Alimentacion,108.67,expense,2026-04-16,1332.47,monthly
96,synthetic_user_96@example.com,0,Otro,91.96,expense,2026-04-17,1332.47,monthly
96,synthetic_user_96@example.com,0,Ingresos,85.48,expense,2026-04-18,1332.47,monthly
96,synthetic_user_96@example.com,0,Educacion,25.06,expense,2026-04-26,1332.47,monthly
96,synthetic_user_96@example.com,0,Otro,74.74,expense,2026-04-14,1332.47,monthly
96,synthetic_user_96@example.com,0,Otro,49.75,expense,2026-04-21,1332.47,monthly
96,synthetic_user_96@example.com,0,Servicios,124.94,expense,2026-04-05,1332.47,monthly
96,synthetic_user_96@example.com,0,Otro,51.51,expense,2026-04-24,1332.47,monthly
96,synthetic_user_96@example.com,0,Ingresos,73.94,expense,2026-04-10,1332.47,monthly
96,synthetic_user_96@example.com,0,Educacion,79.51,expense,2026-04-09,1332.47,monthly
96,synthetic_user_96@example.com,0,Alimentacion,59.42,expense,2026-04-27,1332.47,monthly
96,synthetic_user_96@example.com,0,Educacion,73.86,expense,2026-04-16,1332.47,monthly
96,synthetic_user_96@example.com,0,Ocio,75.66,expense,2026-04-04,1332.47,monthly
97,synthetic_user_97@example.com,0,Ingreso Base,1673.92,income,2025-11-08,1480.34,monthly
97,synthetic_user_97@example.com,0,Inversion,141.36,investment,2025-11-23,1480.34,monthly
97,synthetic_user_97@example.com,0,Gastos generales,132.3,expense,2025-11-02,1480.34,monthly
97,synthetic_user_97@example.com,0,rappi,124.24,expense,2025-11-20,1480.34,monthly
97,synthetic_user_97@example.com,0,Gastos generales,50.55,expense,2025-11-18,1480.34,monthly
97,synthetic_user_97@example.com,0,Gastos generales,101.96,expense,2025-11-09,1480.34,monthly
97,synthetic_user_97@example.com,0,Gastos generales,57.26,expense,2025-11-07,1480.34,monthly
97,synthetic_user_97@example.com,0,Ocio,135.95,expense,2025-11-24,1480.34,monthly
97,synthetic_user_97@example.com,0,Suscripciones,128.19,expense,2025-11-18,1480.34,monthly
97,synthetic_user_97@example.com,0,Salud,196.0,expense,2025-11-22,1480.34,monthly
97,synthetic_user_97@example.com,0,Vivienda,238.0,expense,2025-11-22,1480.34,monthly
97,synthetic_user_97@example.com,0,Otro,158.71,expense,2025-11-22,1480.34,monthly
97,synthetic_user_97@example.com,0,Servicios,196.9,expense,2025-11-09,1480.34,monthly
97,synthetic_user_97@example.com,0,Ingreso Base,1456.07,income,2025-12-08,1480.34,monthly
97,synthetic_user_97@example.com,0,Inversion,141.58,investment,2025-12-17,1480.34,monthly
97,synthetic_user_97@example.com,0,Otro,108.2,expense,2025-12-12,1480.34,monthly
97,synthetic_user_97@example.com,0,Salud,100.48,expense,2025-12-19,1480.34,monthly
97,synthetic_user_97@example.com,0,Gastos generales,126.5,expense,2025-12-11,1480.34,monthly
97,synthetic_user_97@example.com,0,Otro,62.03,expense,2025-12-09,1480.34,monthly
97,synthetic_user_97@example.com,0,Suscripciones,66.97,expense,2025-12-03,1480.34,monthly
97,synthetic_user_97@example.com,0,Servicios,133.56,expense,2025-12-08,1480.34,monthly
97,synthetic_user_97@example.com,0,Educacion,57.41,expense,2025-12-05,1480.34,monthly
97,synthetic_user_97@example.com,0,Salud,56.59,expense,2025-12-27,1480.34,monthly
97,synthetic_user_97@example.com,0,Suscripciones,83.05,expense,2025-12-25,1480.34,monthly
97,synthetic_user_97@example.com,0,Otro,42.87,expense,2025-12-10,1480.34,monthly
97,synthetic_user_97@example.com,0,Alimentacion,112.01,expense,2025-12-08,1480.34,monthly
97,synthetic_user_97@example.com,0,Ingreso adicional,57.22,expense,2025-12-22,1480.34,monthly
97,synthetic_user_97@example.com,0,Ingresos,131.42,expense,2025-12-18,1480.34,monthly
97,synthetic_user_97@example.com,0,Compras,67.67,expense,2025-12-05,1480.34,monthly
97,synthetic_user_97@example.com,0,Ingreso Base,1405.37,income,2026-01-07,1480.34,monthly
97,synthetic_user_97@example.com,0,Inversion,73.74,investment,2026-01-20,1480.34,monthly
97,synthetic_user_97@example.com,0,Gastos generales,139.12,expense,2026-01-15,1480.34,monthly
97,synthetic_user_97@example.com,0,Servicios,163.74,expense,2026-01-05,1480.34,monthly
97,synthetic_user_97@example.com,0,Ingreso adicional,182.01,expense,2026-01-04,1480.34,monthly
97,synthetic_user_97@example.com,0,Educacion,135.59,expense,2026-01-08,1480.34,monthly
97,synthetic_user_97@example.com,0,Educacion,177.48,expense,2026-01-15,1480.34,monthly
97,synthetic_user_97@example.com,0,Suscripciones,151.6,expense,2026-01-15,1480.34,monthly
97,synthetic_user_97@example.com,0,Servicios,111.8,expense,2026-01-25,1480.34,monthly
97,synthetic_user_97@example.com,0,Servicios,96.8,expense,2026-01-02,1480.34,monthly
97,synthetic_user_97@example.com,0,Ingreso adicional,89.08,expense,2026-01-09,1480.34,monthly
97,synthetic_user_97@example.com,0,rappi,162.66,expense,2026-01-26,1480.34,monthly
97,synthetic_user_97@example.com,0,Ingreso Base,1352.27,income,2026-02-06,1480.34,monthly
97,synthetic_user_97@example.com,0,Inversion,68.67,investment,2026-02-22,1480.34,monthly
97,synthetic_user_97@example.com,0,Compras,106.28,expense,2026-02-11,1480.34,monthly
97,synthetic_user_97@example.com,0,Transporte,36.29,expense,2026-02-01,1480.34,monthly
97,synthetic_user_97@example.com,0,Transporte,90.71,expense,2026-02-12,1480.34,monthly
97,synthetic_user_97@example.com,0,Educacion,38.76,expense,2026-02-02,1480.34,monthly
97,synthetic_user_97@example.com,0,Servicios,66.46,expense,2026-02-27,1480.34,monthly
97,synthetic_user_97@example.com,0,Suscripciones,59.54,expense,2026-02-06,1480.34,monthly
97,synthetic_user_97@example.com,0,Salud,103.1,expense,2026-02-23,1480.34,monthly
97,synthetic_user_97@example.com,0,Suscripciones,62.11,expense,2026-02-06,1480.34,monthly
97,synthetic_user_97@example.com,0,Ingresos,47.94,expense,2026-02-21,1480.34,monthly
97,synthetic_user_97@example.com,0,rappi,54.64,expense,2026-02-07,1480.34,monthly
97,synthetic_user_97@example.com,0,Ingreso adicional,45.05,expense,2026-02-21,1480.34,monthly
97,synthetic_user_97@example.com,0,Servicios,93.63,expense,2026-02-12,1480.34,monthly
97,synthetic_user_97@example.com,0,Suscripciones,121.22,expense,2026-02-25,1480.34,monthly
97,synthetic_user_97@example.com,0,Transporte,73.93,expense,2026-02-01,1480.34,monthly
97,synthetic_user_97@example.com,0,Otro,92.63,expense,2026-02-11,1480.34,monthly
97,synthetic_user_97@example.com,0,Servicios,17.02,expense,2026-02-25,1480.34,monthly
97,synthetic_user_97@example.com,0,Ocio,87.16,expense,2026-02-26,1480.34,monthly
97,synthetic_user_97@example.com,0,Ingreso Base,1480.18,income,2026-03-08,1480.34,monthly
97,synthetic_user_97@example.com,0,Inversion,134.25,investment,2026-03-13,1480.34,monthly
97,synthetic_user_97@example.com,0,Suscripciones,102.41,expense,2026-03-02,1480.34,monthly
97,synthetic_user_97@example.com,0,Servicios,48.9,expense,2026-03-14,1480.34,monthly
97,synthetic_user_97@example.com,0,Educacion,134.23,expense,2026-03-19,1480.34,monthly
97,synthetic_user_97@example.com,0,Vivienda,129.79,expense,2026-03-04,1480.34,monthly
97,synthetic_user_97@example.com,0,Otro,128.98,expense,2026-03-20,1480.34,monthly
97,synthetic_user_97@example.com,0,Otro,130.98,expense,2026-03-02,1480.34,monthly
97,synthetic_user_97@example.com,0,rappi,36.23,expense,2026-03-03,1480.34,monthly
97,synthetic_user_97@example.com,0,Gastos generales,81.04,expense,2026-03-04,1480.34,monthly
97,synthetic_user_97@example.com,0,Transporte,100.08,expense,2026-03-08,1480.34,monthly
97,synthetic_user_97@example.com,0,Ocio,34.63,expense,2026-03-07,1480.34,monthly
97,synthetic_user_97@example.com,0,Compras,98.98,expense,2026-03-23,1480.34,monthly
97,synthetic_user_97@example.com,0,Ingreso Base,1429.1,income,2026-04-07,1480.34,monthly
97,synthetic_user_97@example.com,0,Inversion,116.79,investment,2026-04-23,1480.34,monthly
97,synthetic_user_97@example.com,0,Ocio,106.59,expense,2026-04-21,1480.34,monthly
97,synthetic_user_97@example.com,0,Otro,57.86,expense,2026-04-26,1480.34,monthly
97,synthetic_user_97@example.com,0,Gastos generales,164.3,expense,2026-04-07,1480.34,monthly
97,synthetic_user_97@example.com,0,Servicios,76.15,expense,2026-04-04,1480.34,monthly
97,synthetic_user_97@example.com,0,Ocio,101.23,expense,2026-04-22,1480.34,monthly
97,synthetic_user_97@example.com,0,Suscripciones,48.64,expense,2026-04-09,1480.34,monthly
97,synthetic_user_97@example.com,0,rappi,90.26,expense,2026-04-14,1480.34,monthly
97,synthetic_user_97@example.com,0,Gastos generales,99.23,expense,2026-04-15,1480.34,monthly
97,synthetic_user_97@example.com,0,Salud,141.76,expense,2026-04-09,1480.34,monthly
97,synthetic_user_97@example.com,0,Educacion,90.4,expense,2026-04-19,1480.34,monthly
97,synthetic_user_97@example.com,0,Compras,113.76,expense,2026-04-22,1480.34,monthly
97,synthetic_user_97@example.com,0,Suscripciones,154.51,expense,2026-04-07,1480.34,monthly
98,synthetic_user_98@example.com,0,Ingreso Base,1756.78,income,2025-11-08,1875.1,monthly
98,synthetic_user_98@example.com,0,Inversion,14.08,investment,2025-11-19,1875.1,monthly
98,synthetic_user_98@example.com,0,Educacion,116.44,expense,2025-11-23,1875.1,monthly
98,synthetic_user_98@example.com,0,Educacion,122.69,expense,2025-11-16,1875.1,monthly
98,synthetic_user_98@example.com,0,Educacion,108.62,expense,2025-11-24,1875.1,monthly
98,synthetic_user_98@example.com,0,Otro,94.35,expense,2025-11-23,1875.1,monthly
98,synthetic_user_98@example.com,0,Educacion,139.03,expense,2025-11-18,1875.1,monthly
98,synthetic_user_98@example.com,0,Servicios,35.22,expense,2025-11-01,1875.1,monthly
98,synthetic_user_98@example.com,0,rappi,122.99,expense,2025-11-15,1875.1,monthly
98,synthetic_user_98@example.com,0,Suscripciones,59.9,expense,2025-11-13,1875.1,monthly
98,synthetic_user_98@example.com,0,Ingreso adicional,99.37,expense,2025-11-13,1875.1,monthly
98,synthetic_user_98@example.com,0,Otro,121.54,expense,2025-11-08,1875.1,monthly
98,synthetic_user_98@example.com,0,Servicios,42.6,expense,2025-11-09,1875.1,monthly
98,synthetic_user_98@example.com,0,Compras,126.95,expense,2025-11-18,1875.1,monthly
98,synthetic_user_98@example.com,0,Suscripciones,122.18,expense,2025-11-02,1875.1,monthly
98,synthetic_user_98@example.com,0,Educacion,130.81,expense,2025-11-11,1875.1,monthly
98,synthetic_user_98@example.com,0,Vivienda,140.98,expense,2025-11-14,1875.1,monthly
98,synthetic_user_98@example.com,0,Ingreso adicional,143.39,expense,2025-11-20,1875.1,monthly
98,synthetic_user_98@example.com,0,Salud,100.64,expense,2025-11-26,1875.1,monthly
98,synthetic_user_98@example.com,0,Ingreso Base,1811.02,income,2025-12-08,1875.1,monthly
98,synthetic_user_98@example.com,0,Inversion,13.42,investment,2025-12-19,1875.1,monthly
98,synthetic_user_98@example.com,0,Otro,314.01,expense,2025-12-08,1875.1,monthly
98,synthetic_user_98@example.com,0,Educacion,252.37,expense,2025-12-22,1875.1,monthly
98,synthetic_user_98@example.com,0,Educacion,175.69,expense,2025-12-03,1875.1,monthly
98,synthetic_user_98@example.com,0,Salud,191.26,expense,2025-12-21,1875.1,monthly
98,synthetic_user_98@example.com,0,Suscripciones,64.73,expense,2025-12-25,1875.1,monthly
98,synthetic_user_98@example.com,0,Transporte,197.54,expense,2025-12-07,1875.1,monthly
98,synthetic_user_98@example.com,0,Compras,195.24,expense,2025-12-24,1875.1,monthly
98,synthetic_user_98@example.com,0,rappi,198.22,expense,2025-12-27,1875.1,monthly
98,synthetic_user_98@example.com,0,Suscripciones,193.21,expense,2025-12-11,1875.1,monthly
98,synthetic_user_98@example.com,0,Ingreso Base,1650.28,income,2026-01-07,1875.1,monthly
98,synthetic_user_98@example.com,0,Inversion,17.37,investment,2026-01-17,1875.1,monthly
98,synthetic_user_98@example.com,0,Alimentacion,92.64,expense,2026-01-25,1875.1,monthly
98,synthetic_user_98@example.com,0,Educacion,91.79,expense,2026-01-07,1875.1,monthly
98,synthetic_user_98@example.com,0,Ingreso adicional,108.67,expense,2026-01-03,1875.1,monthly
98,synthetic_user_98@example.com,0,Educacion,38.14,expense,2026-01-09,1875.1,monthly
98,synthetic_user_98@example.com,0,Compras,97.29,expense,2026-01-19,1875.1,monthly
98,synthetic_user_98@example.com,0,Educacion,75.67,expense,2026-01-10,1875.1,monthly
98,synthetic_user_98@example.com,0,Compras,96.2,expense,2026-01-08,1875.1,monthly
98,synthetic_user_98@example.com,0,Salud,171.11,expense,2026-01-12,1875.1,monthly
98,synthetic_user_98@example.com,0,Salud,63.11,expense,2026-01-11,1875.1,monthly
98,synthetic_user_98@example.com,0,Ingreso adicional,59.86,expense,2026-01-06,1875.1,monthly
98,synthetic_user_98@example.com,0,Ingreso adicional,104.98,expense,2026-01-11,1875.1,monthly
98,synthetic_user_98@example.com,0,Transporte,58.07,expense,2026-01-17,1875.1,monthly
98,synthetic_user_98@example.com,0,Ocio,42.14,expense,2026-01-09,1875.1,monthly
98,synthetic_user_98@example.com,0,Alimentacion,80.55,expense,2026-01-21,1875.1,monthly
98,synthetic_user_98@example.com,0,Ocio,98.11,expense,2026-01-08,1875.1,monthly
98,synthetic_user_98@example.com,0,Ingreso adicional,71.78,expense,2026-01-01,1875.1,monthly
98,synthetic_user_98@example.com,0,Suscripciones,72.25,expense,2026-01-06,1875.1,monthly
98,synthetic_user_98@example.com,0,Compras,83.26,expense,2026-01-27,1875.1,monthly
98,synthetic_user_98@example.com,0,Ingreso Base,1578.76,income,2026-02-06,1875.1,monthly
98,synthetic_user_98@example.com,0,Inversion,10.85,investment,2026-02-09,1875.1,monthly
98,synthetic_user_98@example.com,0,Transporte,35.33,expense,2026-02-20,1875.1,monthly
98,synthetic_user_98@example.com,0,Otro,140.0,expense,2026-02-26,1875.1,monthly
98,synthetic_user_98@example.com,0,Compras,125.22,expense,2026-02-09,1875.1,monthly
98,synthetic_user_98@example.com,0,Otro,107.15,expense,2026-02-15,1875.1,monthly
98,synthetic_user_98@example.com,0,Educacion,127.36,expense,2026-02-23,1875.1,monthly
98,synthetic_user_98@example.com,0,Educacion,32.62,expense,2026-02-03,1875.1,monthly
98,synthetic_user_98@example.com,0,Alimentacion,63.03,expense,2026-02-15,1875.1,monthly
98,synthetic_user_98@example.com,0,Vivienda,90.1,expense,2026-02-24,1875.1,monthly
98,synthetic_user_98@example.com,0,Ingreso adicional,121.6,expense,2026-02-02,1875.1,monthly
98,synthetic_user_98@example.com,0,Servicios,86.66,expense,2026-02-10,1875.1,monthly
98,synthetic_user_98@example.com,0,Salud,134.67,expense,2026-02-17,1875.1,monthly
98,synthetic_user_98@example.com,0,Salud,169.47,expense,2026-02-22,1875.1,monthly
98,synthetic_user_98@example.com,0,Compras,114.83,expense,2026-02-10,1875.1,monthly
98,synthetic_user_98@example.com,0,Ingreso Base,2031.21,income,2026-03-08,1875.1,monthly
98,synthetic_user_98@example.com,0,Inversion,19.14,investment,2026-03-12,1875.1,monthly
98,synthetic_user_98@example.com,0,Suscripciones,165.2,expense,2026-03-24,1875.1,monthly
98,synthetic_user_98@example.com,0,rappi,121.75,expense,2026-03-22,1875.1,monthly
98,synthetic_user_98@example.com,0,rappi,157.14,expense,2026-03-10,1875.1,monthly
98,synthetic_user_98@example.com,0,Compras,128.02,expense,2026-03-07,1875.1,monthly
98,synthetic_user_98@example.com,0,Transporte,140.58,expense,2026-03-09,1875.1,monthly
98,synthetic_user_98@example.com,0,Compras,281.34,expense,2026-03-10,1875.1,monthly
98,synthetic_user_98@example.com,0,Gastos generales,182.38,expense,2026-03-01,1875.1,monthly
98,synthetic_user_98@example.com,0,Servicios,153.11,expense,2026-03-16,1875.1,monthly
98,synthetic_user_98@example.com,0,Transporte,191.0,expense,2026-03-25,1875.1,monthly
98,synthetic_user_98@example.com,0,Otro,170.16,expense,2026-03-07,1875.1,monthly
98,synthetic_user_98@example.com,0,Suscripciones,152.68,expense,2026-03-13,1875.1,monthly
98,synthetic_user_98@example.com,0,Educacion,117.35,expense,2026-03-14,1875.1,monthly
98,synthetic_user_98@example.com,0,Ingreso Base,2116.52,income,2026-04-07,1875.1,monthly
98,synthetic_user_98@example.com,0,Inversion,25.03,investment,2026-04-22,1875.1,monthly
98,synthetic_user_98@example.com,0,Suscripciones,173.35,expense,2026-04-27,1875.1,monthly
98,synthetic_user_98@example.com,0,Educacion,259.73,expense,2026-04-26,1875.1,monthly
98,synthetic_user_98@example.com,0,Salud,141.6,expense,2026-04-01,1875.1,monthly
98,synthetic_user_98@example.com,0,Salud,166.22,expense,2026-04-26,1875.1,monthly
98,synthetic_user_98@example.com,0,Ingresos,122.32,expense,2026-04-09,1875.1,monthly
98,synthetic_user_98@example.com,0,Compras,185.55,expense,2026-04-03,1875.1,monthly
98,synthetic_user_98@example.com,0,Ingreso adicional,229.72,expense,2026-04-20,1875.1,monthly
98,synthetic_user_98@example.com,0,Educacion,162.08,expense,2026-04-07,1875.1,monthly
98,synthetic_user_98@example.com,0,Ocio,262.59,expense,2026-04-22,1875.1,monthly
98,synthetic_user_98@example.com,0,Educacion,131.99,expense,2026-04-21,1875.1,monthly
98,synthetic_user_98@example.com,0,Transporte,157.27,expense,2026-04-11,1875.1,monthly
99,synthetic_user_99@example.com,0,Ingreso Base,2087.57,income,2025-11-08,2237.67,monthly
99,synthetic_user_99@example.com,0,Alimentacion,154.32,expense,2025-11-07,2237.67,monthly
99,synthetic_user_99@example.com,0,Transporte,211.09,expense,2025-11-22,2237.67,monthly
99,synthetic_user_99@example.com,0,Alimentacion,295.51,expense,2025-11-05,2237.67,monthly
99,synthetic_user_99@example.com,0,Otro,160.28,expense,2025-11-19,2237.67,monthly
99,synthetic_user_99@example.com,0,Educacion,212.97,expense,2025-11-27,2237.67,monthly
99,synthetic_user_99@example.com,0,Salud,83.96,expense,2025-11-26,2237.67,monthly
99,synthetic_user_99@example.com,0,Vivienda,82.96,expense,2025-11-22,2237.67,monthly
99,synthetic_user_99@example.com,0,Ingresos,155.91,expense,2025-11-02,2237.67,monthly
99,synthetic_user_99@example.com,0,Ingresos,167.26,expense,2025-11-17,2237.67,monthly
99,synthetic_user_99@example.com,0,Vivienda,223.2,expense,2025-11-15,2237.67,monthly
99,synthetic_user_99@example.com,0,Ingreso Base,2424.37,income,2025-12-08,2237.67,monthly
99,synthetic_user_99@example.com,0,Salud,123.03,expense,2025-12-12,2237.67,monthly
99,synthetic_user_99@example.com,0,Salud,174.53,expense,2025-12-22,2237.67,monthly
99,synthetic_user_99@example.com,0,Vivienda,241.1,expense,2025-12-03,2237.67,monthly
99,synthetic_user_99@example.com,0,Gastos generales,154.55,expense,2025-12-23,2237.67,monthly
99,synthetic_user_99@example.com,0,Gastos generales,332.16,expense,2025-12-16,2237.67,monthly
99,synthetic_user_99@example.com,0,Ingresos,192.66,expense,2025-12-14,2237.67,monthly
99,synthetic_user_99@example.com,0,Gastos generales,260.52,expense,2025-12-16,2237.67,monthly
99,synthetic_user_99@example.com,0,rappi,153.97,expense,2025-12-11,2237.67,monthly
99,synthetic_user_99@example.com,0,Ingreso adicional,233.14,expense,2025-12-01,2237.67,monthly
99,synthetic_user_99@example.com,0,Salud,252.17,expense,2025-12-21,2237.67,monthly
99,synthetic_user_99@example.com,0,Suscripciones,277.07,expense,2025-12-22,2237.67,monthly
99,synthetic_user_99@example.com,0,Ingreso adicional,203.36,expense,2025-12-21,2237.67,monthly
99,synthetic_user_99@example.com,0,Ingreso Base,2246.14,income,2026-01-07,2237.67,monthly
99,synthetic_user_99@example.com,0,Gastos generales,118.66,expense,2026-01-22,2237.67,monthly
99,synthetic_user_99@example.com,0,Otro,126.72,expense,2026-01-13,2237.67,monthly
99,synthetic_user_99@example.com,0,Vivienda,117.01,expense,2026-01-18,2237.67,monthly
99,synthetic_user_99@example.com,0,Ingresos,203.49,expense,2026-01-11,2237.67,monthly
99,synthetic_user_99@example.com,0,Educacion,194.14,expense,2026-01-08,2237.67,monthly
99,synthetic_user_99@example.com,0,Educacion,199.01,expense,2026-01-10,2237.67,monthly
99,synthetic_user_99@example.com,0,Alimentacion,193.01,expense,2026-01-24,2237.67,monthly
99,synthetic_user_99@example.com,0,Salud,245.13,expense,2026-01-19,2237.67,monthly
99,synthetic_user_99@example.com,0,Suscripciones,244.76,expense,2026-01-10,2237.67,monthly
99,synthetic_user_99@example.com,0,Ingresos,210.25,expense,2026-01-25,2237.67,monthly
99,synthetic_user_99@example.com,0,Servicios,132.55,expense,2026-01-19,2237.67,monthly
99,synthetic_user_99@example.com,0,Ingreso Base,2222.06,income,2026-02-06,2237.67,monthly
99,synthetic_user_99@example.com,0,Otro,191.91,expense,2026-02-24,2237.67,monthly
99,synthetic_user_99@example.com,0,Educacion,84.97,expense,2026-02-04,2237.67,monthly
99,synthetic_user_99@example.com,0,Vivienda,106.7,expense,2026-02-22,2237.67,monthly
99,synthetic_user_99@example.com,0,Salud,177.8,expense,2026-02-17,2237.67,monthly
99,synthetic_user_99@example.com,0,Salud,108.31,expense,2026-02-14,2237.67,monthly
99,synthetic_user_99@example.com,0,Alimentacion,133.27,expense,2026-02-22,2237.67,monthly
99,synthetic_user_99@example.com,0,Otro,61.01,expense,2026-02-27,2237.67,monthly
99,synthetic_user_99@example.com,0,Gastos generales,79.46,expense,2026-02-11,2237.67,monthly
99,synthetic_user_99@example.com,0,Gastos generales,120.09,expense,2026-02-07,2237.67,monthly
99,synthetic_user_99@example.com,0,Alimentacion,120.39,expense,2026-02-15,2237.67,monthly
99,synthetic_user_99@example.com,0,Otro,87.64,expense,2026-02-10,2237.67,monthly
99,synthetic_user_99@example.com,0,Salud,92.7,expense,2026-02-15,2237.67,monthly
99,synthetic_user_99@example.com,0,Ingreso adicional,71.31,expense,2026-02-14,2237.67,monthly
99,synthetic_user_99@example.com,0,Transporte,134.32,expense,2026-02-18,2237.67,monthly
99,synthetic_user_99@example.com,0,Ingreso adicional,139.97,expense,2026-02-16,2237.67,monthly
99,synthetic_user_99@example.com,0,Educacion,88.24,expense,2026-02-02,2237.67,monthly
99,synthetic_user_99@example.com,0,Alimentacion,66.48,expense,2026-02-02,2237.67,monthly
99,synthetic_user_99@example.com,0,Otro,141.23,expense,2026-02-22,2237.67,monthly
99,synthetic_user_99@example.com,0,Ingreso Base,2290.2,income,2026-03-08,2237.67,monthly
99,synthetic_user_99@example.com,0,Salud,235.12,expense,2026-03-19,2237.67,monthly
99,synthetic_user_99@example.com,0,Ingresos,92.52,expense,2026-03-06,2237.67,monthly
99,synthetic_user_99@example.com,0,Ingresos,139.55,expense,2026-03-05,2237.67,monthly
99,synthetic_user_99@example.com,0,Compras,154.92,expense,2026-03-03,2237.67,monthly
99,synthetic_user_99@example.com,0,Compras,201.88,expense,2026-03-03,2237.67,monthly
99,synthetic_user_99@example.com,0,Ingreso adicional,148.11,expense,2026-03-23,2237.67,monthly
99,synthetic_user_99@example.com,0,Alimentacion,101.85,expense,2026-03-01,2237.67,monthly
99,synthetic_user_99@example.com,0,Ocio,25.22,expense,2026-03-14,2237.67,monthly
99,synthetic_user_99@example.com,0,rappi,46.2,expense,2026-03-04,2237.67,monthly
99,synthetic_user_99@example.com,0,Vivienda,114.85,expense,2026-03-12,2237.67,monthly
99,synthetic_user_99@example.com,0,Vivienda,43.49,expense,2026-03-18,2237.67,monthly
99,synthetic_user_99@example.com,0,Salud,118.44,expense,2026-03-06,2237.67,monthly
99,synthetic_user_99@example.com,0,Otro,133.55,expense,2026-03-01,2237.67,monthly
99,synthetic_user_99@example.com,0,Ingresos,131.92,expense,2026-03-16,2237.67,monthly
99,synthetic_user_99@example.com,0,Ingreso adicional,77.14,expense,2026-03-04,2237.67,monthly
99,synthetic_user_99@example.com,0,Gastos generales,125.18,expense,2026-03-24,2237.67,monthly
99,synthetic_user_99@example.com,0,Salud,139.9,expense,2026-03-20,2237.67,monthly
99,synthetic_user_99@example.com,0,Alimentacion,71.64,expense,2026-03-27,2237.67,monthly
99,synthetic_user_99@example.com,0,Ingreso Base,2188.32,income,2026-04-07,2237.67,monthly
99,synthetic_user_99@example.com,0,Alimentacion,183.46,expense,2026-04-15,2237.67,monthly
99,synthetic_user_99@example.com,0,Educacion,106.41,expense,2026-04-10,2237.67,monthly
99,synthetic_user_99@example.com,0,Alimentacion,283.56,expense,2026-04-12,2237.67,monthly
99,synthetic_user_99@example.com,0,Vivienda,190.35,expense,2026-04-14,2237.67,monthly
99,synthetic_user_99@example.com,0,Salud,189.12,expense,2026-04-03,2237.67,monthly
99,synthetic_user_99@example.com,0,Ingresos,221.97,expense,2026-04-18,2237.67,monthly
99,synthetic_user_99@example.com,0,Otro,83.16,expense,2026-04-12,2237.67,monthly
99,synthetic_user_99@example.com,0,Salud,201.5,expense,2026-04-08,2237.67,monthly
99,synthetic_user_99@example.com,0,Vivienda,160.25,expense,2026-04-20,2237.67,monthly
99,synthetic_user_99@example.com,0,Ingresos,370.55,expense,2026-04-21,2237.67,monthly
100,synthetic_user_100@example.com,0,Ingreso Base,1948.2,income,2025-11-08,1890.55,monthly
100,synthetic_user_100@example.com,0,Inversion,171.28,investment,2025-11-29,1890.55,monthly
100,synthetic_user_100@example.com,0,Otro,115.04,expense,2025-11-14,1890.55,monthly
100,synthetic_user_100@example.com,0,Otro,146.11,expense,2025-11-16,1890.55,monthly
100,synthetic_user_100@example.com,0,Ingresos,94.63,expense,2025-11-25,1890.55,monthly
100,synthetic_user_100@example.com,0,Ingresos,159.87,expense,2025-11-22,1890.55,monthly
100,synthetic_user_100@example.com,0,Salud,96.44,expense,2025-11-10,1890.55,monthly
100,synthetic_user_100@example.com,0,Compras,143.59,expense,2025-11-16,1890.55,monthly
100,synthetic_user_100@example.com,0,Vivienda,162.96,expense,2025-11-05,1890.55,monthly
100,synthetic_user_100@example.com,0,Servicios,137.53,expense,2025-11-27,1890.55,monthly
100,synthetic_user_100@example.com,0,Transporte,62.6,expense,2025-11-08,1890.55,monthly
100,synthetic_user_100@example.com,0,Suscripciones,164.57,expense,2025-11-08,1890.55,monthly
100,synthetic_user_100@example.com,0,Ingreso Base,1607.71,income,2025-12-08,1890.55,monthly
100,synthetic_user_100@example.com,0,Inversion,82.65,investment,2025-12-16,1890.55,monthly
100,synthetic_user_100@example.com,0,Ingresos,187.21,expense,2025-12-19,1890.55,monthly
100,synthetic_user_100@example.com,0,Otro,95.3,expense,2025-12-21,1890.55,monthly
100,synthetic_user_100@example.com,0,Otro,196.97,expense,2025-12-21,1890.55,monthly
100,synthetic_user_100@example.com,0,Compras,119.15,expense,2025-12-21,1890.55,monthly
100,synthetic_user_100@example.com,0,Servicios,62.28,expense,2025-12-15,1890.55,monthly
100,synthetic_user_100@example.com,0,Compras,98.94,expense,2025-12-12,1890.55,monthly
100,synthetic_user_100@example.com,0,Gastos generales,238.63,expense,2025-12-21,1890.55,monthly
100,synthetic_user_100@example.com,0,Gastos generales,246.43,expense,2025-12-15,1890.55,monthly
100,synthetic_user_100@example.com,0,Ingreso Base,1925.41,income,2026-01-07,1890.55,monthly
100,synthetic_user_100@example.com,0,Inversion,152.45,investment,2026-01-18,1890.55,monthly
100,synthetic_user_100@example.com,0,Gastos generales,178.83,expense,2026-01-24,1890.55,monthly
100,synthetic_user_100@example.com,0,Ingresos,183.5,expense,2026-01-23,1890.55,monthly
100,synthetic_user_100@example.com,0,Compras,210.89,expense,2026-01-01,1890.55,monthly
100,synthetic_user_100@example.com,0,Transporte,141.75,expense,2026-01-05,1890.55,monthly
100,synthetic_user_100@example.com,0,Vivienda,194.23,expense,2026-01-08,1890.55,monthly
100,synthetic_user_100@example.com,0,Compras,217.76,expense,2026-01-22,1890.55,monthly
100,synthetic_user_100@example.com,0,Ingresos,171.71,expense,2026-01-19,1890.55,monthly
100,synthetic_user_100@example.com,0,Transporte,52.2,expense,2026-01-04,1890.55,monthly
100,synthetic_user_100@example.com,0,Suscripciones,239.36,expense,2026-01-19,1890.55,monthly
100,synthetic_user_100@example.com,0,Educacion,118.82,expense,2026-01-04,1890.55,monthly
100,synthetic_user_100@example.com,0,Ingreso Base,1965.07,income,2026-02-06,1890.55,monthly
100,synthetic_user_100@example.com,0,Inversion,129.19,investment,2026-02-09,1890.55,monthly
100,synthetic_user_100@example.com,0,Otro,143.52,expense,2026-02-24,1890.55,monthly
100,synthetic_user_100@example.com,0,Transporte,159.57,expense,2026-02-09,1890.55,monthly
100,synthetic_user_100@example.com,0,Compras,43.37,expense,2026-02-17,1890.55,monthly
100,synthetic_user_100@example.com,0,Vivienda,203.19,expense,2026-02-07,1890.55,monthly
100,synthetic_user_100@example.com,0,Ocio,134.76,expense,2026-02-03,1890.55,monthly
100,synthetic_user_100@example.com,0,Ingreso adicional,241.46,expense,2026-02-06,1890.55,monthly
100,synthetic_user_100@example.com,0,Salud,279.46,expense,2026-02-19,1890.55,monthly
100,synthetic_user_100@example.com,0,Gastos generales,117.48,expense,2026-02-24,1890.55,monthly
100,synthetic_user_100@example.com,0,Compras,112.22,expense,2026-02-24,1890.55,monthly
100,synthetic_user_100@example.com,0,Ingreso Base,1738.45,income,2026-03-08,1890.55,monthly
100,synthetic_user_100@example.com,0,Inversion,115.81,investment,2026-03-22,1890.55,monthly
100,synthetic_user_100@example.com,0,Transporte,70.66,expense,2026-03-20,1890.55,monthly
100,synthetic_user_100@example.com,0,Otro,125.33,expense,2026-03-10,1890.55,monthly
100,synthetic_user_100@example.com,0,Vivienda,106.03,expense,2026-03-17,1890.55,monthly
100,synthetic_user_100@example.com,0,Transporte,122.92,expense,2026-03-18,1890.55,monthly
100,synthetic_user_100@example.com,0,Otro,36.22,expense,2026-03-22,1890.55,monthly
100,synthetic_user_100@example.com,0,Otro,49.93,expense,2026-03-11,1890.55,monthly
100,synthetic_user_100@example.com,0,Otro,46.71,expense,2026-03-19,1890.55,monthly
100,synthetic_user_100@example.com,0,Salud,97.07,expense,2026-03-14,1890.55,monthly
100,synthetic_user_100@example.com,0,Gastos generales,69.69,expense,2026-03-01,1890.55,monthly
100,synthetic_user_100@example.com,0,Salud,68.54,expense,2026-03-06,1890.55,monthly
100,synthetic_user_100@example.com,0,Suscripciones,121.24,expense,2026-03-04,1890.55,monthly
100,synthetic_user_100@example.com,0,Educacion,84.13,expense,2026-03-12,1890.55,monthly
100,synthetic_user_100@example.com,0,Suscripciones,27.42,expense,2026-03-27,1890.55,monthly
100,synthetic_user_100@example.com,0,Compras,159.33,expense,2026-03-19,1890.55,monthly
100,synthetic_user_100@example.com,0,Ingresos,103.17,expense,2026-03-09,1890.55,monthly
100,synthetic_user_100@example.com,0,Ingreso Base,1920.52,income,2026-04-07,1890.55,monthly
100,synthetic_user_100@example.com,0,Inversion,183.95,investment,2026-04-30,1890.55,monthly
100,synthetic_user_100@example.com,0,Otro,78.21,expense,2026-04-10,1890.55,monthly
100,synthetic_user_100@example.com,0,Compras,102.17,expense,2026-04-21,1890.55,monthly
100,synthetic_user_100@example.com,0,Vivienda,113.2,expense,2026-04-04,1890.55,monthly
100,synthetic_user_100@example.com,0,Compras,98.31,expense,2026-04-12,1890.55,monthly
100,synthetic_user_100@example.com,0,Ingresos,93.22,expense,2026-04-14,1890.55,monthly
100,synthetic_user_100@example.com,0,Compras,71.72,expense,2026-04-22,1890.55,monthly
100,synthetic_user_100@example.com,0,Salud,41.09,expense,2026-04-22,1890.55,monthly
100,synthetic_user_100@example.com,0,Compras,109.94,expense,2026-04-21,1890.55,monthly
100,synthetic_user_100@example.com,0,Gastos generales,133.38,expense,2026-04-23,1890.55,monthly
100,synthetic_user_100@example.com,0,Compras,58.69,expense,2026-04-14,1890.55,monthly
100,synthetic_user_100@example.com,0,Suscripciones,98.14,expense,2026-04-03,1890.55,monthly
100,synthetic_user_100@example.com,0,Ingresos,71.64,expense,2026-04-04,1890.55,monthly
100,synthetic_user_100@example.com,0,Suscripciones,41.98,expense,2026-04-05,1890.55,monthly
100,synthetic_user_100@example.com,0,Otro,81.95,expense,2026-04-27,1890.55,monthly
100,synthetic_user_100@example.com,0,Salud,79.46,expense,2026-04-06,1890.55,monthly
100,synthetic_user_100@example.com,0,Educacion,77.96,expense,2026-04-18,1890.55,monthly
100,synthetic_user_100@example.com,0,Vivienda,96.5,expense,2026-04-11,1890.55,monthly
101,synthetic_user_101@example.com,0,Ingreso Base,1486.47,income,2025-11-08,1344.63,monthly
101,synthetic_user_101@example.com,0,Inversion,126.69,investment,2025-11-12,1344.63,monthly
101,synthetic_user_101@example.com,0,Educacion,129.3,expense,2025-11-10,1344.63,monthly
101,synthetic_user_101@example.com,0,Servicios,27.53,expense,2025-11-24,1344.63,monthly
101,synthetic_user_101@example.com,0,Gastos generales,98.27,expense,2025-11-18,1344.63,monthly
101,synthetic_user_101@example.com,0,Educacion,98.81,expense,2025-11-27,1344.63,monthly
101,synthetic_user_101@example.com,0,Educacion,79.17,expense,2025-11-12,1344.63,monthly
101,synthetic_user_101@example.com,0,rappi,81.54,expense,2025-11-25,1344.63,monthly
101,synthetic_user_101@example.com,0,rappi,62.54,expense,2025-11-11,1344.63,monthly
101,synthetic_user_101@example.com,0,Gastos generales,57.51,expense,2025-11-04,1344.63,monthly
101,synthetic_user_101@example.com,0,Gastos generales,112.12,expense,2025-11-06,1344.63,monthly
101,synthetic_user_101@example.com,0,Salud,90.49,expense,2025-11-09,1344.63,monthly
101,synthetic_user_101@example.com,0,Transporte,106.41,expense,2025-11-13,1344.63,monthly
101,synthetic_user_101@example.com,0,Ocio,61.93,expense,2025-11-10,1344.63,monthly
101,synthetic_user_101@example.com,0,Compras,14.57,expense,2025-11-03,1344.63,monthly
101,synthetic_user_101@example.com,0,Compras,32.43,expense,2025-11-05,1344.63,monthly
101,synthetic_user_101@example.com,0,Ingreso Base,1582.84,income,2025-12-08,1344.63,monthly
101,synthetic_user_101@example.com,0,Inversion,88.25,investment,2025-12-25,1344.63,monthly
101,synthetic_user_101@example.com,0,Alimentacion,126.63,expense,2025-12-19,1344.63,monthly
101,synthetic_user_101@example.com,0,Salud,98.81,expense,2025-12-13,1344.63,monthly
101,synthetic_user_101@example.com,0,Compras,85.81,expense,2025-12-11,1344.63,monthly
101,synthetic_user_101@example.com,0,Ocio,84.05,expense,2025-12-04,1344.63,monthly
101,synthetic_user_101@example.com,0,Salud,47.82,expense,2025-12-25,1344.63,monthly
101,synthetic_user_101@example.com,0,Compras,77.22,expense,2025-12-06,1344.63,monthly
101,synthetic_user_101@example.com,0,rappi,87.03,expense,2025-12-22,1344.63,monthly
101,synthetic_user_101@example.com,0,rappi,112.56,expense,2025-12-10,1344.63,monthly
101,synthetic_user_101@example.com,0,Otro,86.51,expense,2025-12-25,1344.63,monthly
101,synthetic_user_101@example.com,0,Otro,42.29,expense,2025-12-27,1344.63,monthly
101,synthetic_user_101@example.com,0,Ocio,98.04,expense,2025-12-14,1344.63,monthly
101,synthetic_user_101@example.com,0,Compras,103.32,expense,2025-12-24,1344.63,monthly
101,synthetic_user_101@example.com,0,Ocio,90.62,expense,2025-12-20,1344.63,monthly
101,synthetic_user_101@example.com,0,Alimentacion,77.92,expense,2025-12-19,1344.63,monthly
101,synthetic_user_101@example.com,0,Ingreso Base,1527.85,income,2026-01-07,1344.63,monthly
101,synthetic_user_101@example.com,0,Inversion,170.24,investment,2026-01-24,1344.63,monthly
101,synthetic_user_101@example.com,0,Salud,41.61,expense,2026-01-09,1344.63,monthly
101,synthetic_user_101@example.com,0,Servicios,88.47,expense,2026-01-14,1344.63,monthly
101,synthetic_user_101@example.com,0,rappi,114.78,expense,2026-01-21,1344.63,monthly
101,synthetic_user_101@example.com,0,Servicios,81.14,expense,2026-01-17,1344.63,monthly
101,synthetic_user_101@example.com,0,Gastos generales,79.26,expense,2026-01-17,1344.63,monthly
101,synthetic_user_101@example.com,0,Compras,2.0,expense,2026-01-14,1344.63,monthly
101,synthetic_user_101@example.com,0,Compras,92.79,expense,2026-01-15,1344.63,monthly
101,synthetic_user_101@example.com,0,Salud,59.36,expense,2026-01-10,1344.63,monthly
101,synthetic_user_101@example.com,0,Gastos generales,45.75,expense,2026-01-15,1344.63,monthly
101,synthetic_user_101@example.com,0,Educacion,49.84,expense,2026-01-15,1344.63,monthly
101,synthetic_user_101@example.com,0,Compras,79.75,expense,2026-01-01,1344.63,monthly
101,synthetic_user_101@example.com,0,Alimentacion,37.62,expense,2026-01-04,1344.63,monthly
101,synthetic_user_101@example.com,0,Vivienda,82.51,expense,2026-01-27,1344.63,monthly
101,synthetic_user_101@example.com,0,Alimentacion,66.55,expense,2026-01-06,1344.63,monthly
101,synthetic_user_101@example.com,0,Servicios,39.51,expense,2026-01-01,1344.63,monthly
101,synthetic_user_101@example.com,0,Compras,79.77,expense,2026-01-03,1344.63,monthly
101,synthetic_user_101@example.com,0,Otro,23.7,expense,2026-01-22,1344.63,monthly
101,synthetic_user_101@example.com,0,Alimentacion,58.35,expense,2026-01-05,1344.63,monthly
101,synthetic_user_101@example.com,0,Ingreso Base,1323.26,income,2026-02-06,1344.63,monthly
101,synthetic_user_101@example.com,0,Inversion,146.28,investment,2026-03-01,1344.63,monthly
101,synthetic_user_101@example.com,0,Gastos generales,48.78,expense,2026-02-04,1344.63,monthly
101,synthetic_user_101@example.com,0,Salud,55.91,expense,2026-02-01,1344.63,monthly
101,synthetic_user_101@example.com,0,Gastos generales,46.92,expense,2026-02-04,1344.63,monthly
101,synthetic_user_101@example.com,0,Alimentacion,15.22,expense,2026-02-12,1344.63,monthly
101,synthetic_user_101@example.com,0,Servicios,73.52,expense,2026-02-01,1344.63,monthly
101,synthetic_user_101@example.com,0,Suscripciones,58.57,expense,2026-02-03,1344.63,monthly
101,synthetic_user_101@example.com,0,Servicios,53.0,expense,2026-02-27,1344.63,monthly
101,synthetic_user_101@example.com,0,Gastos generales,62.62,expense,2026-02-08,1344.63,monthly
101,synthetic_user_101@example.com,0,Compras,65.42,expense,2026-02-27,1344.63,monthly
101,synthetic_user_101@example.com,0,rappi,68.83,expense,2026-02-09,1344.63,monthly
101,synthetic_user_101@example.com,0,Otro,43.1,expense,2026-02-12,1344.63,monthly
101,synthetic_user_101@example.com,0,Gastos generales,57.77,expense,2026-02-03,1344.63,monthly
101,synthetic_user_101@example.com,0,Ingreso adicional,50.25,expense,2026-02-25,1344.63,monthly
101,synthetic_user_101@example.com,0,Otro,28.1,expense,2026-02-22,1344.63,monthly
101,synthetic_user_101@example.com,0,Servicios,82.23,expense,2026-02-19,1344.63,monthly
101,synthetic_user_101@example.com,0,Servicios,53.12,expense,2026-02-06,1344.63,monthly
101,synthetic_user_101@example.com,0,Vivienda,67.36,expense,2026-02-27,1344.63,monthly
101,synthetic_user_101@example.com,0,Gastos generales,54.81,expense,2026-02-14,1344.63,monthly
101,synthetic_user_101@example.com,0,Ingreso Base,1275.37,income,2026-03-08,1344.63,monthly
101,synthetic_user_101@example.com,0,Inversion,130.94,investment,2026-03-22,1344.63,monthly
101,synthetic_user_101@example.com,0,rappi,43.03,expense,2026-03-03,1344.63,monthly
101,synthetic_user_101@example.com,0,Transporte,48.08,expense,2026-03-01,1344.63,monthly
101,synthetic_user_101@example.com,0,Gastos generales,52.34,expense,2026-03-07,1344.63,monthly
101,synthetic_user_101@example.com,0,Compras,71.65,expense,2026-03-04,1344.63,monthly
101,synthetic_user_101@example.com,0,Ocio,76.33,expense,2026-03-11,1344.63,monthly
101,synthetic_user_101@example.com,0,Educacion,20.95,expense,2026-03-23,1344.63,monthly
101,synthetic_user_101@example.com,0,Ingreso adicional,70.71,expense,2026-03-07,1344.63,monthly
101,synthetic_user_101@example.com,0,Alimentacion,29.49,expense,2026-03-17,1344.63,monthly
101,synthetic_user_101@example.com,0,Salud,69.66,expense,2026-03-19,1344.63,monthly
101,synthetic_user_101@example.com,0,Alimentacion,76.76,expense,2026-03-10,1344.63,monthly
101,synthetic_user_101@example.com,0,Transporte,105.46,expense,2026-03-01,1344.63,monthly
101,synthetic_user_101@example.com,0,Gastos generales,66.81,expense,2026-03-11,1344.63,monthly
101,synthetic_user_101@example.com,0,Compras,56.17,expense,2026-03-16,1344.63,monthly
101,synthetic_user_101@example.com,0,Alimentacion,28.57,expense,2026-03-20,1344.63,monthly
101,synthetic_user_101@example.com,0,Ingreso Base,1187.54,income,2026-04-07,1344.63,monthly
101,synthetic_user_101@example.com,0,Inversion,123.21,investment,2026-04-18,1344.63,monthly
101,synthetic_user_101@example.com,0,Salud,86.8,expense,2026-04-10,1344.63,monthly
101,synthetic_user_101@example.com,0,Gastos generales,60.33,expense,2026-04-24,1344.63,monthly
101,synthetic_user_101@example.com,0,Transporte,66.1,expense,2026-04-08,1344.63,monthly
101,synthetic_user_101@example.com,0,Vivienda,62.42,expense,2026-04-07,1344.63,monthly
101,synthetic_user_101@example.com,0,Salud,56.66,expense,2026-04-23,1344.63,monthly
101,synthetic_user_101@example.com,0,Ingresos,71.21,expense,2026-04-08,1344.63,monthly
101,synthetic_user_101@example.com,0,Otro,39.44,expense,2026-04-26,1344.63,monthly
101,synthetic_user_101@example.com,0,Alimentacion,127.61,expense,2026-04-16,1344.63,monthly
101,synthetic_user_101@example.com,0,Ocio,70.44,expense,2026-04-04,1344.63,monthly
101,synthetic_user_101@example.com,0,Gastos generales,77.4,expense,2026-04-03,1344.63,monthly
101,synthetic_user_101@example.com,0,Alimentacion,52.44,expense,2026-04-15,1344.63,monthly
102,synthetic_user_102@example.com,0,Ingreso Base,2184.06,income,2025-11-08,2123.49,monthly
102,synthetic_user_102@example.com,0,Inversion,80.05,investment,2025-11-14,2123.49,monthly
102,synthetic_user_102@example.com,0,Alimentacion,67.22,expense,2025-11-19,2123.49,monthly
102,synthetic_user_102@example.com,0,Ingreso adicional,107.6,expense,2025-11-05,2123.49,monthly
102,synthetic_user_102@example.com,0,Ingresos,141.74,expense,2025-11-08,2123.49,monthly
102,synthetic_user_102@example.com,0,Suscripciones,185.51,expense,2025-11-24,2123.49,monthly
102,synthetic_user_102@example.com,0,Alimentacion,98.76,expense,2025-11-17,2123.49,monthly
102,synthetic_user_102@example.com,0,Suscripciones,111.03,expense,2025-11-15,2123.49,monthly
102,synthetic_user_102@example.com,0,Suscripciones,35.96,expense,2025-11-17,2123.49,monthly
102,synthetic_user_102@example.com,0,Ingresos,69.11,expense,2025-11-17,2123.49,monthly
102,synthetic_user_102@example.com,0,Suscripciones,121.1,expense,2025-11-17,2123.49,monthly
102,synthetic_user_102@example.com,0,Ingresos,89.95,expense,2025-11-21,2123.49,monthly
102,synthetic_user_102@example.com,0,Salud,72.96,expense,2025-11-12,2123.49,monthly
102,synthetic_user_102@example.com,0,Gastos generales,65.03,expense,2025-11-21,2123.49,monthly
102,synthetic_user_102@example.com,0,Educacion,112.17,expense,2025-11-25,2123.49,monthly
102,synthetic_user_102@example.com,0,Ingresos,84.42,expense,2025-11-04,2123.49,monthly
102,synthetic_user_102@example.com,0,Ingresos,134.95,expense,2025-11-10,2123.49,monthly
102,synthetic_user_102@example.com,0,Ingresos,87.38,expense,2025-11-13,2123.49,monthly
102,synthetic_user_102@example.com,0,Ingresos,122.15,expense,2025-11-07,2123.49,monthly
102,synthetic_user_102@example.com,0,Ingreso Base,2364.98,income,2025-12-08,2123.49,monthly
102,synthetic_user_102@example.com,0,Inversion,64.85,investment,2025-12-13,2123.49,monthly
102,synthetic_user_102@example.com,0,Salud,21.58,expense,2025-12-26,2123.49,monthly
102,synthetic_user_102@example.com,0,Otro,125.82,expense,2025-12-13,2123.49,monthly
102,synthetic_user_102@example.com,0,Educacion,179.57,expense,2025-12-16,2123.49,monthly
102,synthetic_user_102@example.com,0,Alimentacion,72.31,expense,2025-12-18,2123.49,monthly
102,synthetic_user_102@example.com,0,Salud,140.25,expense,2025-12-12,2123.49,monthly
102,synthetic_user_102@example.com,0,Otro,194.95,expense,2025-12-11,2123.49,monthly
102,synthetic_user_102@example.com,0,rappi,88.01,expense,2025-12-12,2123.49,monthly
102,synthetic_user_102@example.com,0,Ocio,157.61,expense,2025-12-03,2123.49,monthly
102,synthetic_user_102@example.com,0,Salud,194.04,expense,2025-12-24,2123.49,monthly
102,synthetic_user_102@example.com,0,Otro,105.4,expense,2025-12-20,2123.49,monthly
102,synthetic_user_102@example.com,0,Ingresos,193.08,expense,2025-12-21,2123.49,monthly
102,synthetic_user_102@example.com,0,Transporte,151.02,expense,2025-12-10,2123.49,monthly
102,synthetic_user_102@example.com,0,Vivienda,225.43,expense,2025-12-07,2123.49,monthly
102,synthetic_user_102@example.com,0,Alimentacion,137.84,expense,2025-12-13,2123.49,monthly
102,synthetic_user_102@example.com,0,Ingreso Base,2236.49,income,2026-01-07,2123.49,monthly
102,synthetic_user_102@example.com,0,Inversion,94.49,investment,2026-01-16,2123.49,monthly
102,synthetic_user_102@example.com,0,Ocio,86.28,expense,2026-01-04,2123.49,monthly
102,synthetic_user_102@example.com,0,Suscripciones,84.94,expense,2026-01-08,2123.49,monthly
102,synthetic_user_102@example.com,0,Suscripciones,143.26,expense,2026-01-09,2123.49,monthly
102,synthetic_user_102@example.com,0,Ingresos,175.74,expense,2026-01-12,2123.49,monthly
102,synthetic_user_102@example.com,0,Ingresos,130.71,expense,2026-01-23,2123.49,monthly
102,synthetic_user_102@example.com,0,Ingresos,211.07,expense,2026-01-10,2123.49,monthly
102,synthetic_user_102@example.com,0,Suscripciones,173.52,expense,2026-01-08,2123.49,monthly
102,synthetic_user_102@example.com,0,Ingresos,156.3,expense,2026-01-02,2123.49,monthly
102,synthetic_user_102@example.com,0,Salud,224.58,expense,2026-01-22,2123.49,monthly
102,synthetic_user_102@example.com,0,Salud,125.03,expense,2026-01-08,2123.49,monthly
102,synthetic_user_102@example.com,0,Suscripciones,204.73,expense,2026-01-15,2123.49,monthly
102,synthetic_user_102@example.com,0,Gastos generales,54.33,expense,2026-01-20,2123.49,monthly
102,synthetic_user_102@example.com,0,Vivienda,119.72,expense,2026-01-03,2123.49,monthly
102,synthetic_user_102@example.com,0,Ingreso Base,2066.18,income,2026-02-06,2123.49,monthly
102,synthetic_user_102@example.com,0,Inversion,69.33,investment,2026-02-27,2123.49,monthly
102,synthetic_user_102@example.com,0,Otro,119.8,expense,2026-02-06,2123.49,monthly
102,synthetic_user_102@example.com,0,Alimentacion,196.89,expense,2026-02-14,2123.49,monthly
102,synthetic_user_102@example.com,0,Suscripciones,75.42,expense,2026-02-23,2123.49,monthly
102,synthetic_user_102@example.com,0,Ingresos,62.11,expense,2026-02-19,2123.49,monthly
102,synthetic_user_102@example.com,0,Otro,123.55,expense,2026-02-24,2123.49,monthly
102,synthetic_user_102@example.com,0,Suscripciones,76.48,expense,2026-02-27,2123.49,monthly
102,synthetic_user_102@example.com,0,Ocio,98.72,expense,2026-02-14,2123.49,monthly
102,synthetic_user_102@example.com,0,Salud,67.93,expense,2026-02-22,2123.49,monthly
102,synthetic_user_102@example.com,0,Educacion,40.69,expense,2026-02-13,2123.49,monthly
102,synthetic_user_102@example.com,0,Ingresos,70.49,expense,2026-02-08,2123.49,monthly
102,synthetic_user_102@example.com,0,Servicios,48.23,expense,2026-02-10,2123.49,monthly
102,synthetic_user_102@example.com,0,Ingresos,84.54,expense,2026-02-15,2123.49,monthly
102,synthetic_user_102@example.com,0,Salud,153.46,expense,2026-02-23,2123.49,monthly
102,synthetic_user_102@example.com,0,Ingresos,96.74,expense,2026-02-25,2123.49,monthly
102,synthetic_user_102@example.com,0,Transporte,124.63,expense,2026-02-24,2123.49,monthly
102,synthetic_user_102@example.com,0,Otro,114.71,expense,2026-02-17,2123.49,monthly
102,synthetic_user_102@example.com,0,Ingresos,79.63,expense,2026-02-23,2123.49,monthly
102,synthetic_user_102@example.com,0,Ingresos,26.09,expense,2026-02-23,2123.49,monthly
102,synthetic_user_102@example.com,0,Ingreso Base,1983.2,income,2026-03-08,2123.49,monthly
102,synthetic_user_102@example.com,0,Inversion,62.84,investment,2026-03-24,2123.49,monthly
102,synthetic_user_102@example.com,0,Ocio,221.33,expense,2026-03-25,2123.49,monthly
102,synthetic_user_102@example.com,0,Ingresos,105.81,expense,2026-03-27,2123.49,monthly
102,synthetic_user_102@example.com,0,Otro,123.27,expense,2026-03-06,2123.49,monthly
102,synthetic_user_102@example.com,0,Ingresos,104.33,expense,2026-03-08,2123.49,monthly
102,synthetic_user_102@example.com,0,Suscripciones,120.27,expense,2026-03-25,2123.49,monthly
102,synthetic_user_102@example.com,0,Alimentacion,207.2,expense,2026-03-01,2123.49,monthly
102,synthetic_user_102@example.com,0,Ingresos,131.36,expense,2026-03-12,2123.49,monthly
102,synthetic_user_102@example.com,0,Ocio,109.95,expense,2026-03-06,2123.49,monthly
102,synthetic_user_102@example.com,0,Transporte,76.82,expense,2026-03-11,2123.49,monthly
102,synthetic_user_102@example.com,0,Compras,63.8,expense,2026-03-19,2123.49,monthly
102,synthetic_user_102@example.com,0,Otro,154.78,expense,2026-03-18,2123.49,monthly
102,synthetic_user_102@example.com,0,Alimentacion,65.23,expense,2026-03-04,2123.49,monthly
102,synthetic_user_102@example.com,0,Otro,51.05,expense,2026-03-01,2123.49,monthly
102,synthetic_user_102@example.com,0,Ingresos,82.01,expense,2026-03-27,2123.49,monthly
102,synthetic_user_102@example.com,0,Salud,87.43,expense,2026-03-20,2123.49,monthly
102,synthetic_user_102@example.com,0,Suscripciones,78.79,expense,2026-03-19,2123.49,monthly
102,synthetic_user_102@example.com,0,Compras,43.54,expense,2026-03-20,2123.49,monthly
102,synthetic_user_102@example.com,0,Ingreso Base,2304.75,income,2026-04-07,2123.49,monthly
102,synthetic_user_102@example.com,0,Inversion,92.23,investment,2026-04-23,2123.49,monthly
102,synthetic_user_102@example.com,0,Ingresos,166.23,expense,2026-04-09,2123.49,monthly
102,synthetic_user_102@example.com,0,Educacion,159.78,expense,2026-04-27,2123.49,monthly
102,synthetic_user_102@example.com,0,Otro,203.15,expense,2026-04-27,2123.49,monthly
102,synthetic_user_102@example.com,0,Salud,121.38,expense,2026-04-21,2123.49,monthly
102,synthetic_user_102@example.com,0,Suscripciones,139.77,expense,2026-04-22,2123.49,monthly
102,synthetic_user_102@example.com,0,Suscripciones,105.9,expense,2026-04-18,2123.49,monthly
102,synthetic_user_102@example.com,0,Suscripciones,120.24,expense,2026-04-08,2123.49,monthly
102,synthetic_user_102@example.com,0,Ingresos,41.1,expense,2026-04-05,2123.49,monthly
102,synthetic_user_102@example.com,0,Ocio,89.44,expense,2026-04-12,2123.49,monthly
102,synthetic_user_102@example.com,0,Suscripciones,120.84,expense,2026-04-25,2123.49,monthly
102,synthetic_user_102@example.com,0,Suscripciones,70.07,expense,2026-04-12,2123.49,monthly
102,synthetic_user_102@example.com,0,Vivienda,120.09,expense,2026-04-09,2123.49,monthly
102,synthetic_user_102@example.com,0,Compras,106.87,expense,2026-04-25,2123.49,monthly
102,synthetic_user_102@example.com,0,rappi,208.98,expense,2026-04-18,2123.49,monthly
102,synthetic_user_102@example.com,0,Ingresos,136.14,expense,2026-04-17,2123.49,monthly
102,synthetic_user_102@example.com,0,Compras,109.35,expense,2026-04-25,2123.49,monthly
103,synthetic_user_103@example.com,0,Ingreso Base,1950.29,income,2025-11-08,2017.52,monthly
103,synthetic_user_103@example.com,0,Vivienda,132.5,expense,2025-11-03,2017.52,monthly
103,synthetic_user_103@example.com,0,Salud,191.32,expense,2025-11-16,2017.52,monthly
103,synthetic_user_103@example.com,0,rappi,77.0,expense,2025-11-02,2017.52,monthly
103,synthetic_user_103@example.com,0,Ingresos,105.57,expense,2025-11-02,2017.52,monthly
103,synthetic_user_103@example.com,0,Alimentacion,112.22,expense,2025-11-13,2017.52,monthly
103,synthetic_user_103@example.com,0,Alimentacion,71.52,expense,2025-11-03,2017.52,monthly
103,synthetic_user_103@example.com,0,Salud,120.26,expense,2025-11-04,2017.52,monthly
103,synthetic_user_103@example.com,0,Servicios,71.7,expense,2025-11-08,2017.52,monthly
103,synthetic_user_103@example.com,0,Ingreso adicional,174.14,expense,2025-11-06,2017.52,monthly
103,synthetic_user_103@example.com,0,Suscripciones,134.78,expense,2025-11-18,2017.52,monthly
103,synthetic_user_103@example.com,0,Alimentacion,120.31,expense,2025-11-19,2017.52,monthly
103,synthetic_user_103@example.com,0,Servicios,86.99,expense,2025-11-08,2017.52,monthly
103,synthetic_user_103@example.com,0,Transporte,151.85,expense,2025-11-07,2017.52,monthly
103,synthetic_user_103@example.com,0,Otro,110.3,expense,2025-11-13,2017.52,monthly
103,synthetic_user_103@example.com,0,Servicios,129.56,expense,2025-11-09,2017.52,monthly
103,synthetic_user_103@example.com,0,Suscripciones,72.62,expense,2025-11-27,2017.52,monthly
103,synthetic_user_103@example.com,0,Gastos generales,119.89,expense,2025-11-15,2017.52,monthly
103,synthetic_user_103@example.com,0,Ingreso adicional,78.11,expense,2025-11-08,2017.52,monthly
103,synthetic_user_103@example.com,0,Ingreso Base,1993.12,income,2025-12-08,2017.52,monthly
103,synthetic_user_103@example.com,0,Otro,156.22,expense,2025-12-24,2017.52,monthly
103,synthetic_user_103@example.com,0,Vivienda,176.88,expense,2025-12-08,2017.52,monthly
103,synthetic_user_103@example.com,0,Vivienda,67.96,expense,2025-12-08,2017.52,monthly
103,synthetic_user_103@example.com,0,Educacion,60.49,expense,2025-12-10,2017.52,monthly
103,synthetic_user_103@example.com,0,rappi,108.4,expense,2025-12-16,2017.52,monthly
103,synthetic_user_103@example.com,0,rappi,86.41,expense,2025-12-25,2017.52,monthly
103,synthetic_user_103@example.com,0,Suscripciones,108.24,expense,2025-12-22,2017.52,monthly
103,synthetic_user_103@example.com,0,Ocio,140.3,expense,2025-12-11,2017.52,monthly
103,synthetic_user_103@example.com,0,Educacion,81.76,expense,2025-12-25,2017.52,monthly
103,synthetic_user_103@example.com,0,Servicios,167.31,expense,2025-12-27,2017.52,monthly
103,synthetic_user_103@example.com,0,Suscripciones,126.37,expense,2025-12-21,2017.52,monthly
103,synthetic_user_103@example.com,0,Otro,113.68,expense,2025-12-01,2017.52,monthly
103,synthetic_user_103@example.com,0,Ingresos,142.61,expense,2025-12-01,2017.52,monthly
103,synthetic_user_103@example.com,0,Educacion,123.17,expense,2025-12-06,2017.52,monthly
103,synthetic_user_103@example.com,0,rappi,68.58,expense,2025-12-07,2017.52,monthly
103,synthetic_user_103@example.com,0,Ingresos,109.0,expense,2025-12-13,2017.52,monthly
103,synthetic_user_103@example.com,0,rappi,47.08,expense,2025-12-06,2017.52,monthly
103,synthetic_user_103@example.com,0,Educacion,132.56,expense,2025-12-19,2017.52,monthly
103,synthetic_user_103@example.com,0,Ingreso Base,2098.61,income,2026-01-07,2017.52,monthly
103,synthetic_user_103@example.com,0,rappi,174.49,expense,2026-01-18,2017.52,monthly
103,synthetic_user_103@example.com,0,Servicios,63.73,expense,2026-01-18,2017.52,monthly
103,synthetic_user_103@example.com,0,Educacion,91.7,expense,2026-01-23,2017.52,monthly
103,synthetic_user_103@example.com,0,Transporte,122.12,expense,2026-01-19,2017.52,monthly
103,synthetic_user_103@example.com,0,Salud,91.59,expense,2026-01-15,2017.52,monthly
103,synthetic_user_103@example.com,0,Educacion,124.73,expense,2026-01-16,2017.52,monthly
103,synthetic_user_103@example.com,0,Vivienda,103.15,expense,2026-01-17,2017.52,monthly
103,synthetic_user_103@example.com,0,Servicios,154.41,expense,2026-01-17,2017.52,monthly
103,synthetic_user_103@example.com,0,Suscripciones,187.48,expense,2026-01-05,2017.52,monthly
103,synthetic_user_103@example.com,0,Servicios,153.09,expense,2026-01-01,2017.52,monthly
103,synthetic_user_103@example.com,0,Servicios,143.65,expense,2026-01-21,2017.52,monthly
103,synthetic_user_103@example.com,0,Vivienda,175.63,expense,2026-01-05,2017.52,monthly
103,synthetic_user_103@example.com,0,Otro,55.38,expense,2026-01-15,2017.52,monthly
103,synthetic_user_103@example.com,0,Gastos generales,85.68,expense,2026-01-15,2017.52,monthly
103,synthetic_user_103@example.com,0,Suscripciones,196.46,expense,2026-01-17,2017.52,monthly
103,synthetic_user_103@example.com,0,Salud,35.95,expense,2026-01-09,2017.52,monthly
103,synthetic_user_103@example.com,0,Alimentacion,113.47,expense,2026-01-08,2017.52,monthly
103,synthetic_user_103@example.com,0,Ingreso Base,1969.42,income,2026-02-06,2017.52,monthly
103,synthetic_user_103@example.com,0,Otro,67.75,expense,2026-02-19,2017.52,monthly
103,synthetic_user_103@example.com,0,Servicios,256.86,expense,2026-02-13,2017.52,monthly
103,synthetic_user_103@example.com,0,Servicios,356.3,expense,2026-02-07,2017.52,monthly
103,synthetic_user_103@example.com,0,Servicios,182.5,expense,2026-02-06,2017.52,monthly
103,synthetic_user_103@example.com,0,Vivienda,349.43,expense,2026-02-08,2017.52,monthly
103,synthetic_user_103@example.com,0,Ingresos,265.77,expense,2026-02-24,2017.52,monthly
103,synthetic_user_103@example.com,0,Compras,183.81,expense,2026-02-08,2017.52,monthly
103,synthetic_user_103@example.com,0,Vivienda,364.2,expense,2026-02-10,2017.52,monthly
103,synthetic_user_103@example.com,0,Ingreso Base,1959.93,income,2026-03-08,2017.52,monthly
103,synthetic_user_103@example.com,0,Suscripciones,243.58,expense,2026-03-07,2017.52,monthly
103,synthetic_user_103@example.com,0,Vivienda,252.6,expense,2026-03-10,2017.52,monthly
103,synthetic_user_103@example.com,0,Alimentacion,246.78,expense,2026-03-08,2017.52,monthly
103,synthetic_user_103@example.com,0,Servicios,142.62,expense,2026-03-14,2017.52,monthly
103,synthetic_user_103@example.com,0,Ingreso adicional,167.18,expense,2026-03-02,2017.52,monthly
103,synthetic_user_103@example.com,0,Servicios,174.27,expense,2026-03-07,2017.52,monthly
103,synthetic_user_103@example.com,0,Ingreso adicional,198.26,expense,2026-03-17,2017.52,monthly
103,synthetic_user_103@example.com,0,Suscripciones,113.13,expense,2026-03-15,2017.52,monthly
103,synthetic_user_103@example.com,0,Otro,198.15,expense,2026-03-01,2017.52,monthly
103,synthetic_user_103@example.com,0,Salud,92.07,expense,2026-03-13,2017.52,monthly
103,synthetic_user_103@example.com,0,Servicios,194.45,expense,2026-03-24,2017.52,monthly
103,synthetic_user_103@example.com,0,Ingreso Base,2223.15,income,2026-04-07,2017.52,monthly
103,synthetic_user_103@example.com,0,Ingresos,153.0,expense,2026-04-08,2017.52,monthly
103,synthetic_user_103@example.com,0,Ingresos,48.89,expense,2026-04-24,2017.52,monthly
103,synthetic_user_103@example.com,0,Ingresos,141.52,expense,2026-04-09,2017.52,monthly
103,synthetic_user_103@example.com,0,Ingresos,211.16,expense,2026-04-21,2017.52,monthly
103,synthetic_user_103@example.com,0,Servicios,66.45,expense,2026-04-24,2017.52,monthly
103,synthetic_user_103@example.com,0,Servicios,155.62,expense,2026-04-13,2017.52,monthly
103,synthetic_user_103@example.com,0,Educacion,153.86,expense,2026-04-06,2017.52,monthly
103,synthetic_user_103@example.com,0,Gastos generales,93.12,expense,2026-04-24,2017.52,monthly
103,synthetic_user_103@example.com,0,rappi,149.42,expense,2026-04-05,2017.52,monthly
103,synthetic_user_103@example.com,0,Ingresos,65.18,expense,2026-04-02,2017.52,monthly
103,synthetic_user_103@example.com,0,Servicios,170.4,expense,2026-04-07,2017.52,monthly
103,synthetic_user_103@example.com,0,Ocio,104.25,expense,2026-04-21,2017.52,monthly
103,synthetic_user_103@example.com,0,Gastos generales,123.91,expense,2026-04-06,2017.52,monthly
103,synthetic_user_103@example.com,0,Educacion,102.95,expense,2026-04-17,2017.52,monthly
103,synthetic_user_103@example.com,0,Alimentacion,193.06,expense,2026-04-11,2017.52,monthly
103,synthetic_user_103@example.com,0,Ingresos,189.4,expense,2026-04-18,2017.52,monthly
103,synthetic_user_103@example.com,0,Servicios,110.03,expense,2026-04-07,2017.52,monthly
104,synthetic_user_104@example.com,0,Ingreso Base,1561.34,income,2025-11-08,1557.32,monthly
104,synthetic_user_104@example.com,0,Inversion,107.36,investment,2025-11-19,1557.32,monthly
104,synthetic_user_104@example.com,0,Educacion,126.77,expense,2025-11-11,1557.32,monthly
104,synthetic_user_104@example.com,0,rappi,181.45,expense,2025-11-13,1557.32,monthly
104,synthetic_user_104@example.com,0,Vivienda,143.28,expense,2025-11-20,1557.32,monthly
104,synthetic_user_104@example.com,0,rappi,126.46,expense,2025-11-10,1557.32,monthly
104,synthetic_user_104@example.com,0,Ingresos,90.7,expense,2025-11-15,1557.32,monthly
104,synthetic_user_104@example.com,0,Vivienda,140.88,expense,2025-11-23,1557.32,monthly
104,synthetic_user_104@example.com,0,Alimentacion,159.66,expense,2025-11-20,1557.32,monthly
104,synthetic_user_104@example.com,0,Educacion,112.47,expense,2025-11-07,1557.32,monthly
104,synthetic_user_104@example.com,0,Educacion,126.43,expense,2025-11-25,1557.32,monthly
104,synthetic_user_104@example.com,0,Ingreso Base,1548.42,income,2025-12-08,1557.32,monthly
104,synthetic_user_104@example.com,0,Inversion,147.93,investment,2025-12-26,1557.32,monthly
104,synthetic_user_104@example.com,0,Compras,39.62,expense,2025-12-12,1557.32,monthly
104,synthetic_user_104@example.com,0,Educacion,92.46,expense,2025-12-14,1557.32,monthly
104,synthetic_user_104@example.com,0,rappi,48.72,expense,2025-12-26,1557.32,monthly
104,synthetic_user_104@example.com,0,Gastos generales,87.29,expense,2025-12-10,1557.32,monthly
104,synthetic_user_104@example.com,0,Suscripciones,81.29,expense,2025-12-06,1557.32,monthly
104,synthetic_user_104@example.com,0,rappi,91.37,expense,2025-12-12,1557.32,monthly
104,synthetic_user_104@example.com,0,Ingreso adicional,80.66,expense,2025-12-02,1557.32,monthly
104,synthetic_user_104@example.com,0,Gastos generales,57.4,expense,2025-12-08,1557.32,monthly
104,synthetic_user_104@example.com,0,Salud,53.71,expense,2025-12-27,1557.32,monthly
104,synthetic_user_104@example.com,0,Servicios,56.65,expense,2025-12-02,1557.32,monthly
104,synthetic_user_104@example.com,0,Compras,46.83,expense,2025-12-09,1557.32,monthly
104,synthetic_user_104@example.com,0,rappi,80.92,expense,2025-12-08,1557.32,monthly
104,synthetic_user_104@example.com,0,Educacion,73.4,expense,2025-12-19,1557.32,monthly
104,synthetic_user_104@example.com,0,Educacion,65.84,expense,2025-12-27,1557.32,monthly
104,synthetic_user_104@example.com,0,Alimentacion,101.94,expense,2025-12-06,1557.32,monthly
104,synthetic_user_104@example.com,0,Alimentacion,90.05,expense,2025-12-25,1557.32,monthly
104,synthetic_user_104@example.com,0,Ingresos,44.16,expense,2025-12-15,1557.32,monthly
104,synthetic_user_104@example.com,0,Ingresos,60.91,expense,2025-12-25,1557.32,monthly
104,synthetic_user_104@example.com,0,Ingreso Base,1577.18,income,2026-01-07,1557.32,monthly
104,synthetic_user_104@example.com,0,Inversion,155.27,investment,2026-01-31,1557.32,monthly
104,synthetic_user_104@example.com,0,Educacion,101.24,expense,2026-01-18,1557.32,monthly
104,synthetic_user_104@example.com,0,Educacion,123.93,expense,2026-01-22,1557.32,monthly
104,synthetic_user_104@example.com,0,Ocio,70.76,expense,2026-01-24,1557.32,monthly
104,synthetic_user_104@example.com,0,Alimentacion,74.06,expense,2026-01-22,1557.32,monthly
104,synthetic_user_104@example.com,0,Educacion,74.17,expense,2026-01-13,1557.32,monthly
104,synthetic_user_104@example.com,0,Ingreso adicional,66.26,expense,2026-01-09,1557.32,monthly
104,synthetic_user_104@example.com,0,Educacion,81.64,expense,2026-01-18,1557.32,monthly
104,synthetic_user_104@example.com,0,Alimentacion,43.7,expense,2026-01-16,1557.32,monthly
104,synthetic_user_104@example.com,0,Ingresos,117.27,expense,2026-01-01,1557.32,monthly
104,synthetic_user_104@example.com,0,Alimentacion,71.01,expense,2026-01-23,1557.32,monthly
104,synthetic_user_104@example.com,0,Educacion,123.52,expense,2026-01-13,1557.32,monthly
104,synthetic_user_104@example.com,0,Vivienda,94.91,expense,2026-01-02,1557.32,monthly
104,synthetic_user_104@example.com,0,Alimentacion,82.87,expense,2026-01-08,1557.32,monthly
104,synthetic_user_104@example.com,0,Otro,110.98,expense,2026-01-03,1557.32,monthly
104,synthetic_user_104@example.com,0,Educacion,146.59,expense,2026-01-25,1557.32,monthly
104,synthetic_user_104@example.com,0,Ingreso Base,1507.41,income,2026-02-06,1557.32,monthly
104,synthetic_user_104@example.com,0,Inversion,106.91,investment,2026-02-19,1557.32,monthly
104,synthetic_user_104@example.com,0,Gastos generales,212.58,expense,2026-02-01,1557.32,monthly
104,synthetic_user_104@example.com,0,Ocio,68.53,expense,2026-02-05,1557.32,monthly
104,synthetic_user_104@example.com,0,Suscripciones,148.61,expense,2026-02-04,1557.32,monthly
104,synthetic_user_104@example.com,0,Educacion,200.5,expense,2026-02-20,1557.32,monthly
104,synthetic_user_104@example.com,0,Educacion,139.4,expense,2026-02-10,1557.32,monthly
104,synthetic_user_104@example.com,0,Suscripciones,192.89,expense,2026-02-13,1557.32,monthly
104,synthetic_user_104@example.com,0,Servicios,214.08,expense,2026-02-21,1557.32,monthly
104,synthetic_user_104@example.com,0,rappi,107.63,expense,2026-02-06,1557.32,monthly
104,synthetic_user_104@example.com,0,Ingreso Base,1618.23,income,2026-03-08,1557.32,monthly
104,synthetic_user_104@example.com,0,Inversion,147.86,investment,2026-03-15,1557.32,monthly
104,synthetic_user_104@example.com,0,Educacion,38.77,expense,2026-03-25,1557.32,monthly
104,synthetic_user_104@example.com,0,Suscripciones,44.94,expense,2026-03-13,1557.32,monthly
104,synthetic_user_104@example.com,0,rappi,107.1,expense,2026-03-12,1557.32,monthly
104,synthetic_user_104@example.com,0,rappi,49.14,expense,2026-03-14,1557.32,monthly
104,synthetic_user_104@example.com,0,Educacion,81.35,expense,2026-03-04,1557.32,monthly
104,synthetic_user_104@example.com,0,Ocio,82.84,expense,2026-03-14,1557.32,monthly
104,synthetic_user_104@example.com,0,Ingresos,62.56,expense,2026-03-02,1557.32,monthly
104,synthetic_user_104@example.com,0,Suscripciones,71.85,expense,2026-03-09,1557.32,monthly
104,synthetic_user_104@example.com,0,rappi,54.66,expense,2026-03-17,1557.32,monthly
104,synthetic_user_104@example.com,0,Vivienda,61.76,expense,2026-03-06,1557.32,monthly
104,synthetic_user_104@example.com,0,Alimentacion,43.68,expense,2026-03-26,1557.32,monthly
104,synthetic_user_104@example.com,0,Otro,31.79,expense,2026-03-03,1557.32,monthly
104,synthetic_user_104@example.com,0,Educacion,76.34,expense,2026-03-04,1557.32,monthly
104,synthetic_user_104@example.com,0,Suscripciones,105.03,expense,2026-03-09,1557.32,monthly
104,synthetic_user_104@example.com,0,Educacion,51.51,expense,2026-03-19,1557.32,monthly
104,synthetic_user_104@example.com,0,Educacion,110.49,expense,2026-03-09,1557.32,monthly
104,synthetic_user_104@example.com,0,Educacion,107.15,expense,2026-03-05,1557.32,monthly
104,synthetic_user_104@example.com,0,Ingreso Base,1605.9,income,2026-04-07,1557.32,monthly
104,synthetic_user_104@example.com,0,Inversion,164.79,investment,2026-04-20,1557.32,monthly
104,synthetic_user_104@example.com,0,Gastos generales,50.55,expense,2026-04-15,1557.32,monthly
104,synthetic_user_104@example.com,0,rappi,74.3,expense,2026-04-14,1557.32,monthly
104,synthetic_user_104@example.com,0,Educacion,76.02,expense,2026-04-09,1557.32,monthly
104,synthetic_user_104@example.com,0,Suscripciones,43.17,expense,2026-04-03,1557.32,monthly
104,synthetic_user_104@example.com,0,Servicios,93.73,expense,2026-04-14,1557.32,monthly
104,synthetic_user_104@example.com,0,rappi,74.28,expense,2026-04-20,1557.32,monthly
104,synthetic_user_104@example.com,0,Suscripciones,56.68,expense,2026-04-24,1557.32,monthly
104,synthetic_user_104@example.com,0,Ocio,43.99,expense,2026-04-21,1557.32,monthly
104,synthetic_user_104@example.com,0,Ingreso adicional,100.74,expense,2026-04-24,1557.32,monthly
104,synthetic_user_104@example.com,0,Ocio,2.77,expense,2026-04-06,1557.32,monthly
104,synthetic_user_104@example.com,0,Ingresos,67.12,expense,2026-04-15,1557.32,monthly
104,synthetic_user_104@example.com,0,Suscripciones,79.03,expense,2026-04-12,1557.32,monthly
104,synthetic_user_104@example.com,0,Otro,68.85,expense,2026-04-22,1557.32,monthly
104,synthetic_user_104@example.com,0,Educacion,120.68,expense,2026-04-04,1557.32,monthly
104,synthetic_user_104@example.com,0,Educacion,119.05,expense,2026-04-22,1557.32,monthly
104,synthetic_user_104@example.com,0,Suscripciones,96.1,expense,2026-04-25,1557.32,monthly
104,synthetic_user_104@example.com,0,Salud,71.48,expense,2026-04-09,1557.32,monthly
105,synthetic_user_105@example.com,0,Ingreso Base,2092.84,income,2025-11-08,2150.18,monthly
105,synthetic_user_105@example.com,0,Inversion,157.09,investment,2025-11-23,2150.18,monthly
105,synthetic_user_105@example.com,0,Ingreso adicional,100.95,expense,2025-11-25,2150.18,monthly
105,synthetic_user_105@example.com,0,Vivienda,119.2,expense,2025-11-25,2150.18,monthly
105,synthetic_user_105@example.com,0,Educacion,191.83,expense,2025-11-15,2150.18,monthly
105,synthetic_user_105@example.com,0,Compras,168.53,expense,2025-11-23,2150.18,monthly
105,synthetic_user_105@example.com,0,Ingreso adicional,119.11,expense,2025-11-08,2150.18,monthly
105,synthetic_user_105@example.com,0,Vivienda,92.28,expense,2025-11-14,2150.18,monthly
105,synthetic_user_105@example.com,0,Suscripciones,256.27,expense,2025-11-05,2150.18,monthly
105,synthetic_user_105@example.com,0,Ocio,131.37,expense,2025-11-21,2150.18,monthly
105,synthetic_user_105@example.com,0,Suscripciones,57.54,expense,2025-11-22,2150.18,monthly
105,synthetic_user_105@example.com,0,Vivienda,252.09,expense,2025-11-26,2150.18,monthly
105,synthetic_user_105@example.com,0,Compras,136.97,expense,2025-11-27,2150.18,monthly
105,synthetic_user_105@example.com,0,Ingreso adicional,138.41,expense,2025-11-18,2150.18,monthly
105,synthetic_user_105@example.com,0,Otro,85.7,expense,2025-11-11,2150.18,monthly
105,synthetic_user_105@example.com,0,Ingreso Base,2347.32,income,2025-12-08,2150.18,monthly
105,synthetic_user_105@example.com,0,Inversion,149.81,investment,2025-12-22,2150.18,monthly
105,synthetic_user_105@example.com,0,Gastos generales,306.3,expense,2025-12-07,2150.18,monthly
105,synthetic_user_105@example.com,0,Suscripciones,130.24,expense,2025-12-07,2150.18,monthly
105,synthetic_user_105@example.com,0,Gastos generales,61.35,expense,2025-12-04,2150.18,monthly
105,synthetic_user_105@example.com,0,Vivienda,187.98,expense,2025-12-11,2150.18,monthly
105,synthetic_user_105@example.com,0,Ingreso adicional,256.67,expense,2025-12-26,2150.18,monthly
105,synthetic_user_105@example.com,0,Otro,2.0,expense,2025-12-05,2150.18,monthly
105,synthetic_user_105@example.com,0,Ingreso adicional,207.84,expense,2025-12-16,2150.18,monthly
105,synthetic_user_105@example.com,0,Educacion,175.84,expense,2025-12-25,2150.18,monthly
105,synthetic_user_105@example.com,0,Ingreso adicional,137.51,expense,2025-12-18,2150.18,monthly
105,synthetic_user_105@example.com,0,Salud,58.13,expense,2025-12-24,2150.18,monthly
105,synthetic_user_105@example.com,0,Ingreso adicional,32.86,expense,2025-12-22,2150.18,monthly
105,synthetic_user_105@example.com,0,Servicios,144.92,expense,2025-12-23,2150.18,monthly
105,synthetic_user_105@example.com,0,Ingreso Base,2096.28,income,2026-01-07,2150.18,monthly
105,synthetic_user_105@example.com,0,Inversion,78.49,investment,2026-01-29,2150.18,monthly
105,synthetic_user_105@example.com,0,Otro,104.02,expense,2026-01-06,2150.18,monthly
105,synthetic_user_105@example.com,0,Ingresos,215.15,expense,2026-01-27,2150.18,monthly
105,synthetic_user_105@example.com,0,Ingreso adicional,118.43,expense,2026-01-21,2150.18,monthly
105,synthetic_user_105@example.com,0,Vivienda,81.54,expense,2026-01-27,2150.18,monthly
105,synthetic_user_105@example.com,0,Suscripciones,174.24,expense,2026-01-19,2150.18,monthly
105,synthetic_user_105@example.com,0,Ingreso adicional,115.81,expense,2026-01-18,2150.18,monthly
105,synthetic_user_105@example.com,0,Salud,70.89,expense,2026-01-10,2150.18,monthly
105,synthetic_user_105@example.com,0,Gastos generales,133.5,expense,2026-01-26,2150.18,monthly
105,synthetic_user_105@example.com,0,Compras,209.26,expense,2026-01-19,2150.18,monthly
105,synthetic_user_105@example.com,0,Ingreso adicional,270.49,expense,2026-01-06,2150.18,monthly
105,synthetic_user_105@example.com,0,Vivienda,149.03,expense,2026-01-14,2150.18,monthly
105,synthetic_user_105@example.com,0,Salud,204.32,expense,2026-01-17,2150.18,monthly
105,synthetic_user_105@example.com,0,Ingreso Base,1846.3,income,2026-02-06,2150.18,monthly
105,synthetic_user_105@example.com,0,Inversion,154.49,investment,2026-02-24,2150.18,monthly
105,synthetic_user_105@example.com,0,Suscripciones,131.76,expense,2026-02-13,2150.18,monthly
105,synthetic_user_105@example.com,0,Educacion,108.17,expense,2026-02-09,2150.18,monthly
105,synthetic_user_105@example.com,0,Ocio,103.78,expense,2026-02-15,2150.18,monthly
105,synthetic_user_105@example.com,0,Ingreso adicional,22.52,expense,2026-02-11,2150.18,monthly
105,synthetic_user_105@example.com,0,Vivienda,28.93,expense,2026-02-27,2150.18,monthly
105,synthetic_user_105@example.com,0,Vivienda,108.31,expense,2026-02-22,2150.18,monthly
105,synthetic_user_105@example.com,0,Transporte,131.74,expense,2026-02-07,2150.18,monthly
105,synthetic_user_105@example.com,0,Vivienda,115.61,expense,2026-02-02,2150.18,monthly
105,synthetic_user_105@example.com,0,Vivienda,93.07,expense,2026-02-10,2150.18,monthly
105,synthetic_user_105@example.com,0,Vivienda,125.35,expense,2026-02-13,2150.18,monthly
105,synthetic_user_105@example.com,0,Educacion,41.85,expense,2026-02-22,2150.18,monthly
105,synthetic_user_105@example.com,0,Ingresos,64.87,expense,2026-02-17,2150.18,monthly
105,synthetic_user_105@example.com,0,Ocio,136.03,expense,2026-02-25,2150.18,monthly
105,synthetic_user_105@example.com,0,Gastos generales,90.67,expense,2026-02-19,2150.18,monthly
105,synthetic_user_105@example.com,0,Compras,76.81,expense,2026-02-23,2150.18,monthly
105,synthetic_user_105@example.com,0,Transporte,78.54,expense,2026-02-26,2150.18,monthly
105,synthetic_user_105@example.com,0,Vivienda,78.26,expense,2026-02-15,2150.18,monthly
105,synthetic_user_105@example.com,0,Ingresos,48.6,expense,2026-02-06,2150.18,monthly
105,synthetic_user_105@example.com,0,Suscripciones,136.55,expense,2026-02-13,2150.18,monthly
105,synthetic_user_105@example.com,0,Ingreso Base,2213.74,income,2026-03-08,2150.18,monthly
105,synthetic_user_105@example.com,0,Inversion,144.99,investment,2026-03-15,2150.18,monthly
105,synthetic_user_105@example.com,0,Gastos generales,117.38,expense,2026-03-13,2150.18,monthly
105,synthetic_user_105@example.com,0,Vivienda,72.15,expense,2026-03-22,2150.18,monthly
105,synthetic_user_105@example.com,0,Ocio,123.94,expense,2026-03-26,2150.18,monthly
105,synthetic_user_105@example.com,0,Ingreso adicional,105.76,expense,2026-03-07,2150.18,monthly
105,synthetic_user_105@example.com,0,Vivienda,77.48,expense,2026-03-23,2150.18,monthly
105,synthetic_user_105@example.com,0,Suscripciones,137.47,expense,2026-03-04,2150.18,monthly
105,synthetic_user_105@example.com,0,Ingresos,58.67,expense,2026-03-20,2150.18,monthly
105,synthetic_user_105@example.com,0,Otro,101.85,expense,2026-03-11,2150.18,monthly
105,synthetic_user_105@example.com,0,Ingreso adicional,153.02,expense,2026-03-18,2150.18,monthly
105,synthetic_user_105@example.com,0,Vivienda,103.07,expense,2026-03-04,2150.18,monthly
105,synthetic_user_105@example.com,0,Transporte,104.05,expense,2026-03-21,2150.18,monthly
105,synthetic_user_105@example.com,0,Vivienda,102.67,expense,2026-03-06,2150.18,monthly
105,synthetic_user_105@example.com,0,Otro,146.18,expense,2026-03-11,2150.18,monthly
105,synthetic_user_105@example.com,0,Ingreso adicional,54.68,expense,2026-03-08,2150.18,monthly
105,synthetic_user_105@example.com,0,Suscripciones,145.56,expense,2026-03-13,2150.18,monthly
105,synthetic_user_105@example.com,0,Ingreso adicional,71.69,expense,2026-03-19,2150.18,monthly
105,synthetic_user_105@example.com,0,Educacion,31.21,expense,2026-03-04,2150.18,monthly
105,synthetic_user_105@example.com,0,Vivienda,95.52,expense,2026-03-20,2150.18,monthly
105,synthetic_user_105@example.com,0,Suscripciones,106.41,expense,2026-03-07,2150.18,monthly
105,synthetic_user_105@example.com,0,Ingreso Base,2332.24,income,2026-04-07,2150.18,monthly
105,synthetic_user_105@example.com,0,Inversion,203.27,investment,2026-04-17,2150.18,monthly
105,synthetic_user_105@example.com,0,Ingreso adicional,131.72,expense,2026-04-05,2150.18,monthly
105,synthetic_user_105@example.com,0,Ingreso adicional,233.15,expense,2026-04-25,2150.18,monthly
105,synthetic_user_105@example.com,0,Ingreso adicional,175.58,expense,2026-04-26,2150.18,monthly
105,synthetic_user_105@example.com,0,Vivienda,170.74,expense,2026-04-16,2150.18,monthly
105,synthetic_user_105@example.com,0,Servicios,118.23,expense,2026-04-18,2150.18,monthly
105,synthetic_user_105@example.com,0,Transporte,136.02,expense,2026-04-03,2150.18,monthly
105,synthetic_user_105@example.com,0,Servicios,73.71,expense,2026-04-04,2150.18,monthly
105,synthetic_user_105@example.com,0,Compras,163.53,expense,2026-04-25,2150.18,monthly
105,synthetic_user_105@example.com,0,Ingreso adicional,84.23,expense,2026-04-18,2150.18,monthly
105,synthetic_user_105@example.com,0,Transporte,181.61,expense,2026-04-26,2150.18,monthly
105,synthetic_user_105@example.com,0,Ingreso adicional,245.52,expense,2026-04-05,2150.18,monthly
105,synthetic_user_105@example.com,0,Vivienda,161.38,expense,2026-04-12,2150.18,monthly
105,synthetic_user_105@example.com,0,Vivienda,181.76,expense,2026-04-12,2150.18,monthly
106,synthetic_user_106@example.com,0,Ingreso Base,1768.65,income,2025-11-08,1773.06,monthly
106,synthetic_user_106@example.com,0,Inversion,62.51,investment,2025-11-26,1773.06,monthly
106,synthetic_user_106@example.com,0,rappi,71.01,expense,2025-11-13,1773.06,monthly
106,synthetic_user_106@example.com,0,Transporte,39.12,expense,2025-11-12,1773.06,monthly
106,synthetic_user_106@example.com,0,Educacion,22.9,expense,2025-11-16,1773.06,monthly
106,synthetic_user_106@example.com,0,rappi,97.98,expense,2025-11-12,1773.06,monthly
106,synthetic_user_106@example.com,0,Ocio,111.37,expense,2025-11-03,1773.06,monthly
106,synthetic_user_106@example.com,0,Ingreso adicional,116.43,expense,2025-11-08,1773.06,monthly
106,synthetic_user_106@example.com,0,Ingreso adicional,49.08,expense,2025-11-21,1773.06,monthly
106,synthetic_user_106@example.com,0,rappi,95.29,expense,2025-11-23,1773.06,monthly
106,synthetic_user_106@example.com,0,Compras,62.24,expense,2025-11-19,1773.06,monthly
106,synthetic_user_106@example.com,0,Compras,90.54,expense,2025-11-01,1773.06,monthly
106,synthetic_user_106@example.com,0,Vivienda,91.66,expense,2025-11-03,1773.06,monthly
106,synthetic_user_106@example.com,0,Gastos generales,83.99,expense,2025-11-22,1773.06,monthly
106,synthetic_user_106@example.com,0,Otro,102.59,expense,2025-11-19,1773.06,monthly
106,synthetic_user_106@example.com,0,Ocio,103.8,expense,2025-11-16,1773.06,monthly
106,synthetic_user_106@example.com,0,Otro,117.67,expense,2025-11-09,1773.06,monthly
106,synthetic_user_106@example.com,0,Ingreso adicional,32.62,expense,2025-11-25,1773.06,monthly
106,synthetic_user_106@example.com,0,Compras,92.38,expense,2025-11-16,1773.06,monthly
106,synthetic_user_106@example.com,0,Ingreso Base,1345.99,income,2025-12-08,1773.06,monthly
106,synthetic_user_106@example.com,0,Inversion,51.88,investment,2025-12-30,1773.06,monthly
106,synthetic_user_106@example.com,0,Suscripciones,122.3,expense,2025-12-19,1773.06,monthly
106,synthetic_user_106@example.com,0,Salud,88.0,expense,2025-12-13,1773.06,monthly
106,synthetic_user_106@example.com,0,Salud,78.89,expense,2025-12-14,1773.06,monthly
106,synthetic_user_106@example.com,0,Salud,51.49,expense,2025-12-10,1773.06,monthly
106,synthetic_user_106@example.com,0,Compras,98.65,expense,2025-12-07,1773.06,monthly
106,synthetic_user_106@example.com,0,Salud,102.6,expense,2025-12-22,1773.06,monthly
106,synthetic_user_106@example.com,0,Ocio,89.82,expense,2025-12-10,1773.06,monthly
106,synthetic_user_106@example.com,0,Ingreso adicional,148.72,expense,2025-12-17,1773.06,monthly
106,synthetic_user_106@example.com,0,Gastos generales,43.59,expense,2025-12-19,1773.06,monthly
106,synthetic_user_106@example.com,0,Alimentacion,55.05,expense,2025-12-13,1773.06,monthly
106,synthetic_user_106@example.com,0,Otro,95.56,expense,2025-12-17,1773.06,monthly
106,synthetic_user_106@example.com,0,Educacion,69.06,expense,2025-12-18,1773.06,monthly
106,synthetic_user_106@example.com,0,Vivienda,89.99,expense,2025-12-26,1773.06,monthly
106,synthetic_user_106@example.com,0,Alimentacion,16.24,expense,2025-12-03,1773.06,monthly
106,synthetic_user_106@example.com,0,Ingreso Base,1834.59,income,2026-01-07,1773.06,monthly
106,synthetic_user_106@example.com,0,Inversion,61.9,investment,2026-01-29,1773.06,monthly
106,synthetic_user_106@example.com,0,Salud,95.75,expense,2026-01-21,1773.06,monthly
106,synthetic_user_106@example.com,0,Ocio,63.4,expense,2026-01-19,1773.06,monthly
106,synthetic_user_106@example.com,0,Suscripciones,112.85,expense,2026-01-10,1773.06,monthly
106,synthetic_user_106@example.com,0,Compras,95.0,expense,2026-01-02,1773.06,monthly
106,synthetic_user_106@example.com,0,Otro,103.03,expense,2026-01-01,1773.06,monthly
106,synthetic_user_106@example.com,0,Ocio,175.23,expense,2026-01-23,1773.06,monthly
106,synthetic_user_106@example.com,0,Ocio,50.01,expense,2026-01-07,1773.06,monthly
106,synthetic_user_106@example.com,0,Suscripciones,52.02,expense,2026-01-04,1773.06,monthly
106,synthetic_user_106@example.com,0,Compras,91.8,expense,2026-01-22,1773.06,monthly
106,synthetic_user_106@example.com,0,Otro,77.01,expense,2026-01-10,1773.06,monthly
106,synthetic_user_106@example.com,0,Suscripciones,91.73,expense,2026-01-04,1773.06,monthly
106,synthetic_user_106@example.com,0,Suscripciones,77.43,expense,2026-01-24,1773.06,monthly
106,synthetic_user_106@example.com,0,Salud,102.9,expense,2026-01-01,1773.06,monthly
106,synthetic_user_106@example.com,0,Educacion,157.5,expense,2026-01-09,1773.06,monthly
106,synthetic_user_106@example.com,0,Ocio,99.09,expense,2026-01-10,1773.06,monthly
106,synthetic_user_106@example.com,0,Ocio,75.65,expense,2026-01-25,1773.06,monthly
106,synthetic_user_106@example.com,0,Ingreso Base,1729.45,income,2026-02-06,1773.06,monthly
106,synthetic_user_106@example.com,0,Inversion,62.98,investment,2026-02-27,1773.06,monthly
106,synthetic_user_106@example.com,0,rappi,67.28,expense,2026-02-06,1773.06,monthly
106,synthetic_user_106@example.com,0,Salud,56.92,expense,2026-02-22,1773.06,monthly
106,synthetic_user_106@example.com,0,Salud,59.04,expense,2026-02-03,1773.06,monthly
106,synthetic_user_106@example.com,0,Gastos generales,47.79,expense,2026-02-13,1773.06,monthly
106,synthetic_user_106@example.com,0,Servicios,55.33,expense,2026-02-06,1773.06,monthly
106,synthetic_user_106@example.com,0,Ingreso adicional,94.31,expense,2026-02-24,1773.06,monthly
106,synthetic_user_106@example.com,0,Compras,98.25,expense,2026-02-24,1773.06,monthly
106,synthetic_user_106@example.com,0,Compras,91.09,expense,2026-02-24,1773.06,monthly
106,synthetic_user_106@example.com,0,Compras,44.65,expense,2026-02-19,1773.06,monthly
106,synthetic_user_106@example.com,0,Suscripciones,62.28,expense,2026-02-22,1773.06,monthly
106,synthetic_user_106@example.com,0,Compras,84.51,expense,2026-02-15,1773.06,monthly
106,synthetic_user_106@example.com,0,Compras,76.08,expense,2026-02-17,1773.06,monthly
106,synthetic_user_106@example.com,0,Salud,49.68,expense,2026-02-21,1773.06,monthly
106,synthetic_user_106@example.com,0,Gastos generales,43.03,expense,2026-02-12,1773.06,monthly
106,synthetic_user_106@example.com,0,Ingreso adicional,105.07,expense,2026-02-08,1773.06,monthly
106,synthetic_user_106@example.com,0,Salud,62.25,expense,2026-02-09,1773.06,monthly
106,synthetic_user_106@example.com,0,Otro,69.34,expense,2026-02-11,1773.06,monthly
106,synthetic_user_106@example.com,0,Ingreso adicional,33.4,expense,2026-02-10,1773.06,monthly
106,synthetic_user_106@example.com,0,Ingreso Base,1778.17,income,2026-03-08,1773.06,monthly
106,synthetic_user_106@example.com,0,Inversion,52.66,investment,2026-03-12,1773.06,monthly
106,synthetic_user_106@example.com,0,Compras,90.34,expense,2026-03-25,1773.06,monthly
106,synthetic_user_106@example.com,0,Gastos generales,79.73,expense,2026-03-09,1773.06,monthly
106,synthetic_user_106@example.com,0,Ocio,30.64,expense,2026-03-23,1773.06,monthly
106,synthetic_user_106@example.com,0,Gastos generales,97.24,expense,2026-03-04,1773.06,monthly
106,synthetic_user_106@example.com,0,Ingreso adicional,70.12,expense,2026-03-02,1773.06,monthly
106,synthetic_user_106@example.com,0,Alimentacion,98.22,expense,2026-03-19,1773.06,monthly
106,synthetic_user_106@example.com,0,Compras,52.18,expense,2026-03-23,1773.06,monthly
106,synthetic_user_106@example.com,0,Otro,107.91,expense,2026-03-18,1773.06,monthly
106,synthetic_user_106@example.com,0,Ocio,69.51,expense,2026-03-26,1773.06,monthly
106,synthetic_user_106@example.com,0,Vivienda,110.25,expense,2026-03-11,1773.06,monthly
106,synthetic_user_106@example.com,0,Ocio,112.1,expense,2026-03-27,1773.06,monthly
106,synthetic_user_106@example.com,0,Salud,110.12,expense,2026-03-12,1773.06,monthly
106,synthetic_user_106@example.com,0,Compras,129.37,expense,2026-03-04,1773.06,monthly
106,synthetic_user_106@example.com,0,Gastos generales,92.58,expense,2026-03-09,1773.06,monthly
106,synthetic_user_106@example.com,0,Ocio,112.92,expense,2026-03-27,1773.06,monthly
106,synthetic_user_106@example.com,0,Otro,55.08,expense,2026-03-13,1773.06,monthly
106,synthetic_user_106@example.com,0,Ingresos,63.53,expense,2026-03-03,1773.06,monthly
106,synthetic_user_106@example.com,0,Ingreso Base,1922.85,income,2026-04-07,1773.06,monthly
106,synthetic_user_106@example.com,0,Inversion,71.29,investment,2026-04-27,1773.06,monthly
106,synthetic_user_106@example.com,0,Transporte,69.05,expense,2026-04-14,1773.06,monthly
106,synthetic_user_106@example.com,0,Ocio,92.89,expense,2026-04-07,1773.06,monthly
106,synthetic_user_106@example.com,0,Otro,101.28,expense,2026-04-10,1773.06,monthly
106,synthetic_user_106@example.com,0,Salud,129.78,expense,2026-04-17,1773.06,monthly
106,synthetic_user_106@example.com,0,rappi,101.85,expense,2026-04-03,1773.06,monthly
106,synthetic_user_106@example.com,0,Gastos generales,103.79,expense,2026-04-22,1773.06,monthly
106,synthetic_user_106@example.com,0,Suscripciones,83.63,expense,2026-04-08,1773.06,monthly
106,synthetic_user_106@example.com,0,Otro,119.2,expense,2026-04-16,1773.06,monthly
106,synthetic_user_106@example.com,0,Compras,114.77,expense,2026-04-07,1773.06,monthly
106,synthetic_user_106@example.com,0,Compras,108.15,expense,2026-04-10,1773.06,monthly
106,synthetic_user_106@example.com,0,Ocio,108.78,expense,2026-04-11,1773.06,monthly
106,synthetic_user_106@example.com,0,Gastos generales,69.87,expense,2026-04-05,1773.06,monthly
106,synthetic_user_106@example.com,0,Otro,101.4,expense,2026-04-08,1773.06,monthly
106,synthetic_user_106@example.com,0,Suscripciones,12.51,expense,2026-04-27,1773.06,monthly
106,synthetic_user_106@example.com,0,Suscripciones,134.3,expense,2026-04-08,1773.06,monthly
106,synthetic_user_106@example.com,0,Ocio,140.87,expense,2026-04-18,1773.06,monthly
107,synthetic_user_107@example.com,0,Ingreso Base,2187.57,income,2025-11-08,1863.88,monthly
107,synthetic_user_107@example.com,0,Inversion,190.64,investment,2025-11-24,1863.88,monthly
107,synthetic_user_107@example.com,0,Ingresos,76.78,expense,2025-11-26,1863.88,monthly
107,synthetic_user_107@example.com,0,Ingreso adicional,163.65,expense,2025-11-26,1863.88,monthly
107,synthetic_user_107@example.com,0,Suscripciones,131.07,expense,2025-11-18,1863.88,monthly
107,synthetic_user_107@example.com,0,rappi,61.1,expense,2025-11-26,1863.88,monthly
107,synthetic_user_107@example.com,0,rappi,95.47,expense,2025-11-12,1863.88,monthly
107,synthetic_user_107@example.com,0,Transporte,96.88,expense,2025-11-21,1863.88,monthly
107,synthetic_user_107@example.com,0,Suscripciones,126.18,expense,2025-11-02,1863.88,monthly
107,synthetic_user_107@example.com,0,Educacion,178.02,expense,2025-11-14,1863.88,monthly
107,synthetic_user_107@example.com,0,Salud,109.65,expense,2025-11-02,1863.88,monthly
107,synthetic_user_107@example.com,0,Salud,78.9,expense,2025-11-20,1863.88,monthly
107,synthetic_user_107@example.com,0,Salud,87.57,expense,2025-11-01,1863.88,monthly
107,synthetic_user_107@example.com,0,Salud,139.31,expense,2025-11-19,1863.88,monthly
107,synthetic_user_107@example.com,0,Suscripciones,156.2,expense,2025-11-19,1863.88,monthly
107,synthetic_user_107@example.com,0,Compras,143.12,expense,2025-11-09,1863.88,monthly
107,synthetic_user_107@example.com,0,Vivienda,140.47,expense,2025-11-25,1863.88,monthly
107,synthetic_user_107@example.com,0,Alimentacion,98.06,expense,2025-11-10,1863.88,monthly
107,synthetic_user_107@example.com,0,Ingreso Base,1834.32,income,2025-12-08,1863.88,monthly
107,synthetic_user_107@example.com,0,Inversion,123.86,investment,2025-12-21,1863.88,monthly
107,synthetic_user_107@example.com,0,Ingreso adicional,93.72,expense,2025-12-26,1863.88,monthly
107,synthetic_user_107@example.com,0,rappi,93.39,expense,2025-12-11,1863.88,monthly
107,synthetic_user_107@example.com,0,Salud,74.32,expense,2025-12-23,1863.88,monthly
107,synthetic_user_107@example.com,0,Salud,144.02,expense,2025-12-23,1863.88,monthly
107,synthetic_user_107@example.com,0,Salud,123.2,expense,2025-12-24,1863.88,monthly
107,synthetic_user_107@example.com,0,Ingresos,119.58,expense,2025-12-20,1863.88,monthly
107,synthetic_user_107@example.com,0,Transporte,68.01,expense,2025-12-01,1863.88,monthly
107,synthetic_user_107@example.com,0,Ingresos,123.06,expense,2025-12-14,1863.88,monthly
107,synthetic_user_107@example.com,0,Salud,124.32,expense,2025-12-18,1863.88,monthly
107,synthetic_user_107@example.com,0,Gastos generales,60.17,expense,2025-12-10,1863.88,monthly
107,synthetic_user_107@example.com,0,Suscripciones,81.82,expense,2025-12-22,1863.88,monthly
107,synthetic_user_107@example.com,0,Gastos generales,39.5,expense,2025-12-02,1863.88,monthly
107,synthetic_user_107@example.com,0,Suscripciones,34.93,expense,2025-12-15,1863.88,monthly
107,synthetic_user_107@example.com,0,Vivienda,64.63,expense,2025-12-27,1863.88,monthly
107,synthetic_user_107@example.com,0,rappi,135.8,expense,2025-12-19,1863.88,monthly
107,synthetic_user_107@example.com,0,rappi,35.37,expense,2025-12-16,1863.88,monthly
107,synthetic_user_107@example.com,0,Ingreso Base,1773.61,income,2026-01-07,1863.88,monthly
107,synthetic_user_107@example.com,0,Inversion,135.78,investment,2026-01-11,1863.88,monthly
107,synthetic_user_107@example.com,0,Ingreso adicional,102.62,expense,2026-01-06,1863.88,monthly
107,synthetic_user_107@example.com,0,Compras,87.83,expense,2026-01-13,1863.88,monthly
107,synthetic_user_107@example.com,0,Ingreso adicional,82.68,expense,2026-01-02,1863.88,monthly
107,synthetic_user_107@example.com,0,Ingresos,63.55,expense,2026-01-24,1863.88,monthly
107,synthetic_user_107@example.com,0,Ingresos,118.7,expense,2026-01-11,1863.88,monthly
107,synthetic_user_107@example.com,0,Servicios,120.14,expense,2026-01-09,1863.88,monthly
107,synthetic_user_107@example.com,0,Suscripciones,140.37,expense,2026-01-09,1863.88,monthly
107,synthetic_user_107@example.com,0,Ingresos,127.58,expense,2026-01-09,1863.88,monthly
107,synthetic_user_107@example.com,0,Salud,89.33,expense,2026-01-05,1863.88,monthly
107,synthetic_user_107@example.com,0,Ingresos,141.56,expense,2026-01-12,1863.88,monthly
107,synthetic_user_107@example.com,0,Otro,88.47,expense,2026-01-24,1863.88,monthly
107,synthetic_user_107@example.com,0,Alimentacion,2.0,expense,2026-01-23,1863.88,monthly
107,synthetic_user_107@example.com,0,Educacion,73.18,expense,2026-01-14,1863.88,monthly
107,synthetic_user_107@example.com,0,Gastos generales,75.12,expense,2026-01-27,1863.88,monthly
107,synthetic_user_107@example.com,0,Gastos generales,91.65,expense,2026-01-25,1863.88,monthly
107,synthetic_user_107@example.com,0,Gastos generales,71.03,expense,2026-01-22,1863.88,monthly
107,synthetic_user_107@example.com,0,Salud,132.26,expense,2026-01-08,1863.88,monthly
107,synthetic_user_107@example.com,0,Ingreso Base,2194.66,income,2026-02-06,1863.88,monthly
107,synthetic_user_107@example.com,0,Inversion,202.99,investment,2026-02-17,1863.88,monthly
107,synthetic_user_107@example.com,0,Suscripciones,52.4,expense,2026-02-27,1863.88,monthly
107,synthetic_user_107@example.com,0,Ingreso adicional,101.05,expense,2026-02-19,1863.88,monthly
107,synthetic_user_107@example.com,0,Salud,176.01,expense,2026-02-09,1863.88,monthly
107,synthetic_user_107@example.com,0,Ingresos,171.61,expense,2026-02-05,1863.88,monthly
107,synthetic_user_107@example.com,0,Salud,146.69,expense,2026-02-23,1863.88,monthly
107,synthetic_user_107@example.com,0,Alimentacion,166.92,expense,2026-02-02,1863.88,monthly
107,synthetic_user_107@example.com,0,Servicios,180.46,expense,2026-02-19,1863.88,monthly
107,synthetic_user_107@example.com,0,Salud,62.16,expense,2026-02-03,1863.88,monthly
107,synthetic_user_107@example.com,0,Salud,186.0,expense,2026-02-17,1863.88,monthly
107,synthetic_user_107@example.com,0,Gastos generales,132.48,expense,2026-02-01,1863.88,monthly
107,synthetic_user_107@example.com,0,Gastos generales,245.63,expense,2026-02-05,1863.88,monthly
107,synthetic_user_107@example.com,0,Gastos generales,119.55,expense,2026-02-20,1863.88,monthly
107,synthetic_user_107@example.com,0,Salud,130.9,expense,2026-02-20,1863.88,monthly
107,synthetic_user_107@example.com,0,Suscripciones,108.88,expense,2026-02-13,1863.88,monthly
107,synthetic_user_107@example.com,0,Ingreso Base,1788.51,income,2026-03-08,1863.88,monthly
107,synthetic_user_107@example.com,0,Inversion,83.79,investment,2026-03-30,1863.88,monthly
107,synthetic_user_107@example.com,0,Educacion,193.05,expense,2026-03-20,1863.88,monthly
107,synthetic_user_107@example.com,0,Salud,135.84,expense,2026-03-24,1863.88,monthly
107,synthetic_user_107@example.com,0,Suscripciones,261.85,expense,2026-03-20,1863.88,monthly
107,synthetic_user_107@example.com,0,Vivienda,148.55,expense,2026-03-21,1863.88,monthly
107,synthetic_user_107@example.com,0,Educacion,139.37,expense,2026-03-13,1863.88,monthly
107,synthetic_user_107@example.com,0,Transporte,185.69,expense,2026-03-14,1863.88,monthly
107,synthetic_user_107@example.com,0,Salud,93.15,expense,2026-03-21,1863.88,monthly
107,synthetic_user_107@example.com,0,rappi,140.73,expense,2026-03-27,1863.88,monthly
107,synthetic_user_107@example.com,0,Ingreso Base,1885.73,income,2026-04-07,1863.88,monthly
107,synthetic_user_107@example.com,0,Inversion,172.14,investment,2026-04-13,1863.88,monthly
107,synthetic_user_107@example.com,0,Servicios,158.62,expense,2026-04-13,1863.88,monthly
107,synthetic_user_107@example.com,0,Salud,181.17,expense,2026-04-14,1863.88,monthly
107,synthetic_user_107@example.com,0,Salud,50.58,expense,2026-04-24,1863.88,monthly
107,synthetic_user_107@example.com,0,Suscripciones,122.04,expense,2026-04-04,1863.88,monthly
107,synthetic_user_107@example.com,0,Gastos generales,101.71,expense,2026-04-16,1863.88,monthly
107,synthetic_user_107@example.com,0,Suscripciones,73.16,expense,2026-04-07,1863.88,monthly
107,synthetic_user_107@example.com,0,Alimentacion,109.83,expense,2026-04-08,1863.88,monthly
107,synthetic_user_107@example.com,0,Vivienda,85.35,expense,2026-04-12,1863.88,monthly
107,synthetic_user_107@example.com,0,Gastos generales,115.05,expense,2026-04-07,1863.88,monthly
107,synthetic_user_107@example.com,0,rappi,135.34,expense,2026-04-23,1863.88,monthly
107,synthetic_user_107@example.com,0,Ingresos,214.33,expense,2026-04-10,1863.88,monthly
107,synthetic_user_107@example.com,0,Gastos generales,87.79,expense,2026-04-14,1863.88,monthly
108,synthetic_user_108@example.com,0,Ingreso Base,2634.49,income,2025-11-08,2680.35,monthly
108,synthetic_user_108@example.com,0,Inversion,196.81,investment,2025-11-17,2680.35,monthly
108,synthetic_user_108@example.com,0,Ingreso adicional,228.62,expense,2025-11-06,2680.35,monthly
108,synthetic_user_108@example.com,0,Transporte,195.58,expense,2025-11-27,2680.35,monthly
108,synthetic_user_108@example.com,0,Suscripciones,113.82,expense,2025-11-09,2680.35,monthly
108,synthetic_user_108@example.com,0,Ingresos,124.05,expense,2025-11-24,2680.35,monthly
108,synthetic_user_108@example.com,0,Vivienda,146.25,expense,2025-11-06,2680.35,monthly
108,synthetic_user_108@example.com,0,Salud,168.18,expense,2025-11-22,2680.35,monthly
108,synthetic_user_108@example.com,0,Gastos generales,143.98,expense,2025-11-22,2680.35,monthly
108,synthetic_user_108@example.com,0,Salud,158.5,expense,2025-11-06,2680.35,monthly
108,synthetic_user_108@example.com,0,Compras,114.47,expense,2025-11-12,2680.35,monthly
108,synthetic_user_108@example.com,0,Suscripciones,131.31,expense,2025-11-02,2680.35,monthly
108,synthetic_user_108@example.com,0,Ingreso adicional,81.21,expense,2025-11-13,2680.35,monthly
108,synthetic_user_108@example.com,0,Suscripciones,102.53,expense,2025-11-05,2680.35,monthly
108,synthetic_user_108@example.com,0,Gastos generales,155.95,expense,2025-11-13,2680.35,monthly
108,synthetic_user_108@example.com,0,Ocio,154.43,expense,2025-11-26,2680.35,monthly
108,synthetic_user_108@example.com,0,Ingreso Base,2791.81,income,2025-12-08,2680.35,monthly
108,synthetic_user_108@example.com,0,Inversion,362.66,investment,2025-12-15,2680.35,monthly
108,synthetic_user_108@example.com,0,Otro,195.13,expense,2025-12-01,2680.35,monthly
108,synthetic_user_108@example.com,0,rappi,219.97,expense,2025-12-26,2680.35,monthly
108,synthetic_user_108@example.com,0,rappi,103.06,expense,2025-12-14,2680.35,monthly
108,synthetic_user_108@example.com,0,Salud,235.37,expense,2025-12-15,2680.35,monthly
108,synthetic_user_108@example.com,0,Ingreso adicional,113.33,expense,2025-12-16,2680.35,monthly
108,synthetic_user_108@example.com,0,rappi,153.71,expense,2025-12-22,2680.35,monthly
108,synthetic_user_108@example.com,0,Suscripciones,139.09,expense,2025-12-05,2680.35,monthly
108,synthetic_user_108@example.com,0,Compras,118.55,expense,2025-12-16,2680.35,monthly
108,synthetic_user_108@example.com,0,Ocio,126.44,expense,2025-12-16,2680.35,monthly
108,synthetic_user_108@example.com,0,Otro,145.83,expense,2025-12-08,2680.35,monthly
108,synthetic_user_108@example.com,0,Compras,148.53,expense,2025-12-16,2680.35,monthly
108,synthetic_user_108@example.com,0,Gastos generales,77.74,expense,2025-12-11,2680.35,monthly
108,synthetic_user_108@example.com,0,Educacion,169.0,expense,2025-12-20,2680.35,monthly
108,synthetic_user_108@example.com,0,rappi,246.9,expense,2025-12-25,2680.35,monthly
108,synthetic_user_108@example.com,0,Ocio,113.6,expense,2025-12-26,2680.35,monthly
108,synthetic_user_108@example.com,0,Ingreso Base,2557.07,income,2026-01-07,2680.35,monthly
108,synthetic_user_108@example.com,0,Inversion,401.47,investment,2026-01-15,2680.35,monthly
108,synthetic_user_108@example.com,0,Transporte,150.98,expense,2026-01-21,2680.35,monthly
108,synthetic_user_108@example.com,0,Ocio,212.79,expense,2026-01-20,2680.35,monthly
108,synthetic_user_108@example.com,0,Ingreso adicional,113.56,expense,2026-01-05,2680.35,monthly
108,synthetic_user_108@example.com,0,Ingreso adicional,167.37,expense,2026-01-04,2680.35,monthly
108,synthetic_user_108@example.com,0,rappi,2.0,expense,2026-01-05,2680.35,monthly
108,synthetic_user_108@example.com,0,Otro,346.98,expense,2026-01-16,2680.35,monthly
108,synthetic_user_108@example.com,0,Compras,151.79,expense,2026-01-11,2680.35,monthly
108,synthetic_user_108@example.com,0,Gastos generales,357.38,expense,2026-01-15,2680.35,monthly
108,synthetic_user_108@example.com,0,Ingreso adicional,50.82,expense,2026-01-12,2680.35,monthly
108,synthetic_user_108@example.com,0,Ingreso Base,2844.63,income,2026-02-06,2680.35,monthly
108,synthetic_user_108@example.com,0,Inversion,453.8,investment,2026-02-11,2680.35,monthly
108,synthetic_user_108@example.com,0,Ingreso adicional,372.93,expense,2026-02-24,2680.35,monthly
108,synthetic_user_108@example.com,0,Otro,112.77,expense,2026-02-14,2680.35,monthly
108,synthetic_user_108@example.com,0,Otro,195.78,expense,2026-02-25,2680.35,monthly
108,synthetic_user_108@example.com,0,rappi,85.71,expense,2026-02-07,2680.35,monthly
108,synthetic_user_108@example.com,0,Transporte,180.59,expense,2026-02-27,2680.35,monthly
108,synthetic_user_108@example.com,0,Salud,246.5,expense,2026-02-05,2680.35,monthly
108,synthetic_user_108@example.com,0,Salud,178.31,expense,2026-02-27,2680.35,monthly
108,synthetic_user_108@example.com,0,Otro,278.25,expense,2026-02-27,2680.35,monthly
108,synthetic_user_108@example.com,0,rappi,349.0,expense,2026-02-16,2680.35,monthly
108,synthetic_user_108@example.com,0,Gastos generales,274.7,expense,2026-02-11,2680.35,monthly
108,synthetic_user_108@example.com,0,Transporte,242.26,expense,2026-02-20,2680.35,monthly
108,synthetic_user_108@example.com,0,Salud,259.95,expense,2026-02-12,2680.35,monthly
108,synthetic_user_108@example.com,0,Ingreso Base,2802.03,income,2026-03-08,2680.35,monthly
108,synthetic_user_108@example.com,0,Inversion,367.5,investment,2026-03-17,2680.35,monthly
108,synthetic_user_108@example.com,0,rappi,134.52,expense,2026-03-07,2680.35,monthly
108,synthetic_user_108@example.com,0,rappi,128.38,expense,2026-03-27,2680.35,monthly
108,synthetic_user_108@example.com,0,Salud,118.19,expense,2026-03-13,2680.35,monthly
108,synthetic_user_108@example.com,0,Transporte,49.87,expense,2026-03-18,2680.35,monthly
108,synthetic_user_108@example.com,0,Salud,170.7,expense,2026-03-13,2680.35,monthly
108,synthetic_user_108@example.com,0,Salud,148.86,expense,2026-03-02,2680.35,monthly
108,synthetic_user_108@example.com,0,Servicios,126.11,expense,2026-03-04,2680.35,monthly
108,synthetic_user_108@example.com,0,Ingreso adicional,111.57,expense,2026-03-13,2680.35,monthly
108,synthetic_user_108@example.com,0,Salud,135.6,expense,2026-03-16,2680.35,monthly
108,synthetic_user_108@example.com,0,Salud,93.16,expense,2026-03-01,2680.35,monthly
108,synthetic_user_108@example.com,0,Salud,120.02,expense,2026-03-06,2680.35,monthly
108,synthetic_user_108@example.com,0,Gastos generales,179.58,expense,2026-03-09,2680.35,monthly
108,synthetic_user_108@example.com,0,Transporte,248.06,expense,2026-03-16,2680.35,monthly
108,synthetic_user_108@example.com,0,Gastos generales,135.01,expense,2026-03-24,2680.35,monthly
108,synthetic_user_108@example.com,0,Transporte,169.4,expense,2026-03-14,2680.35,monthly
108,synthetic_user_108@example.com,0,Ingresos,133.08,expense,2026-03-18,2680.35,monthly
108,synthetic_user_108@example.com,0,Salud,112.91,expense,2026-03-19,2680.35,monthly
108,synthetic_user_108@example.com,0,Otro,201.71,expense,2026-03-04,2680.35,monthly
108,synthetic_user_108@example.com,0,Ingreso Base,3046.19,income,2026-04-07,2680.35,monthly
108,synthetic_user_108@example.com,0,Inversion,364.94,investment,2026-04-18,2680.35,monthly
108,synthetic_user_108@example.com,0,Suscripciones,503.84,expense,2026-04-15,2680.35,monthly
108,synthetic_user_108@example.com,0,Alimentacion,54.2,expense,2026-04-08,2680.35,monthly
108,synthetic_user_108@example.com,0,Ocio,191.37,expense,2026-04-27,2680.35,monthly
108,synthetic_user_108@example.com,0,Gastos generales,25.73,expense,2026-04-24,2680.35,monthly
108,synthetic_user_108@example.com,0,Transporte,374.02,expense,2026-04-18,2680.35,monthly
108,synthetic_user_108@example.com,0,Ingreso adicional,261.68,expense,2026-04-03,2680.35,monthly
108,synthetic_user_108@example.com,0,Ingreso adicional,287.23,expense,2026-04-12,2680.35,monthly
108,synthetic_user_108@example.com,0,Salud,160.03,expense,2026-04-26,2680.35,monthly
108,synthetic_user_108@example.com,0,rappi,314.25,expense,2026-04-10,2680.35,monthly
109,synthetic_user_109@example.com,0,Ingreso Base,1787.82,income,2025-11-08,1732.13,monthly
109,synthetic_user_109@example.com,0,Inversion,155.25,investment,2025-11-19,1732.13,monthly
109,synthetic_user_109@example.com,0,Educacion,109.64,expense,2025-11-17,1732.13,monthly
109,synthetic_user_109@example.com,0,Salud,78.99,expense,2025-11-23,1732.13,monthly
109,synthetic_user_109@example.com,0,Gastos generales,90.81,expense,2025-11-18,1732.13,monthly
109,synthetic_user_109@example.com,0,Compras,111.84,expense,2025-11-27,1732.13,monthly
109,synthetic_user_109@example.com,0,Suscripciones,98.97,expense,2025-11-04,1732.13,monthly
109,synthetic_user_109@example.com,0,Compras,129.58,expense,2025-11-26,1732.13,monthly
109,synthetic_user_109@example.com,0,Compras,235.15,expense,2025-11-14,1732.13,monthly
109,synthetic_user_109@example.com,0,Vivienda,141.53,expense,2025-11-18,1732.13,monthly
109,synthetic_user_109@example.com,0,Ocio,144.46,expense,2025-11-16,1732.13,monthly
109,synthetic_user_109@example.com,0,Suscripciones,128.99,expense,2025-11-02,1732.13,monthly
109,synthetic_user_109@example.com,0,Ocio,205.3,expense,2025-11-09,1732.13,monthly
109,synthetic_user_109@example.com,0,rappi,74.17,expense,2025-11-02,1732.13,monthly
109,synthetic_user_109@example.com,0,Ingreso Base,1590.49,income,2025-12-08,1732.13,monthly
109,synthetic_user_109@example.com,0,Inversion,109.28,investment,2025-12-13,1732.13,monthly
109,synthetic_user_109@example.com,0,Gastos generales,94.43,expense,2025-12-20,1732.13,monthly
109,synthetic_user_109@example.com,0,Compras,117.57,expense,2025-12-15,1732.13,monthly
109,synthetic_user_109@example.com,0,Servicios,135.77,expense,2025-12-12,1732.13,monthly
109,synthetic_user_109@example.com,0,Compras,127.22,expense,2025-12-08,1732.13,monthly
109,synthetic_user_109@example.com,0,Vivienda,111.49,expense,2025-12-16,1732.13,monthly
109,synthetic_user_109@example.com,0,Salud,109.09,expense,2025-12-17,1732.13,monthly
109,synthetic_user_109@example.com,0,Ocio,89.97,expense,2025-12-13,1732.13,monthly
109,synthetic_user_109@example.com,0,Vivienda,20.31,expense,2025-12-01,1732.13,monthly
109,synthetic_user_109@example.com,0,Suscripciones,92.94,expense,2025-12-22,1732.13,monthly
109,synthetic_user_109@example.com,0,Salud,78.1,expense,2025-12-09,1732.13,monthly
109,synthetic_user_109@example.com,0,Suscripciones,81.19,expense,2025-12-20,1732.13,monthly
109,synthetic_user_109@example.com,0,Ocio,38.89,expense,2025-12-08,1732.13,monthly
109,synthetic_user_109@example.com,0,rappi,144.32,expense,2025-12-24,1732.13,monthly
109,synthetic_user_109@example.com,0,Alimentacion,43.6,expense,2025-12-14,1732.13,monthly
109,synthetic_user_109@example.com,0,Compras,105.73,expense,2025-12-22,1732.13,monthly
109,synthetic_user_109@example.com,0,Ingreso Base,1827.58,income,2026-01-07,1732.13,monthly
109,synthetic_user_109@example.com,0,Inversion,189.32,investment,2026-01-20,1732.13,monthly
109,synthetic_user_109@example.com,0,Ocio,199.59,expense,2026-01-20,1732.13,monthly
109,synthetic_user_109@example.com,0,rappi,71.99,expense,2026-01-08,1732.13,monthly
109,synthetic_user_109@example.com,0,Servicios,93.23,expense,2026-01-08,1732.13,monthly
109,synthetic_user_109@example.com,0,Servicios,178.13,expense,2026-01-17,1732.13,monthly
109,synthetic_user_109@example.com,0,Compras,159.91,expense,2026-01-06,1732.13,monthly
109,synthetic_user_109@example.com,0,Vivienda,138.68,expense,2026-01-17,1732.13,monthly
109,synthetic_user_109@example.com,0,Vivienda,102.71,expense,2026-01-01,1732.13,monthly
109,synthetic_user_109@example.com,0,Alimentacion,108.33,expense,2026-01-19,1732.13,monthly
109,synthetic_user_109@example.com,0,Vivienda,96.41,expense,2026-01-10,1732.13,monthly
109,synthetic_user_109@example.com,0,Alimentacion,67.52,expense,2026-01-13,1732.13,monthly
109,synthetic_user_109@example.com,0,Compras,71.21,expense,2026-01-03,1732.13,monthly
109,synthetic_user_109@example.com,0,Alimentacion,138.5,expense,2026-01-24,1732.13,monthly
109,synthetic_user_109@example.com,0,Salud,106.03,expense,2026-01-11,1732.13,monthly
109,synthetic_user_109@example.com,0,Vivienda,70.15,expense,2026-01-11,1732.13,monthly
109,synthetic_user_109@example.com,0,Alimentacion,129.02,expense,2026-01-23,1732.13,monthly
109,synthetic_user_109@example.com,0,Ingreso Base,2030.02,income,2026-02-06,1732.13,monthly
109,synthetic_user_109@example.com,0,Inversion,191.88,investment,2026-02-18,1732.13,monthly
109,synthetic_user_109@example.com,0,Vivienda,207.92,expense,2026-02-21,1732.13,monthly
109,synthetic_user_109@example.com,0,Vivienda,124.5,expense,2026-02-27,1732.13,monthly
109,synthetic_user_109@example.com,0,Transporte,22.68,expense,2026-02-10,1732.13,monthly
109,synthetic_user_109@example.com,0,Otro,2.0,expense,2026-02-15,1732.13,monthly
109,synthetic_user_109@example.com,0,Suscripciones,197.77,expense,2026-02-15,1732.13,monthly
109,synthetic_user_109@example.com,0,Suscripciones,104.51,expense,2026-02-23,1732.13,monthly
109,synthetic_user_109@example.com,0,Ocio,133.42,expense,2026-02-15,1732.13,monthly
109,synthetic_user_109@example.com,0,Salud,203.44,expense,2026-02-26,1732.13,monthly
109,synthetic_user_109@example.com,0,Ingresos,165.04,expense,2026-02-09,1732.13,monthly
109,synthetic_user_109@example.com,0,Compras,220.62,expense,2026-02-16,1732.13,monthly
109,synthetic_user_109@example.com,0,Servicios,192.06,expense,2026-02-14,1732.13,monthly
109,synthetic_user_109@example.com,0,Ingreso Base,1790.03,income,2026-03-08,1732.13,monthly
109,synthetic_user_109@example.com,0,Inversion,199.39,investment,2026-03-29,1732.13,monthly
109,synthetic_user_109@example.com,0,rappi,109.07,expense,2026-03-09,1732.13,monthly
109,synthetic_user_109@example.com,0,Vivienda,102.45,expense,2026-03-21,1732.13,monthly
109,synthetic_user_109@example.com,0,Ingreso adicional,129.71,expense,2026-03-18,1732.13,monthly
109,synthetic_user_109@example.com,0,Vivienda,71.82,expense,2026-03-10,1732.13,monthly
109,synthetic_user_109@example.com,0,Salud,95.06,expense,2026-03-24,1732.13,monthly
109,synthetic_user_109@example.com,0,Alimentacion,84.43,expense,2026-03-20,1732.13,monthly
109,synthetic_user_109@example.com,0,Ingreso adicional,101.07,expense,2026-03-23,1732.13,monthly
109,synthetic_user_109@example.com,0,Alimentacion,93.96,expense,2026-03-11,1732.13,monthly
109,synthetic_user_109@example.com,0,Suscripciones,128.49,expense,2026-03-04,1732.13,monthly
109,synthetic_user_109@example.com,0,Vivienda,90.99,expense,2026-03-15,1732.13,monthly
109,synthetic_user_109@example.com,0,Vivienda,67.04,expense,2026-03-22,1732.13,monthly
109,synthetic_user_109@example.com,0,Salud,85.0,expense,2026-03-21,1732.13,monthly
109,synthetic_user_109@example.com,0,Alimentacion,115.63,expense,2026-03-25,1732.13,monthly
109,synthetic_user_109@example.com,0,Ocio,58.15,expense,2026-03-06,1732.13,monthly
109,synthetic_user_109@example.com,0,Servicios,43.15,expense,2026-03-05,1732.13,monthly
109,synthetic_user_109@example.com,0,Suscripciones,126.23,expense,2026-03-25,1732.13,monthly
109,synthetic_user_109@example.com,0,Ocio,86.02,expense,2026-03-08,1732.13,monthly
109,synthetic_user_109@example.com,0,Vivienda,73.48,expense,2026-03-07,1732.13,monthly
109,synthetic_user_109@example.com,0,Ingreso Base,1716.06,income,2026-04-07,1732.13,monthly
109,synthetic_user_109@example.com,0,Inversion,200.4,investment,2026-04-25,1732.13,monthly
109,synthetic_user_109@example.com,0,rappi,186.59,expense,2026-04-22,1732.13,monthly
109,synthetic_user_109@example.com,0,Suscripciones,185.51,expense,2026-04-05,1732.13,monthly
109,synthetic_user_109@example.com,0,Compras,84.15,expense,2026-04-08,1732.13,monthly
109,synthetic_user_109@example.com,0,Compras,149.16,expense,2026-04-23,1732.13,monthly
109,synthetic_user_109@example.com,0,Suscripciones,192.02,expense,2026-04-17,1732.13,monthly
109,synthetic_user_109@example.com,0,Gastos generales,235.47,expense,2026-04-26,1732.13,monthly
109,synthetic_user_109@example.com,0,Salud,77.35,expense,2026-04-22,1732.13,monthly
109,synthetic_user_109@example.com,0,Servicios,198.17,expense,2026-04-04,1732.13,monthly
109,synthetic_user_109@example.com,0,Suscripciones,217.17,expense,2026-04-01,1732.13,monthly
109,synthetic_user_109@example.com,0,Vivienda,191.09,expense,2026-04-22,1732.13,monthly
110,synthetic_user_110@example.com,0,Ingreso Base,1859.09,income,2025-11-08,1818.4,monthly
110,synthetic_user_110@example.com,0,Inversion,130.3,investment,2025-12-01,1818.4,monthly
110,synthetic_user_110@example.com,0,Transporte,69.73,expense,2025-11-02,1818.4,monthly
110,synthetic_user_110@example.com,0,Gastos generales,127.02,expense,2025-11-02,1818.4,monthly
110,synthetic_user_110@example.com,0,Servicios,115.46,expense,2025-11-05,1818.4,monthly
110,synthetic_user_110@example.com,0,rappi,96.35,expense,2025-11-20,1818.4,monthly
110,synthetic_user_110@example.com,0,rappi,51.6,expense,2025-11-07,1818.4,monthly
110,synthetic_user_110@example.com,0,Ingresos,98.5,expense,2025-11-17,1818.4,monthly
110,synthetic_user_110@example.com,0,Servicios,45.39,expense,2025-11-18,1818.4,monthly
110,synthetic_user_110@example.com,0,Transporte,86.59,expense,2025-11-25,1818.4,monthly
110,synthetic_user_110@example.com,0,rappi,108.42,expense,2025-11-14,1818.4,monthly
110,synthetic_user_110@example.com,0,Transporte,105.95,expense,2025-11-09,1818.4,monthly
110,synthetic_user_110@example.com,0,rappi,56.33,expense,2025-11-06,1818.4,monthly
110,synthetic_user_110@example.com,0,Transporte,101.22,expense,2025-11-16,1818.4,monthly
110,synthetic_user_110@example.com,0,Servicios,76.06,expense,2025-11-19,1818.4,monthly
110,synthetic_user_110@example.com,0,Educacion,51.2,expense,2025-11-13,1818.4,monthly
110,synthetic_user_110@example.com,0,Compras,106.56,expense,2025-11-15,1818.4,monthly
110,synthetic_user_110@example.com,0,Salud,99.49,expense,2025-11-09,1818.4,monthly
110,synthetic_user_110@example.com,0,Suscripciones,71.63,expense,2025-11-14,1818.4,monthly
110,synthetic_user_110@example.com,0,Ocio,18.24,expense,2025-11-21,1818.4,monthly
110,synthetic_user_110@example.com,0,Ingreso Base,1745.65,income,2025-12-08,1818.4,monthly
110,synthetic_user_110@example.com,0,Inversion,211.14,investment,2025-12-17,1818.4,monthly
110,synthetic_user_110@example.com,0,Salud,37.74,expense,2025-12-01,1818.4,monthly
110,synthetic_user_110@example.com,0,Suscripciones,86.19,expense,2025-12-02,1818.4,monthly
110,synthetic_user_110@example.com,0,rappi,93.85,expense,2025-12-24,1818.4,monthly
110,synthetic_user_110@example.com,0,Alimentacion,78.68,expense,2025-12-11,1818.4,monthly
110,synthetic_user_110@example.com,0,Alimentacion,40.55,expense,2025-12-09,1818.4,monthly
110,synthetic_user_110@example.com,0,rappi,37.92,expense,2025-12-07,1818.4,monthly
110,synthetic_user_110@example.com,0,Suscripciones,90.29,expense,2025-12-25,1818.4,monthly
110,synthetic_user_110@example.com,0,Transporte,56.61,expense,2025-12-14,1818.4,monthly
110,synthetic_user_110@example.com,0,Salud,70.2,expense,2025-12-19,1818.4,monthly
110,synthetic_user_110@example.com,0,Otro,89.95,expense,2025-12-24,1818.4,monthly
110,synthetic_user_110@example.com,0,rappi,65.86,expense,2025-12-15,1818.4,monthly
110,synthetic_user_110@example.com,0,rappi,73.2,expense,2025-12-18,1818.4,monthly
110,synthetic_user_110@example.com,0,rappi,110.84,expense,2025-12-20,1818.4,monthly
110,synthetic_user_110@example.com,0,Servicios,22.41,expense,2025-12-14,1818.4,monthly
110,synthetic_user_110@example.com,0,Gastos generales,52.63,expense,2025-12-15,1818.4,monthly
110,synthetic_user_110@example.com,0,Educacion,92.93,expense,2025-12-26,1818.4,monthly
110,synthetic_user_110@example.com,0,Alimentacion,84.37,expense,2025-12-12,1818.4,monthly
110,synthetic_user_110@example.com,0,Ingreso adicional,41.5,expense,2025-12-18,1818.4,monthly
110,synthetic_user_110@example.com,0,Ingreso Base,1711.77,income,2026-01-07,1818.4,monthly
110,synthetic_user_110@example.com,0,Inversion,272.24,investment,2026-01-23,1818.4,monthly
110,synthetic_user_110@example.com,0,Salud,99.33,expense,2026-01-08,1818.4,monthly
110,synthetic_user_110@example.com,0,rappi,90.55,expense,2026-01-05,1818.4,monthly
110,synthetic_user_110@example.com,0,Suscripciones,79.61,expense,2026-01-02,1818.4,monthly
110,synthetic_user_110@example.com,0,Educacion,143.25,expense,2026-01-06,1818.4,monthly
110,synthetic_user_110@example.com,0,Servicios,104.67,expense,2026-01-18,1818.4,monthly
110,synthetic_user_110@example.com,0,Salud,69.2,expense,2026-01-13,1818.4,monthly
110,synthetic_user_110@example.com,0,Salud,84.86,expense,2026-01-25,1818.4,monthly
110,synthetic_user_110@example.com,0,Transporte,49.46,expense,2026-01-18,1818.4,monthly
110,synthetic_user_110@example.com,0,Ocio,141.31,expense,2026-01-16,1818.4,monthly
110,synthetic_user_110@example.com,0,Transporte,82.51,expense,2026-01-10,1818.4,monthly
110,synthetic_user_110@example.com,0,Salud,98.07,expense,2026-01-13,1818.4,monthly
110,synthetic_user_110@example.com,0,Suscripciones,98.84,expense,2026-01-26,1818.4,monthly
110,synthetic_user_110@example.com,0,Compras,62.51,expense,2026-01-17,1818.4,monthly
110,synthetic_user_110@example.com,0,Ingreso Base,1662.53,income,2026-02-06,1818.4,monthly
110,synthetic_user_110@example.com,0,Inversion,226.5,investment,2026-02-26,1818.4,monthly
110,synthetic_user_110@example.com,0,Salud,100.54,expense,2026-02-12,1818.4,monthly
110,synthetic_user_110@example.com,0,Salud,101.25,expense,2026-02-24,1818.4,monthly
110,synthetic_user_110@example.com,0,rappi,59.64,expense,2026-02-08,1818.4,monthly
110,synthetic_user_110@example.com,0,Servicios,57.87,expense,2026-02-11,1818.4,monthly
110,synthetic_user_110@example.com,0,Ocio,115.5,expense,2026-02-18,1818.4,monthly
110,synthetic_user_110@example.com,0,Educacion,82.55,expense,2026-02-20,1818.4,monthly
110,synthetic_user_110@example.com,0,rappi,62.3,expense,2026-02-10,1818.4,monthly
110,synthetic_user_110@example.com,0,Gastos generales,94.74,expense,2026-02-16,1818.4,monthly
110,synthetic_user_110@example.com,0,Ingreso adicional,52.31,expense,2026-02-24,1818.4,monthly
110,synthetic_user_110@example.com,0,Educacion,100.61,expense,2026-02-24,1818.4,monthly
110,synthetic_user_110@example.com,0,Transporte,131.88,expense,2026-02-08,1818.4,monthly
110,synthetic_user_110@example.com,0,Ocio,69.49,expense,2026-02-11,1818.4,monthly
110,synthetic_user_110@example.com,0,Transporte,51.34,expense,2026-02-23,1818.4,monthly
110,synthetic_user_110@example.com,0,Ingreso adicional,86.29,expense,2026-02-05,1818.4,monthly
110,synthetic_user_110@example.com,0,Transporte,54.75,expense,2026-02-12,1818.4,monthly
110,synthetic_user_110@example.com,0,Salud,101.79,expense,2026-02-07,1818.4,monthly
110,synthetic_user_110@example.com,0,Ingreso Base,1916.36,income,2026-03-08,1818.4,monthly
110,synthetic_user_110@example.com,0,Inversion,252.29,investment,2026-03-12,1818.4,monthly
110,synthetic_user_110@example.com,0,Gastos generales,127.64,expense,2026-03-05,1818.4,monthly
110,synthetic_user_110@example.com,0,Educacion,91.45,expense,2026-03-19,1818.4,monthly
110,synthetic_user_110@example.com,0,Servicios,142.97,expense,2026-03-27,1818.4,monthly
110,synthetic_user_110@example.com,0,Ingresos,174.9,expense,2026-03-23,1818.4,monthly
110,synthetic_user_110@example.com,0,Ingreso adicional,230.82,expense,2026-03-17,1818.4,monthly
110,synthetic_user_110@example.com,0,Alimentacion,96.0,expense,2026-03-06,1818.4,monthly
110,synthetic_user_110@example.com,0,Servicios,148.95,expense,2026-03-27,1818.4,monthly
110,synthetic_user_110@example.com,0,Salud,78.2,expense,2026-03-09,1818.4,monthly
110,synthetic_user_110@example.com,0,Alimentacion,218.31,expense,2026-03-21,1818.4,monthly
110,synthetic_user_110@example.com,0,Servicios,95.83,expense,2026-03-04,1818.4,monthly
110,synthetic_user_110@example.com,0,Ingreso Base,1889.85,income,2026-04-07,1818.4,monthly
110,synthetic_user_110@example.com,0,Inversion,243.16,investment,2026-04-29,1818.4,monthly
110,synthetic_user_110@example.com,0,Gastos generales,98.57,expense,2026-04-20,1818.4,monthly
110,synthetic_user_110@example.com,0,Suscripciones,92.0,expense,2026-04-18,1818.4,monthly
110,synthetic_user_110@example.com,0,Educacion,52.69,expense,2026-04-27,1818.4,monthly
110,synthetic_user_110@example.com,0,Educacion,60.33,expense,2026-04-05,1818.4,monthly
110,synthetic_user_110@example.com,0,rappi,36.8,expense,2026-04-17,1818.4,monthly
110,synthetic_user_110@example.com,0,Suscripciones,93.55,expense,2026-04-27,1818.4,monthly
110,synthetic_user_110@example.com,0,Otro,110.1,expense,2026-04-05,1818.4,monthly
110,synthetic_user_110@example.com,0,Otro,65.39,expense,2026-04-15,1818.4,monthly
110,synthetic_user_110@example.com,0,rappi,47.95,expense,2026-04-06,1818.4,monthly
110,synthetic_user_110@example.com,0,Alimentacion,58.29,expense,2026-04-18,1818.4,monthly
110,synthetic_user_110@example.com,0,Servicios,69.97,expense,2026-04-02,1818.4,monthly
110,synthetic_user_110@example.com,0,rappi,87.37,expense,2026-04-19,1818.4,monthly
110,synthetic_user_110@example.com,0,Salud,109.48,expense,2026-04-13,1818.4,monthly
110,synthetic_user_110@example.com,0,Suscripciones,65.12,expense,2026-04-24,1818.4,monthly
110,synthetic_user_110@example.com,0,Suscripciones,64.69,expense,2026-04-22,1818.4,monthly
110,synthetic_user_110@example.com,0,Suscripciones,47.42,expense,2026-04-05,1818.4,monthly
110,synthetic_user_110@example.com,0,Salud,60.1,expense,2026-04-10,1818.4,monthly
110,synthetic_user_110@example.com,0,Suscripciones,88.55,expense,2026-04-24,1818.4,monthly
110,synthetic_user_110@example.com,0,Gastos generales,66.4,expense,2026-04-13,1818.4,monthly
111,synthetic_user_111@example.com,0,Ingreso Base,1682.62,income,2025-11-08,1603.45,monthly
111,synthetic_user_111@example.com,0,Inversion,143.58,investment,2025-11-28,1603.45,monthly
111,synthetic_user_111@example.com,0,Alimentacion,73.32,expense,2025-11-19,1603.45,monthly
111,synthetic_user_111@example.com,0,Ocio,80.05,expense,2025-11-11,1603.45,monthly
111,synthetic_user_111@example.com,0,Salud,139.78,expense,2025-11-05,1603.45,monthly
111,synthetic_user_111@example.com,0,Alimentacion,135.51,expense,2025-11-07,1603.45,monthly
111,synthetic_user_111@example.com,0,Otro,157.74,expense,2025-11-25,1603.45,monthly
111,synthetic_user_111@example.com,0,Otro,113.97,expense,2025-11-04,1603.45,monthly
111,synthetic_user_111@example.com,0,rappi,57.5,expense,2025-11-27,1603.45,monthly
111,synthetic_user_111@example.com,0,Salud,115.19,expense,2025-11-12,1603.45,monthly
111,synthetic_user_111@example.com,0,Salud,99.91,expense,2025-11-15,1603.45,monthly
111,synthetic_user_111@example.com,0,Alimentacion,66.43,expense,2025-11-27,1603.45,monthly
111,synthetic_user_111@example.com,0,Transporte,108.99,expense,2025-11-27,1603.45,monthly
111,synthetic_user_111@example.com,0,Ingresos,136.58,expense,2025-11-16,1603.45,monthly
111,synthetic_user_111@example.com,0,Ingreso Base,1589.57,income,2025-12-08,1603.45,monthly
111,synthetic_user_111@example.com,0,Inversion,106.32,investment,2025-12-31,1603.45,monthly
111,synthetic_user_111@example.com,0,Salud,162.07,expense,2025-12-13,1603.45,monthly
111,synthetic_user_111@example.com,0,Ingresos,264.6,expense,2025-12-09,1603.45,monthly
111,synthetic_user_111@example.com,0,Salud,81.66,expense,2025-12-10,1603.45,monthly
111,synthetic_user_111@example.com,0,Salud,146.94,expense,2025-12-22,1603.45,monthly
111,synthetic_user_111@example.com,0,Ingreso adicional,128.41,expense,2025-12-09,1603.45,monthly
111,synthetic_user_111@example.com,0,Salud,147.33,expense,2025-12-18,1603.45,monthly
111,synthetic_user_111@example.com,0,Transporte,147.52,expense,2025-12-26,1603.45,monthly
111,synthetic_user_111@example.com,0,Alimentacion,89.85,expense,2025-12-08,1603.45,monthly
111,synthetic_user_111@example.com,0,Ingreso Base,1736.05,income,2026-01-07,1603.45,monthly
111,synthetic_user_111@example.com,0,Inversion,149.58,investment,2026-01-17,1603.45,monthly
111,synthetic_user_111@example.com,0,Salud,80.76,expense,2026-01-06,1603.45,monthly
111,synthetic_user_111@example.com,0,Educacion,75.91,expense,2026-01-03,1603.45,monthly
111,synthetic_user_111@example.com,0,Alimentacion,66.64,expense,2026-01-04,1603.45,monthly
111,synthetic_user_111@example.com,0,Transporte,89.07,expense,2026-01-01,1603.45,monthly
111,synthetic_user_111@example.com,0,Salud,72.21,expense,2026-01-23,1603.45,monthly
111,synthetic_user_111@example.com,0,Ocio,99.62,expense,2026-01-02,1603.45,monthly
111,synthetic_user_111@example.com,0,Ingresos,64.65,expense,2026-01-23,1603.45,monthly
111,synthetic_user_111@example.com,0,Vivienda,80.09,expense,2026-01-10,1603.45,monthly
111,synthetic_user_111@example.com,0,Alimentacion,75.53,expense,2026-01-16,1603.45,monthly
111,synthetic_user_111@example.com,0,Salud,69.47,expense,2026-01-25,1603.45,monthly
111,synthetic_user_111@example.com,0,Vivienda,74.83,expense,2026-01-23,1603.45,monthly
111,synthetic_user_111@example.com,0,Salud,39.6,expense,2026-01-10,1603.45,monthly
111,synthetic_user_111@example.com,0,Salud,67.26,expense,2026-01-04,1603.45,monthly
111,synthetic_user_111@example.com,0,Alimentacion,55.34,expense,2026-01-09,1603.45,monthly
111,synthetic_user_111@example.com,0,Salud,65.88,expense,2026-01-21,1603.45,monthly
111,synthetic_user_111@example.com,0,Transporte,79.38,expense,2026-01-22,1603.45,monthly
111,synthetic_user_111@example.com,0,Salud,48.43,expense,2026-01-15,1603.45,monthly
111,synthetic_user_111@example.com,0,Alimentacion,86.88,expense,2026-01-03,1603.45,monthly
111,synthetic_user_111@example.com,0,Transporte,102.65,expense,2026-01-24,1603.45,monthly
111,synthetic_user_111@example.com,0,Ingreso Base,1536.78,income,2026-02-06,1603.45,monthly
111,synthetic_user_111@example.com,0,Inversion,126.63,investment,2026-02-10,1603.45,monthly
111,synthetic_user_111@example.com,0,Salud,93.12,expense,2026-02-16,1603.45,monthly
111,synthetic_user_111@example.com,0,Ocio,236.92,expense,2026-02-26,1603.45,monthly
111,synthetic_user_111@example.com,0,Salud,191.49,expense,2026-02-12,1603.45,monthly
111,synthetic_user_111@example.com,0,Alimentacion,138.88,expense,2026-02-07,1603.45,monthly
111,synthetic_user_111@example.com,0,Salud,256.45,expense,2026-02-24,1603.45,monthly
111,synthetic_user_111@example.com,0,Gastos generales,109.35,expense,2026-02-11,1603.45,monthly
111,synthetic_user_111@example.com,0,Compras,158.76,expense,2026-02-27,1603.45,monthly
111,synthetic_user_111@example.com,0,Otro,158.41,expense,2026-02-05,1603.45,monthly
111,synthetic_user_111@example.com,0,Alimentacion,106.98,expense,2026-02-11,1603.45,monthly
111,synthetic_user_111@example.com,0,Ingreso Base,1657.81,income,2026-03-08,1603.45,monthly
111,synthetic_user_111@example.com,0,Inversion,159.18,investment,2026-04-01,1603.45,monthly
111,synthetic_user_111@example.com,0,Transporte,58.09,expense,2026-03-15,1603.45,monthly
111,synthetic_user_111@example.com,0,Ingresos,100.61,expense,2026-03-24,1603.45,monthly
111,synthetic_user_111@example.com,0,Suscripciones,97.23,expense,2026-03-17,1603.45,monthly
111,synthetic_user_111@example.com,0,Otro,92.09,expense,2026-03-10,1603.45,monthly
111,synthetic_user_111@example.com,0,rappi,47.88,expense,2026-03-07,1603.45,monthly
111,synthetic_user_111@example.com,0,Salud,121.18,expense,2026-03-02,1603.45,monthly
111,synthetic_user_111@example.com,0,Compras,71.85,expense,2026-03-04,1603.45,monthly
111,synthetic_user_111@example.com,0,Salud,69.69,expense,2026-03-27,1603.45,monthly
111,synthetic_user_111@example.com,0,rappi,149.47,expense,2026-03-25,1603.45,monthly
111,synthetic_user_111@example.com,0,Ingresos,101.89,expense,2026-03-18,1603.45,monthly
111,synthetic_user_111@example.com,0,Salud,52.37,expense,2026-03-02,1603.45,monthly
111,synthetic_user_111@example.com,0,Compras,145.25,expense,2026-03-17,1603.45,monthly
111,synthetic_user_111@example.com,0,Salud,81.32,expense,2026-03-25,1603.45,monthly
111,synthetic_user_111@example.com,0,Ingresos,49.0,expense,2026-03-21,1603.45,monthly
111,synthetic_user_111@example.com,0,Compras,62.22,expense,2026-03-07,1603.45,monthly
111,synthetic_user_111@example.com,0,Alimentacion,90.84,expense,2026-03-16,1603.45,monthly
111,synthetic_user_111@example.com,0,Ingreso Base,1507.16,income,2026-04-07,1603.45,monthly
111,synthetic_user_111@example.com,0,Inversion,92.86,investment,2026-04-30,1603.45,monthly
111,synthetic_user_111@example.com,0,Educacion,89.0,expense,2026-04-08,1603.45,monthly
111,synthetic_user_111@example.com,0,Salud,60.34,expense,2026-04-23,1603.45,monthly
111,synthetic_user_111@example.com,0,Vivienda,63.33,expense,2026-04-23,1603.45,monthly
111,synthetic_user_111@example.com,0,rappi,112.47,expense,2026-04-08,1603.45,monthly
111,synthetic_user_111@example.com,0,Alimentacion,21.08,expense,2026-04-17,1603.45,monthly
111,synthetic_user_111@example.com,0,Vivienda,52.77,expense,2026-04-13,1603.45,monthly
111,synthetic_user_111@example.com,0,Suscripciones,55.53,expense,2026-04-11,1603.45,monthly
111,synthetic_user_111@example.com,0,Alimentacion,62.21,expense,2026-04-22,1603.45,monthly
111,synthetic_user_111@example.com,0,Vivienda,103.09,expense,2026-04-02,1603.45,monthly
111,synthetic_user_111@example.com,0,Transporte,45.06,expense,2026-04-19,1603.45,monthly
111,synthetic_user_111@example.com,0,Otro,33.37,expense,2026-04-27,1603.45,monthly
111,synthetic_user_111@example.com,0,Alimentacion,64.51,expense,2026-04-03,1603.45,monthly
111,synthetic_user_111@example.com,0,Transporte,46.16,expense,2026-04-07,1603.45,monthly
111,synthetic_user_111@example.com,0,Alimentacion,98.57,expense,2026-04-18,1603.45,monthly
111,synthetic_user_111@example.com,0,Educacion,91.45,expense,2026-04-02,1603.45,monthly
111,synthetic_user_111@example.com,0,Alimentacion,76.59,expense,2026-04-12,1603.45,monthly
111,synthetic_user_111@example.com,0,Compras,79.19,expense,2026-04-25,1603.45,monthly
111,synthetic_user_111@example.com,0,Servicios,91.15,expense,2026-04-26,1603.45,monthly
112,synthetic_user_112@example.com,0,Ingreso Base,702.78,income,2025-11-08,674.43,monthly
112,synthetic_user_112@example.com,0,Inversion,61.72,investment,2025-11-25,674.43,monthly
112,synthetic_user_112@example.com,0,Ingresos,38.91,expense,2025-11-08,674.43,monthly
112,synthetic_user_112@example.com,0,Gastos generales,34.1,expense,2025-11-13,674.43,monthly
112,synthetic_user_112@example.com,0,Transporte,18.5,expense,2025-11-15,674.43,monthly
112,synthetic_user_112@example.com,0,Suscripciones,25.12,expense,2025-11-20,674.43,monthly
112,synthetic_user_112@example.com,0,Ingresos,32.25,expense,2025-11-01,674.43,monthly
112,synthetic_user_112@example.com,0,Transporte,21.8,expense,2025-11-24,674.43,monthly
112,synthetic_user_112@example.com,0,rappi,31.21,expense,2025-11-25,674.43,monthly
112,synthetic_user_112@example.com,0,Transporte,38.02,expense,2025-11-22,674.43,monthly
112,synthetic_user_112@example.com,0,Otro,50.6,expense,2025-11-26,674.43,monthly
112,synthetic_user_112@example.com,0,Compras,32.66,expense,2025-11-23,674.43,monthly
112,synthetic_user_112@example.com,0,Gastos generales,27.92,expense,2025-11-19,674.43,monthly
112,synthetic_user_112@example.com,0,Suscripciones,32.09,expense,2025-11-07,674.43,monthly
112,synthetic_user_112@example.com,0,Ingresos,15.35,expense,2025-11-13,674.43,monthly
112,synthetic_user_112@example.com,0,Transporte,28.89,expense,2025-11-17,674.43,monthly
112,synthetic_user_112@example.com,0,Servicios,13.68,expense,2025-11-10,674.43,monthly
112,synthetic_user_112@example.com,0,Ocio,28.4,expense,2025-11-07,674.43,monthly
112,synthetic_user_112@example.com,0,Ingresos,29.33,expense,2025-11-14,674.43,monthly
112,synthetic_user_112@example.com,0,Servicios,32.23,expense,2025-11-07,674.43,monthly
112,synthetic_user_112@example.com,0,Ingreso Base,842.28,income,2025-12-08,674.43,monthly
112,synthetic_user_112@example.com,0,Inversion,89.3,investment,2025-12-11,674.43,monthly
112,synthetic_user_112@example.com,0,Salud,46.15,expense,2025-12-09,674.43,monthly
112,synthetic_user_112@example.com,0,Alimentacion,38.61,expense,2025-12-10,674.43,monthly
112,synthetic_user_112@example.com,0,Ingresos,35.04,expense,2025-12-16,674.43,monthly
112,synthetic_user_112@example.com,0,Suscripciones,42.17,expense,2025-12-14,674.43,monthly
112,synthetic_user_112@example.com,0,Ingresos,42.1,expense,2025-12-20,674.43,monthly
112,synthetic_user_112@example.com,0,Suscripciones,55.8,expense,2025-12-09,674.43,monthly
112,synthetic_user_112@example.com,0,Suscripciones,11.57,expense,2025-12-09,674.43,monthly
112,synthetic_user_112@example.com,0,Vivienda,38.05,expense,2025-12-23,674.43,monthly
112,synthetic_user_112@example.com,0,Ingresos,51.69,expense,2025-12-17,674.43,monthly
112,synthetic_user_112@example.com,0,Ingresos,32.28,expense,2025-12-21,674.43,monthly
112,synthetic_user_112@example.com,0,Gastos generales,24.39,expense,2025-12-16,674.43,monthly
112,synthetic_user_112@example.com,0,Ingresos,32.63,expense,2025-12-09,674.43,monthly
112,synthetic_user_112@example.com,0,Salud,42.47,expense,2025-12-25,674.43,monthly
112,synthetic_user_112@example.com,0,Ocio,18.2,expense,2025-12-23,674.43,monthly
112,synthetic_user_112@example.com,0,Alimentacion,25.64,expense,2025-12-16,674.43,monthly
112,synthetic_user_112@example.com,0,Suscripciones,27.07,expense,2025-12-27,674.43,monthly
112,synthetic_user_112@example.com,0,Transporte,40.47,expense,2025-12-19,674.43,monthly
112,synthetic_user_112@example.com,0,Salud,33.76,expense,2025-12-20,674.43,monthly
112,synthetic_user_112@example.com,0,Ingresos,42.04,expense,2025-12-08,674.43,monthly
112,synthetic_user_112@example.com,0,Ingreso Base,570.65,income,2026-01-07,674.43,monthly
112,synthetic_user_112@example.com,0,Inversion,64.09,investment,2026-01-14,674.43,monthly
112,synthetic_user_112@example.com,0,Compras,13.01,expense,2026-01-07,674.43,monthly
112,synthetic_user_112@example.com,0,Suscripciones,34.22,expense,2026-01-16,674.43,monthly
112,synthetic_user_112@example.com,0,Ingresos,33.71,expense,2026-01-06,674.43,monthly
112,synthetic_user_112@example.com,0,Ocio,29.43,expense,2026-01-17,674.43,monthly
112,synthetic_user_112@example.com,0,Transporte,19.99,expense,2026-01-08,674.43,monthly
112,synthetic_user_112@example.com,0,Ocio,23.12,expense,2026-01-15,674.43,monthly
112,synthetic_user_112@example.com,0,Suscripciones,32.72,expense,2026-01-27,674.43,monthly
112,synthetic_user_112@example.com,0,Transporte,16.25,expense,2026-01-20,674.43,monthly
112,synthetic_user_112@example.com,0,Suscripciones,19.65,expense,2026-01-24,674.43,monthly
112,synthetic_user_112@example.com,0,Gastos generales,26.69,expense,2026-01-27,674.43,monthly
112,synthetic_user_112@example.com,0,rappi,18.72,expense,2026-01-21,674.43,monthly
112,synthetic_user_112@example.com,0,Ocio,59.79,expense,2026-01-27,674.43,monthly
112,synthetic_user_112@example.com,0,Salud,35.24,expense,2026-01-09,674.43,monthly
112,synthetic_user_112@example.com,0,Alimentacion,58.09,expense,2026-01-25,674.43,monthly
112,synthetic_user_112@example.com,0,Gastos generales,33.24,expense,2026-01-19,674.43,monthly
112,synthetic_user_112@example.com,0,Suscripciones,20.18,expense,2026-01-15,674.43,monthly
112,synthetic_user_112@example.com,0,Ingreso Base,661.18,income,2026-02-06,674.43,monthly
112,synthetic_user_112@example.com,0,Inversion,84.14,investment,2026-02-13,674.43,monthly
112,synthetic_user_112@example.com,0,Alimentacion,50.47,expense,2026-02-04,674.43,monthly
112,synthetic_user_112@example.com,0,Transporte,65.1,expense,2026-02-23,674.43,monthly
112,synthetic_user_112@example.com,0,Transporte,82.02,expense,2026-02-19,674.43,monthly
112,synthetic_user_112@example.com,0,Gastos generales,54.69,expense,2026-02-05,674.43,monthly
112,synthetic_user_112@example.com,0,Servicios,41.88,expense,2026-02-19,674.43,monthly
112,synthetic_user_112@example.com,0,Ingresos,58.21,expense,2026-02-12,674.43,monthly
112,synthetic_user_112@example.com,0,Gastos generales,63.33,expense,2026-02-14,674.43,monthly
112,synthetic_user_112@example.com,0,rappi,55.85,expense,2026-02-16,674.43,monthly
112,synthetic_user_112@example.com,0,Vivienda,18.29,expense,2026-02-26,674.43,monthly
112,synthetic_user_112@example.com,0,Gastos generales,69.64,expense,2026-02-26,674.43,monthly
112,synthetic_user_112@example.com,0,Ingreso Base,749.54,income,2026-03-08,674.43,monthly
112,synthetic_user_112@example.com,0,Inversion,89.28,investment,2026-03-24,674.43,monthly
112,synthetic_user_112@example.com,0,Suscripciones,28.06,expense,2026-03-16,674.43,monthly
112,synthetic_user_112@example.com,0,Vivienda,45.45,expense,2026-03-08,674.43,monthly
112,synthetic_user_112@example.com,0,Ingresos,38.74,expense,2026-03-21,674.43,monthly
112,synthetic_user_112@example.com,0,Compras,63.87,expense,2026-03-23,674.43,monthly
112,synthetic_user_112@example.com,0,Gastos generales,31.38,expense,2026-03-11,674.43,monthly
112,synthetic_user_112@example.com,0,Vivienda,23.91,expense,2026-03-03,674.43,monthly
112,synthetic_user_112@example.com,0,Ingresos,19.82,expense,2026-03-01,674.43,monthly
112,synthetic_user_112@example.com,0,Alimentacion,37.28,expense,2026-03-17,674.43,monthly
112,synthetic_user_112@example.com,0,Ingresos,2.09,expense,2026-03-09,674.43,monthly
112,synthetic_user_112@example.com,0,Suscripciones,7.53,expense,2026-03-02,674.43,monthly
112,synthetic_user_112@example.com,0,Compras,17.95,expense,2026-03-15,674.43,monthly
112,synthetic_user_112@example.com,0,Suscripciones,41.4,expense,2026-03-03,674.43,monthly
112,synthetic_user_112@example.com,0,Compras,40.79,expense,2026-03-20,674.43,monthly
112,synthetic_user_112@example.com,0,Suscripciones,16.32,expense,2026-03-13,674.43,monthly
112,synthetic_user_112@example.com,0,Ingresos,41.85,expense,2026-03-12,674.43,monthly
112,synthetic_user_112@example.com,0,rappi,26.89,expense,2026-03-06,674.43,monthly
112,synthetic_user_112@example.com,0,Gastos generales,24.1,expense,2026-03-11,674.43,monthly
112,synthetic_user_112@example.com,0,Ingreso Base,685.08,income,2026-04-07,674.43,monthly
112,synthetic_user_112@example.com,0,Inversion,85.78,investment,2026-04-15,674.43,monthly
112,synthetic_user_112@example.com,0,Transporte,34.02,expense,2026-04-15,674.43,monthly
112,synthetic_user_112@example.com,0,Ingreso adicional,31.18,expense,2026-04-27,674.43,monthly
112,synthetic_user_112@example.com,0,Ingresos,37.95,expense,2026-04-09,674.43,monthly
112,synthetic_user_112@example.com,0,Educacion,21.3,expense,2026-04-11,674.43,monthly
112,synthetic_user_112@example.com,0,Servicios,27.17,expense,2026-04-27,674.43,monthly
112,synthetic_user_112@example.com,0,Gastos generales,40.63,expense,2026-04-21,674.43,monthly
112,synthetic_user_112@example.com,0,rappi,27.93,expense,2026-04-26,674.43,monthly
112,synthetic_user_112@example.com,0,Ingresos,19.1,expense,2026-04-08,674.43,monthly
112,synthetic_user_112@example.com,0,Suscripciones,11.88,expense,2026-04-16,674.43,monthly
112,synthetic_user_112@example.com,0,Alimentacion,28.84,expense,2026-04-15,674.43,monthly
112,synthetic_user_112@example.com,0,Ingresos,33.5,expense,2026-04-21,674.43,monthly
112,synthetic_user_112@example.com,0,Vivienda,22.7,expense,2026-04-11,674.43,monthly
112,synthetic_user_112@example.com,0,Otro,19.07,expense,2026-04-14,674.43,monthly
112,synthetic_user_112@example.com,0,Ocio,24.18,expense,2026-04-01,674.43,monthly
112,synthetic_user_112@example.com,0,Gastos generales,36.37,expense,2026-04-18,674.43,monthly
112,synthetic_user_112@example.com,0,Educacion,25.27,expense,2026-04-17,674.43,monthly
112,synthetic_user_112@example.com,0,Gastos generales,41.12,expense,2026-04-24,674.43,monthly
112,synthetic_user_112@example.com,0,Suscripciones,29.35,expense,2026-04-16,674.43,monthly
112,synthetic_user_112@example.com,0,Otro,40.02,expense,2026-04-11,674.43,monthly
113,synthetic_user_113@example.com,0,Ingreso Base,764.96,income,2025-11-08,772.83,monthly
113,synthetic_user_113@example.com,0,Inversion,72.27,investment,2025-11-17,772.83,monthly
113,synthetic_user_113@example.com,0,Otro,39.96,expense,2025-11-07,772.83,monthly
113,synthetic_user_113@example.com,0,Servicios,36.7,expense,2025-11-17,772.83,monthly
113,synthetic_user_113@example.com,0,Otro,77.82,expense,2025-11-25,772.83,monthly
113,synthetic_user_113@example.com,0,Alimentacion,11.37,expense,2025-11-05,772.83,monthly
113,synthetic_user_113@example.com,0,Transporte,32.23,expense,2025-11-22,772.83,monthly
113,synthetic_user_113@example.com,0,Salud,35.64,expense,2025-11-08,772.83,monthly
113,synthetic_user_113@example.com,0,Educacion,26.47,expense,2025-11-05,772.83,monthly
113,synthetic_user_113@example.com,0,Otro,49.15,expense,2025-11-12,772.83,monthly
113,synthetic_user_113@example.com,0,Suscripciones,30.5,expense,2025-11-08,772.83,monthly
113,synthetic_user_113@example.com,0,Vivienda,75.91,expense,2025-11-17,772.83,monthly
113,synthetic_user_113@example.com,0,Ingresos,50.62,expense,2025-11-17,772.83,monthly
113,synthetic_user_113@example.com,0,Vivienda,49.99,expense,2025-11-25,772.83,monthly
113,synthetic_user_113@example.com,0,Alimentacion,77.71,expense,2025-11-03,772.83,monthly
113,synthetic_user_113@example.com,0,Ingreso Base,810.76,income,2025-12-08,772.83,monthly
113,synthetic_user_113@example.com,0,Inversion,93.02,investment,2025-12-15,772.83,monthly
113,synthetic_user_113@example.com,0,Vivienda,72.53,expense,2025-12-04,772.83,monthly
113,synthetic_user_113@example.com,0,Salud,66.74,expense,2025-12-13,772.83,monthly
113,synthetic_user_113@example.com,0,Otro,62.05,expense,2025-12-06,772.83,monthly
113,synthetic_user_113@example.com,0,Transporte,86.81,expense,2025-12-16,772.83,monthly
113,synthetic_user_113@example.com,0,Gastos generales,87.18,expense,2025-12-21,772.83,monthly
113,synthetic_user_113@example.com,0,Educacion,108.77,expense,2025-12-15,772.83,monthly
113,synthetic_user_113@example.com,0,Otro,45.39,expense,2025-12-21,772.83,monthly
113,synthetic_user_113@example.com,0,Compras,68.09,expense,2025-12-24,772.83,monthly
113,synthetic_user_113@example.com,0,Ingreso Base,702.42,income,2026-01-07,772.83,monthly
113,synthetic_user_113@example.com,0,Inversion,54.58,investment,2026-01-26,772.83,monthly
113,synthetic_user_113@example.com,0,Transporte,30.28,expense,2026-01-16,772.83,monthly
113,synthetic_user_113@example.com,0,Transporte,44.44,expense,2026-01-06,772.83,monthly
113,synthetic_user_113@example.com,0,Otro,33.4,expense,2026-01-13,772.83,monthly
113,synthetic_user_113@example.com,0,Otro,56.12,expense,2026-01-23,772.83,monthly
113,synthetic_user_113@example.com,0,Compras,23.88,expense,2026-01-02,772.83,monthly
113,synthetic_user_113@example.com,0,Otro,75.86,expense,2026-01-06,772.83,monthly
113,synthetic_user_113@example.com,0,Transporte,31.84,expense,2026-01-03,772.83,monthly
113,synthetic_user_113@example.com,0,Transporte,39.62,expense,2026-01-02,772.83,monthly
113,synthetic_user_113@example.com,0,Gastos generales,50.57,expense,2026-01-24,772.83,monthly
113,synthetic_user_113@example.com,0,Ingresos,31.03,expense,2026-01-19,772.83,monthly
113,synthetic_user_113@example.com,0,Transporte,7.27,expense,2026-01-04,772.83,monthly
113,synthetic_user_113@example.com,0,Ingresos,39.15,expense,2026-01-20,772.83,monthly
113,synthetic_user_113@example.com,0,Transporte,39.09,expense,2026-01-23,772.83,monthly
113,synthetic_user_113@example.com,0,Transporte,36.32,expense,2026-01-18,772.83,monthly
113,synthetic_user_113@example.com,0,Ingresos,31.38,expense,2026-01-12,772.83,monthly
113,synthetic_user_113@example.com,0,Ingreso Base,742.61,income,2026-02-06,772.83,monthly
113,synthetic_user_113@example.com,0,Inversion,47.57,investment,2026-02-22,772.83,monthly
113,synthetic_user_113@example.com,0,Vivienda,38.93,expense,2026-02-03,772.83,monthly
113,synthetic_user_113@example.com,0,Educacion,39.24,expense,2026-02-17,772.83,monthly
113,synthetic_user_113@example.com,0,Vivienda,72.93,expense,2026-02-18,772.83,monthly
113,synthetic_user_113@example.com,0,Ingresos,47.98,expense,2026-02-18,772.83,monthly
113,synthetic_user_113@example.com,0,Salud,13.03,expense,2026-02-26,772.83,monthly
113,synthetic_user_113@example.com,0,rappi,28.13,expense,2026-02-13,772.83,monthly
113,synthetic_user_113@example.com,0,Ocio,43.94,expense,2026-02-16,772.83,monthly
113,synthetic_user_113@example.com,0,Ingresos,30.98,expense,2026-02-09,772.83,monthly
113,synthetic_user_113@example.com,0,Transporte,20.72,expense,2026-02-01,772.83,monthly
113,synthetic_user_113@example.com,0,Servicios,40.08,expense,2026-02-03,772.83,monthly
113,synthetic_user_113@example.com,0,Vivienda,50.9,expense,2026-02-22,772.83,monthly
113,synthetic_user_113@example.com,0,Otro,22.02,expense,2026-02-14,772.83,monthly
113,synthetic_user_113@example.com,0,Ocio,39.87,expense,2026-02-26,772.83,monthly
113,synthetic_user_113@example.com,0,Transporte,76.97,expense,2026-02-03,772.83,monthly
113,synthetic_user_113@example.com,0,Alimentacion,48.16,expense,2026-02-07,772.83,monthly
113,synthetic_user_113@example.com,0,Ingreso Base,753.64,income,2026-03-08,772.83,monthly
113,synthetic_user_113@example.com,0,Inversion,59.88,investment,2026-03-20,772.83,monthly
113,synthetic_user_113@example.com,0,Ingresos,48.0,expense,2026-03-10,772.83,monthly
113,synthetic_user_113@example.com,0,Salud,34.58,expense,2026-03-18,772.83,monthly
113,synthetic_user_113@example.com,0,Otro,35.22,expense,2026-03-18,772.83,monthly
113,synthetic_user_113@example.com,0,Compras,71.14,expense,2026-03-03,772.83,monthly
113,synthetic_user_113@example.com,0,Compras,13.08,expense,2026-03-17,772.83,monthly
113,synthetic_user_113@example.com,0,Otro,40.68,expense,2026-03-26,772.83,monthly
113,synthetic_user_113@example.com,0,Alimentacion,41.53,expense,2026-03-03,772.83,monthly
113,synthetic_user_113@example.com,0,Ingresos,40.97,expense,2026-03-08,772.83,monthly
113,synthetic_user_113@example.com,0,Otro,55.86,expense,2026-03-10,772.83,monthly
113,synthetic_user_113@example.com,0,Educacion,37.9,expense,2026-03-21,772.83,monthly
113,synthetic_user_113@example.com,0,Salud,53.43,expense,2026-03-08,772.83,monthly
113,synthetic_user_113@example.com,0,Gastos generales,46.23,expense,2026-03-27,772.83,monthly
113,synthetic_user_113@example.com,0,Transporte,58.86,expense,2026-03-12,772.83,monthly
113,synthetic_user_113@example.com,0,Ingreso Base,674.61,income,2026-04-07,772.83,monthly
113,synthetic_user_113@example.com,0,Inversion,63.47,investment,2026-04-23,772.83,monthly
113,synthetic_user_113@example.com,0,Alimentacion,56.19,expense,2026-04-23,772.83,monthly
113,synthetic_user_113@example.com,0,Alimentacion,50.25,expense,2026-04-11,772.83,monthly
113,synthetic_user_113@example.com,0,Ingreso adicional,77.99,expense,2026-04-24,772.83,monthly
113,synthetic_user_113@example.com,0,Salud,52.87,expense,2026-04-23,772.83,monthly
113,synthetic_user_113@example.com,0,Educacion,41.77,expense,2026-04-07,772.83,monthly
113,synthetic_user_113@example.com,0,rappi,86.97,expense,2026-04-13,772.83,monthly
113,synthetic_user_113@example.com,0,Transporte,57.6,expense,2026-04-13,772.83,monthly
113,synthetic_user_113@example.com,0,Gastos generales,50.17,expense,2026-04-24,772.83,monthly
113,synthetic_user_113@example.com,0,Alimentacion,57.36,expense,2026-04-27,772.83,monthly
113,synthetic_user_113@example.com,0,Vivienda,49.04,expense,2026-04-08,772.83,monthly
114,synthetic_user_114@example.com,0,Ingreso Base,1419.43,income,2025-11-08,1628.24,monthly
114,synthetic_user_114@example.com,0,Inversion,44.55,investment,2025-11-20,1628.24,monthly
114,synthetic_user_114@example.com,0,Otro,140.57,expense,2025-11-27,1628.24,monthly
114,synthetic_user_114@example.com,0,Gastos generales,76.93,expense,2025-11-13,1628.24,monthly
114,synthetic_user_114@example.com,0,Gastos generales,119.32,expense,2025-11-07,1628.24,monthly
114,synthetic_user_114@example.com,0,Servicios,109.05,expense,2025-11-12,1628.24,monthly
114,synthetic_user_114@example.com,0,Salud,126.93,expense,2025-11-22,1628.24,monthly
114,synthetic_user_114@example.com,0,Servicios,79.0,expense,2025-11-16,1628.24,monthly
114,synthetic_user_114@example.com,0,Salud,74.69,expense,2025-11-18,1628.24,monthly
114,synthetic_user_114@example.com,0,Compras,48.54,expense,2025-11-25,1628.24,monthly
114,synthetic_user_114@example.com,0,Salud,54.39,expense,2025-11-18,1628.24,monthly
114,synthetic_user_114@example.com,0,Ingresos,91.57,expense,2025-11-02,1628.24,monthly
114,synthetic_user_114@example.com,0,Ingresos,132.0,expense,2025-11-09,1628.24,monthly
114,synthetic_user_114@example.com,0,Ocio,117.08,expense,2025-11-01,1628.24,monthly
114,synthetic_user_114@example.com,0,Ocio,70.49,expense,2025-11-04,1628.24,monthly
114,synthetic_user_114@example.com,0,Ingreso Base,1398.72,income,2025-12-08,1628.24,monthly
114,synthetic_user_114@example.com,0,Inversion,27.04,investment,2025-12-25,1628.24,monthly
114,synthetic_user_114@example.com,0,Ingresos,53.42,expense,2025-12-09,1628.24,monthly
114,synthetic_user_114@example.com,0,Suscripciones,77.21,expense,2025-12-03,1628.24,monthly
114,synthetic_user_114@example.com,0,Compras,64.26,expense,2025-12-03,1628.24,monthly
114,synthetic_user_114@example.com,0,Compras,67.87,expense,2025-12-03,1628.24,monthly
114,synthetic_user_114@example.com,0,Servicios,80.88,expense,2025-12-02,1628.24,monthly
114,synthetic_user_114@example.com,0,Ocio,93.75,expense,2025-12-11,1628.24,monthly
114,synthetic_user_114@example.com,0,Servicios,51.16,expense,2025-12-01,1628.24,monthly
114,synthetic_user_114@example.com,0,Ingreso adicional,37.33,expense,2025-12-22,1628.24,monthly
114,synthetic_user_114@example.com,0,Ocio,68.39,expense,2025-12-15,1628.24,monthly
114,synthetic_user_114@example.com,0,Ingresos,22.43,expense,2025-12-23,1628.24,monthly
114,synthetic_user_114@example.com,0,Servicios,74.6,expense,2025-12-20,1628.24,monthly
114,synthetic_user_114@example.com,0,Alimentacion,46.46,expense,2025-12-15,1628.24,monthly
114,synthetic_user_114@example.com,0,Transporte,43.57,expense,2025-12-08,1628.24,monthly
114,synthetic_user_114@example.com,0,Transporte,50.65,expense,2025-12-22,1628.24,monthly
114,synthetic_user_114@example.com,0,Ingresos,56.56,expense,2025-12-10,1628.24,monthly
114,synthetic_user_114@example.com,0,Alimentacion,54.36,expense,2025-12-15,1628.24,monthly
114,synthetic_user_114@example.com,0,Salud,106.16,expense,2025-12-11,1628.24,monthly
114,synthetic_user_114@example.com,0,Suscripciones,85.49,expense,2025-12-02,1628.24,monthly
114,synthetic_user_114@example.com,0,Alimentacion,62.79,expense,2025-12-02,1628.24,monthly
114,synthetic_user_114@example.com,0,Ingreso Base,1509.11,income,2026-01-07,1628.24,monthly
114,synthetic_user_114@example.com,0,Inversion,49.63,investment,2026-01-14,1628.24,monthly
114,synthetic_user_114@example.com,0,Ocio,82.39,expense,2026-01-06,1628.24,monthly
114,synthetic_user_114@example.com,0,Vivienda,88.56,expense,2026-01-20,1628.24,monthly
114,synthetic_user_114@example.com,0,Salud,63.62,expense,2026-01-05,1628.24,monthly
114,synthetic_user_114@example.com,0,Salud,23.89,expense,2026-01-02,1628.24,monthly
114,synthetic_user_114@example.com,0,Vivienda,38.02,expense,2026-01-17,1628.24,monthly
114,synthetic_user_114@example.com,0,Ingresos,81.18,expense,2026-01-11,1628.24,monthly
114,synthetic_user_114@example.com,0,Suscripciones,51.86,expense,2026-01-19,1628.24,monthly
114,synthetic_user_114@example.com,0,Servicios,71.05,expense,2026-01-12,1628.24,monthly
114,synthetic_user_114@example.com,0,Gastos generales,17.06,expense,2026-01-10,1628.24,monthly
114,synthetic_user_114@example.com,0,Gastos generales,57.02,expense,2026-01-14,1628.24,monthly
114,synthetic_user_114@example.com,0,Servicios,72.33,expense,2026-01-11,1628.24,monthly
114,synthetic_user_114@example.com,0,Ingresos,41.98,expense,2026-01-19,1628.24,monthly
114,synthetic_user_114@example.com,0,Ingreso adicional,53.32,expense,2026-01-11,1628.24,monthly
114,synthetic_user_114@example.com,0,Ingreso adicional,50.91,expense,2026-01-18,1628.24,monthly
114,synthetic_user_114@example.com,0,Suscripciones,82.84,expense,2026-01-19,1628.24,monthly
114,synthetic_user_114@example.com,0,Suscripciones,15.53,expense,2026-01-08,1628.24,monthly
114,synthetic_user_114@example.com,0,Gastos generales,91.47,expense,2026-01-18,1628.24,monthly
114,synthetic_user_114@example.com,0,Educacion,66.23,expense,2026-01-07,1628.24,monthly
114,synthetic_user_114@example.com,0,Ingreso Base,1625.98,income,2026-02-06,1628.24,monthly
114,synthetic_user_114@example.com,0,Inversion,41.96,investment,2026-02-18,1628.24,monthly
114,synthetic_user_114@example.com,0,Ocio,60.76,expense,2026-02-26,1628.24,monthly
114,synthetic_user_114@example.com,0,Gastos generales,60.0,expense,2026-02-03,1628.24,monthly
114,synthetic_user_114@example.com,0,Ocio,103.38,expense,2026-02-04,1628.24,monthly
114,synthetic_user_114@example.com,0,Suscripciones,125.6,expense,2026-02-13,1628.24,monthly
114,synthetic_user_114@example.com,0,Ingresos,51.14,expense,2026-02-15,1628.24,monthly
114,synthetic_user_114@example.com,0,Ingresos,50.11,expense,2026-02-22,1628.24,monthly
114,synthetic_user_114@example.com,0,Salud,95.04,expense,2026-02-15,1628.24,monthly
114,synthetic_user_114@example.com,0,Ingreso adicional,87.77,expense,2026-02-25,1628.24,monthly
114,synthetic_user_114@example.com,0,rappi,77.67,expense,2026-02-09,1628.24,monthly
114,synthetic_user_114@example.com,0,Ingresos,28.23,expense,2026-02-14,1628.24,monthly
114,synthetic_user_114@example.com,0,Ingresos,117.41,expense,2026-02-22,1628.24,monthly
114,synthetic_user_114@example.com,0,Salud,73.76,expense,2026-02-16,1628.24,monthly
114,synthetic_user_114@example.com,0,Ingreso adicional,105.47,expense,2026-02-19,1628.24,monthly
114,synthetic_user_114@example.com,0,Suscripciones,123.43,expense,2026-02-09,1628.24,monthly
114,synthetic_user_114@example.com,0,Suscripciones,180.71,expense,2026-02-09,1628.24,monthly
114,synthetic_user_114@example.com,0,Ingreso Base,1542.51,income,2026-03-08,1628.24,monthly
114,synthetic_user_114@example.com,0,Inversion,45.7,investment,2026-03-12,1628.24,monthly
114,synthetic_user_114@example.com,0,Salud,254.87,expense,2026-03-10,1628.24,monthly
114,synthetic_user_114@example.com,0,Salud,152.61,expense,2026-03-08,1628.24,monthly
114,synthetic_user_114@example.com,0,Ocio,272.3,expense,2026-03-21,1628.24,monthly
114,synthetic_user_114@example.com,0,Ocio,310.8,expense,2026-03-20,1628.24,monthly
114,synthetic_user_114@example.com,0,Transporte,141.56,expense,2026-03-05,1628.24,monthly
114,synthetic_user_114@example.com,0,rappi,183.4,expense,2026-03-18,1628.24,monthly
114,synthetic_user_114@example.com,0,Salud,197.34,expense,2026-03-17,1628.24,monthly
114,synthetic_user_114@example.com,0,Otro,198.29,expense,2026-03-01,1628.24,monthly
114,synthetic_user_114@example.com,0,Ingreso Base,1549.35,income,2026-04-07,1628.24,monthly
114,synthetic_user_114@example.com,0,Inversion,48.3,investment,2026-04-25,1628.24,monthly
114,synthetic_user_114@example.com,0,Servicios,121.57,expense,2026-04-07,1628.24,monthly
114,synthetic_user_114@example.com,0,rappi,46.77,expense,2026-04-09,1628.24,monthly
114,synthetic_user_114@example.com,0,Ingreso adicional,90.45,expense,2026-04-11,1628.24,monthly
114,synthetic_user_114@example.com,0,Alimentacion,98.54,expense,2026-04-21,1628.24,monthly
114,synthetic_user_114@example.com,0,Vivienda,147.44,expense,2026-04-24,1628.24,monthly
114,synthetic_user_114@example.com,0,Servicios,95.05,expense,2026-04-10,1628.24,monthly
114,synthetic_user_114@example.com,0,Servicios,145.24,expense,2026-04-14,1628.24,monthly
114,synthetic_user_114@example.com,0,Otro,136.3,expense,2026-04-13,1628.24,monthly
114,synthetic_user_114@example.com,0,Ingresos,101.83,expense,2026-04-26,1628.24,monthly
114,synthetic_user_114@example.com,0,Alimentacion,75.75,expense,2026-04-15,1628.24,monthly
114,synthetic_user_114@example.com,0,Alimentacion,105.2,expense,2026-04-16,1628.24,monthly
114,synthetic_user_114@example.com,0,Servicios,138.43,expense,2026-04-03,1628.24,monthly
115,synthetic_user_115@example.com,0,Ingreso Base,2565.16,income,2025-11-08,2207.12,monthly
115,synthetic_user_115@example.com,0,Inversion,241.99,investment,2025-11-24,2207.12,monthly
115,synthetic_user_115@example.com,0,rappi,150.44,expense,2025-11-24,2207.12,monthly
115,synthetic_user_115@example.com,0,Alimentacion,134.78,expense,2025-11-22,2207.12,monthly
115,synthetic_user_115@example.com,0,Alimentacion,187.16,expense,2025-11-25,2207.12,monthly
115,synthetic_user_115@example.com,0,rappi,61.04,expense,2025-11-14,2207.12,monthly
115,synthetic_user_115@example.com,0,Vivienda,219.98,expense,2025-11-11,2207.12,monthly
115,synthetic_user_115@example.com,0,rappi,35.46,expense,2025-11-06,2207.12,monthly
115,synthetic_user_115@example.com,0,Salud,143.14,expense,2025-11-05,2207.12,monthly
115,synthetic_user_115@example.com,0,Servicios,102.05,expense,2025-11-06,2207.12,monthly
115,synthetic_user_115@example.com,0,Alimentacion,74.09,expense,2025-11-18,2207.12,monthly
115,synthetic_user_115@example.com,0,rappi,70.52,expense,2025-11-03,2207.12,monthly
115,synthetic_user_115@example.com,0,rappi,86.42,expense,2025-11-12,2207.12,monthly
115,synthetic_user_115@example.com,0,Suscripciones,114.33,expense,2025-11-20,2207.12,monthly
115,synthetic_user_115@example.com,0,Ocio,156.94,expense,2025-11-17,2207.12,monthly
115,synthetic_user_115@example.com,0,Gastos generales,209.41,expense,2025-11-23,2207.12,monthly
115,synthetic_user_115@example.com,0,rappi,57.27,expense,2025-11-14,2207.12,monthly
115,synthetic_user_115@example.com,0,Ingreso Base,2495.94,income,2025-12-08,2207.12,monthly
115,synthetic_user_115@example.com,0,Inversion,245.53,investment,2025-12-27,2207.12,monthly
115,synthetic_user_115@example.com,0,Servicios,148.43,expense,2025-12-15,2207.12,monthly
115,synthetic_user_115@example.com,0,rappi,193.31,expense,2025-12-26,2207.12,monthly
115,synthetic_user_115@example.com,0,Servicios,95.11,expense,2025-12-11,2207.12,monthly
115,synthetic_user_115@example.com,0,Salud,203.95,expense,2025-12-20,2207.12,monthly
115,synthetic_user_115@example.com,0,Alimentacion,71.27,expense,2025-12-24,2207.12,monthly
115,synthetic_user_115@example.com,0,Ocio,208.41,expense,2025-12-25,2207.12,monthly
115,synthetic_user_115@example.com,0,Educacion,218.03,expense,2025-12-14,2207.12,monthly
115,synthetic_user_115@example.com,0,Alimentacion,131.68,expense,2025-12-13,2207.12,monthly
115,synthetic_user_115@example.com,0,Alimentacion,82.21,expense,2025-12-02,2207.12,monthly
115,synthetic_user_115@example.com,0,Otro,136.3,expense,2025-12-14,2207.12,monthly
115,synthetic_user_115@example.com,0,Gastos generales,29.77,expense,2025-12-18,2207.12,monthly
115,synthetic_user_115@example.com,0,Ocio,73.11,expense,2025-12-01,2207.12,monthly
115,synthetic_user_115@example.com,0,Alimentacion,111.13,expense,2025-12-25,2207.12,monthly
115,synthetic_user_115@example.com,0,Transporte,81.41,expense,2025-12-01,2207.12,monthly
115,synthetic_user_115@example.com,0,Ingreso Base,2284.86,income,2026-01-07,2207.12,monthly
115,synthetic_user_115@example.com,0,Inversion,179.57,investment,2026-01-11,2207.12,monthly
115,synthetic_user_115@example.com,0,Ingresos,164.78,expense,2026-01-07,2207.12,monthly
115,synthetic_user_115@example.com,0,Servicios,137.37,expense,2026-01-24,2207.12,monthly
115,synthetic_user_115@example.com,0,Ocio,89.8,expense,2026-01-10,2207.12,monthly
115,synthetic_user_115@example.com,0,rappi,117.69,expense,2026-01-13,2207.12,monthly
115,synthetic_user_115@example.com,0,Transporte,142.29,expense,2026-01-03,2207.12,monthly
115,synthetic_user_115@example.com,0,rappi,71.4,expense,2026-01-05,2207.12,monthly
115,synthetic_user_115@example.com,0,Ocio,112.27,expense,2026-01-20,2207.12,monthly
115,synthetic_user_115@example.com,0,Ingresos,140.02,expense,2026-01-03,2207.12,monthly
115,synthetic_user_115@example.com,0,Vivienda,140.96,expense,2026-01-05,2207.12,monthly
115,synthetic_user_115@example.com,0,rappi,120.6,expense,2026-01-22,2207.12,monthly
115,synthetic_user_115@example.com,0,Otro,91.34,expense,2026-01-07,2207.12,monthly
115,synthetic_user_115@example.com,0,rappi,113.84,expense,2026-01-03,2207.12,monthly
115,synthetic_user_115@example.com,0,Otro,86.72,expense,2026-01-21,2207.12,monthly
115,synthetic_user_115@example.com,0,Vivienda,198.89,expense,2026-01-26,2207.12,monthly
115,synthetic_user_115@example.com,0,Otro,74.25,expense,2026-01-23,2207.12,monthly
115,synthetic_user_115@example.com,0,Ocio,153.21,expense,2026-01-17,2207.12,monthly
115,synthetic_user_115@example.com,0,Ingreso Base,2299.99,income,2026-02-06,2207.12,monthly
115,synthetic_user_115@example.com,0,Inversion,265.78,investment,2026-02-25,2207.12,monthly
115,synthetic_user_115@example.com,0,Alimentacion,161.49,expense,2026-02-01,2207.12,monthly
115,synthetic_user_115@example.com,0,Servicios,71.66,expense,2026-02-11,2207.12,monthly
115,synthetic_user_115@example.com,0,rappi,171.73,expense,2026-02-20,2207.12,monthly
115,synthetic_user_115@example.com,0,Otro,187.74,expense,2026-02-03,2207.12,monthly
115,synthetic_user_115@example.com,0,Otro,48.65,expense,2026-02-15,2207.12,monthly
115,synthetic_user_115@example.com,0,Gastos generales,223.25,expense,2026-02-21,2207.12,monthly
115,synthetic_user_115@example.com,0,Servicios,180.68,expense,2026-02-09,2207.12,monthly
115,synthetic_user_115@example.com,0,Alimentacion,214.35,expense,2026-02-23,2207.12,monthly
115,synthetic_user_115@example.com,0,Alimentacion,221.43,expense,2026-02-17,2207.12,monthly
115,synthetic_user_115@example.com,0,Gastos generales,296.47,expense,2026-02-26,2207.12,monthly
115,synthetic_user_115@example.com,0,Ingreso Base,2150.59,income,2026-03-08,2207.12,monthly
115,synthetic_user_115@example.com,0,Inversion,189.57,investment,2026-03-22,2207.12,monthly
115,synthetic_user_115@example.com,0,Servicios,103.04,expense,2026-03-23,2207.12,monthly
115,synthetic_user_115@example.com,0,rappi,57.46,expense,2026-03-09,2207.12,monthly
115,synthetic_user_115@example.com,0,rappi,78.96,expense,2026-03-10,2207.12,monthly
115,synthetic_user_115@example.com,0,Gastos generales,91.13,expense,2026-03-26,2207.12,monthly
115,synthetic_user_115@example.com,0,Alimentacion,36.21,expense,2026-03-18,2207.12,monthly
115,synthetic_user_115@example.com,0,Alimentacion,133.43,expense,2026-03-11,2207.12,monthly
115,synthetic_user_115@example.com,0,Salud,124.06,expense,2026-03-07,2207.12,monthly
115,synthetic_user_115@example.com,0,Vivienda,142.23,expense,2026-03-10,2207.12,monthly
115,synthetic_user_115@example.com,0,Ocio,146.2,expense,2026-03-03,2207.12,monthly
115,synthetic_user_115@example.com,0,Ocio,50.47,expense,2026-03-22,2207.12,monthly
115,synthetic_user_115@example.com,0,Gastos generales,108.35,expense,2026-03-12,2207.12,monthly
115,synthetic_user_115@example.com,0,rappi,134.24,expense,2026-03-03,2207.12,monthly
115,synthetic_user_115@example.com,0,Ingresos,96.9,expense,2026-03-19,2207.12,monthly
115,synthetic_user_115@example.com,0,Otro,100.24,expense,2026-03-25,2207.12,monthly
115,synthetic_user_115@example.com,0,Gastos generales,90.91,expense,2026-03-10,2207.12,monthly
115,synthetic_user_115@example.com,0,Ingreso Base,2162.17,income,2026-04-07,2207.12,monthly
115,synthetic_user_115@example.com,0,Inversion,165.7,investment,2026-04-13,2207.12,monthly
115,synthetic_user_115@example.com,0,Gastos generales,57.44,expense,2026-04-18,2207.12,monthly
115,synthetic_user_115@example.com,0,Alimentacion,77.92,expense,2026-04-12,2207.12,monthly
115,synthetic_user_115@example.com,0,Vivienda,130.09,expense,2026-04-01,2207.12,monthly
115,synthetic_user_115@example.com,0,Ingresos,59.14,expense,2026-04-19,2207.12,monthly
115,synthetic_user_115@example.com,0,Alimentacion,62.56,expense,2026-04-23,2207.12,monthly
115,synthetic_user_115@example.com,0,rappi,119.43,expense,2026-04-07,2207.12,monthly
115,synthetic_user_115@example.com,0,rappi,60.32,expense,2026-04-07,2207.12,monthly
115,synthetic_user_115@example.com,0,Otro,71.2,expense,2026-04-01,2207.12,monthly
115,synthetic_user_115@example.com,0,Alimentacion,133.4,expense,2026-04-09,2207.12,monthly
115,synthetic_user_115@example.com,0,Ocio,47.04,expense,2026-04-05,2207.12,monthly
115,synthetic_user_115@example.com,0,Salud,120.47,expense,2026-04-20,2207.12,monthly
115,synthetic_user_115@example.com,0,Alimentacion,51.99,expense,2026-04-02,2207.12,monthly
115,synthetic_user_115@example.com,0,Alimentacion,84.38,expense,2026-04-01,2207.12,monthly
115,synthetic_user_115@example.com,0,rappi,93.89,expense,2026-04-14,2207.12,monthly
115,synthetic_user_115@example.com,0,Ocio,73.84,expense,2026-04-08,2207.12,monthly
115,synthetic_user_115@example.com,0,Servicios,84.58,expense,2026-04-13,2207.12,monthly
115,synthetic_user_115@example.com,0,Alimentacion,155.68,expense,2026-04-09,2207.12,monthly
115,synthetic_user_115@example.com,0,Alimentacion,82.76,expense,2026-04-21,2207.12,monthly
116,synthetic_user_116@example.com,0,Ingreso Base,1552.09,income,2025-11-08,1555.72,monthly
116,synthetic_user_116@example.com,0,Inversion,114.12,investment,2025-11-30,1555.72,monthly
116,synthetic_user_116@example.com,0,Ocio,49.61,expense,2025-11-07,1555.72,monthly
116,synthetic_user_116@example.com,0,Compras,43.94,expense,2025-11-18,1555.72,monthly
116,synthetic_user_116@example.com,0,Compras,79.15,expense,2025-11-27,1555.72,monthly
116,synthetic_user_116@example.com,0,Ingresos,63.9,expense,2025-11-12,1555.72,monthly
116,synthetic_user_116@example.com,0,Ingreso adicional,50.49,expense,2025-11-24,1555.72,monthly
116,synthetic_user_116@example.com,0,Alimentacion,72.79,expense,2025-11-15,1555.72,monthly
116,synthetic_user_116@example.com,0,Ingreso adicional,57.62,expense,2025-11-18,1555.72,monthly
116,synthetic_user_116@example.com,0,Ingreso adicional,107.16,expense,2025-11-12,1555.72,monthly
116,synthetic_user_116@example.com,0,Educacion,88.2,expense,2025-11-15,1555.72,monthly
116,synthetic_user_116@example.com,0,Gastos generales,100.47,expense,2025-11-16,1555.72,monthly
116,synthetic_user_116@example.com,0,Alimentacion,76.62,expense,2025-11-18,1555.72,monthly
116,synthetic_user_116@example.com,0,Compras,53.33,expense,2025-11-01,1555.72,monthly
116,synthetic_user_116@example.com,0,Transporte,50.6,expense,2025-11-23,1555.72,monthly
116,synthetic_user_116@example.com,0,Transporte,80.43,expense,2025-11-16,1555.72,monthly
116,synthetic_user_116@example.com,0,Ingresos,74.85,expense,2025-11-14,1555.72,monthly
116,synthetic_user_116@example.com,0,Ingreso Base,1593.44,income,2025-12-08,1555.72,monthly
116,synthetic_user_116@example.com,0,Inversion,128.85,investment,2025-12-18,1555.72,monthly
116,synthetic_user_116@example.com,0,Otro,67.57,expense,2025-12-16,1555.72,monthly
116,synthetic_user_116@example.com,0,Ocio,62.35,expense,2025-12-05,1555.72,monthly
116,synthetic_user_116@example.com,0,Servicios,70.86,expense,2025-12-11,1555.72,monthly
116,synthetic_user_116@example.com,0,Educacion,70.07,expense,2025-12-27,1555.72,monthly
116,synthetic_user_116@example.com,0,rappi,60.88,expense,2025-12-04,1555.72,monthly
116,synthetic_user_116@example.com,0,Compras,60.01,expense,2025-12-08,1555.72,monthly
116,synthetic_user_116@example.com,0,Alimentacion,74.68,expense,2025-12-15,1555.72,monthly
116,synthetic_user_116@example.com,0,Ingresos,78.73,expense,2025-12-15,1555.72,monthly
116,synthetic_user_116@example.com,0,Ingresos,89.53,expense,2025-12-22,1555.72,monthly
116,synthetic_user_116@example.com,0,Suscripciones,73.86,expense,2025-12-20,1555.72,monthly
116,synthetic_user_116@example.com,0,Educacion,73.55,expense,2025-12-17,1555.72,monthly
116,synthetic_user_116@example.com,0,Otro,103.27,expense,2025-12-14,1555.72,monthly
116,synthetic_user_116@example.com,0,Alimentacion,35.59,expense,2025-12-07,1555.72,monthly
116,synthetic_user_116@example.com,0,Ingresos,77.03,expense,2025-12-27,1555.72,monthly
116,synthetic_user_116@example.com,0,Ocio,56.41,expense,2025-12-18,1555.72,monthly
116,synthetic_user_116@example.com,0,Suscripciones,83.56,expense,2025-12-18,1555.72,monthly
116,synthetic_user_116@example.com,0,Transporte,26.39,expense,2025-12-20,1555.72,monthly
116,synthetic_user_116@example.com,0,Gastos generales,35.6,expense,2025-12-06,1555.72,monthly
116,synthetic_user_116@example.com,0,Ingreso Base,1751.09,income,2026-01-07,1555.72,monthly
116,synthetic_user_116@example.com,0,Inversion,93.22,investment,2026-01-21,1555.72,monthly
116,synthetic_user_116@example.com,0,Gastos generales,173.53,expense,2026-01-23,1555.72,monthly
116,synthetic_user_116@example.com,0,Transporte,210.0,expense,2026-01-21,1555.72,monthly
116,synthetic_user_116@example.com,0,Ingresos,148.79,expense,2026-01-05,1555.72,monthly
116,synthetic_user_116@example.com,0,Ingresos,117.07,expense,2026-01-24,1555.72,monthly
116,synthetic_user_116@example.com,0,Ingreso adicional,149.41,expense,2026-01-17,1555.72,monthly
116,synthetic_user_116@example.com,0,Compras,152.74,expense,2026-01-03,1555.72,monthly
116,synthetic_user_116@example.com,0,Suscripciones,20.01,expense,2026-01-09,1555.72,monthly
116,synthetic_user_116@example.com,0,Transporte,120.16,expense,2026-01-19,1555.72,monthly
116,synthetic_user_116@example.com,0,Educacion,138.44,expense,2026-01-02,1555.72,monthly
116,synthetic_user_116@example.com,0,Ingresos,121.4,expense,2026-01-16,1555.72,monthly
116,synthetic_user_116@example.com,0,Compras,96.12,expense,2026-01-18,1555.72,monthly
116,synthetic_user_116@example.com,0,Ingreso Base,1572.52,income,2026-02-06,1555.72,monthly
116,synthetic_user_116@example.com,0,Inversion,149.07,investment,2026-02-12,1555.72,monthly
116,synthetic_user_116@example.com,0,Suscripciones,142.43,expense,2026-02-09,1555.72,monthly
116,synthetic_user_116@example.com,0,Alimentacion,177.67,expense,2026-02-16,1555.72,monthly
116,synthetic_user_116@example.com,0,Ingresos,111.6,expense,2026-02-08,1555.72,monthly
116,synthetic_user_116@example.com,0,Ingreso adicional,189.24,expense,2026-02-19,1555.72,monthly
116,synthetic_user_116@example.com,0,Alimentacion,104.15,expense,2026-02-01,1555.72,monthly
116,synthetic_user_116@example.com,0,Ocio,151.86,expense,2026-02-14,1555.72,monthly
116,synthetic_user_116@example.com,0,Servicios,117.94,expense,2026-02-24,1555.72,monthly
116,synthetic_user_116@example.com,0,Suscripciones,57.09,expense,2026-02-23,1555.72,monthly
116,synthetic_user_116@example.com,0,Otro,189.94,expense,2026-02-12,1555.72,monthly
116,synthetic_user_116@example.com,0,Ingreso Base,1684.34,income,2026-03-08,1555.72,monthly
116,synthetic_user_116@example.com,0,Inversion,189.92,investment,2026-03-24,1555.72,monthly
116,synthetic_user_116@example.com,0,Transporte,132.91,expense,2026-03-17,1555.72,monthly
116,synthetic_user_116@example.com,0,Ingresos,57.31,expense,2026-03-07,1555.72,monthly
116,synthetic_user_116@example.com,0,Transporte,75.22,expense,2026-03-06,1555.72,monthly
116,synthetic_user_116@example.com,0,Transporte,58.04,expense,2026-03-22,1555.72,monthly
116,synthetic_user_116@example.com,0,Ingresos,24.97,expense,2026-03-20,1555.72,monthly
116,synthetic_user_116@example.com,0,Suscripciones,58.11,expense,2026-03-19,1555.72,monthly
116,synthetic_user_116@example.com,0,Gastos generales,106.14,expense,2026-03-02,1555.72,monthly
116,synthetic_user_116@example.com,0,Gastos generales,103.97,expense,2026-03-23,1555.72,monthly
116,synthetic_user_116@example.com,0,Compras,139.06,expense,2026-03-09,1555.72,monthly
116,synthetic_user_116@example.com,0,Ingreso adicional,135.3,expense,2026-03-09,1555.72,monthly
116,synthetic_user_116@example.com,0,Educacion,115.2,expense,2026-03-04,1555.72,monthly
116,synthetic_user_116@example.com,0,Compras,153.7,expense,2026-03-12,1555.72,monthly
116,synthetic_user_116@example.com,0,Transporte,59.09,expense,2026-03-04,1555.72,monthly
116,synthetic_user_116@example.com,0,Ingreso Base,1413.89,income,2026-04-07,1555.72,monthly
116,synthetic_user_116@example.com,0,Inversion,121.4,investment,2026-05-01,1555.72,monthly
116,synthetic_user_116@example.com,0,Compras,80.53,expense,2026-04-24,1555.72,monthly
116,synthetic_user_116@example.com,0,Ocio,44.82,expense,2026-04-03,1555.72,monthly
116,synthetic_user_116@example.com,0,Ingresos,16.39,expense,2026-04-13,1555.72,monthly
116,synthetic_user_116@example.com,0,Otro,49.13,expense,2026-04-07,1555.72,monthly
116,synthetic_user_116@example.com,0,Ocio,45.2,expense,2026-04-01,1555.72,monthly
116,synthetic_user_116@example.com,0,Compras,45.61,expense,2026-04-20,1555.72,monthly
116,synthetic_user_116@example.com,0,Ingreso adicional,83.29,expense,2026-04-24,1555.72,monthly
116,synthetic_user_116@example.com,0,Ocio,74.51,expense,2026-04-25,1555.72,monthly
116,synthetic_user_116@example.com,0,Vivienda,72.23,expense,2026-04-15,1555.72,monthly
116,synthetic_user_116@example.com,0,Educacion,84.99,expense,2026-04-27,1555.72,monthly
116,synthetic_user_116@example.com,0,Vivienda,98.26,expense,2026-04-24,1555.72,monthly
116,synthetic_user_116@example.com,0,Ingreso adicional,28.06,expense,2026-04-27,1555.72,monthly
116,synthetic_user_116@example.com,0,Suscripciones,42.48,expense,2026-04-05,1555.72,monthly
116,synthetic_user_116@example.com,0,Transporte,51.66,expense,2026-04-06,1555.72,monthly
116,synthetic_user_116@example.com,0,Servicios,73.38,expense,2026-04-16,1555.72,monthly
116,synthetic_user_116@example.com,0,Transporte,59.73,expense,2026-04-04,1555.72,monthly
116,synthetic_user_116@example.com,0,Alimentacion,59.52,expense,2026-04-21,1555.72,monthly
116,synthetic_user_116@example.com,0,Transporte,81.16,expense,2026-04-21,1555.72,monthly
116,synthetic_user_116@example.com,0,Ingresos,66.81,expense,2026-04-14,1555.72,monthly
117,synthetic_user_117@example.com,0,Ingreso Base,1893.85,income,2025-11-08,1693.44,monthly
117,synthetic_user_117@example.com,0,Inversion,204.41,investment,2025-11-19,1693.44,monthly
117,synthetic_user_117@example.com,0,rappi,57.25,expense,2025-11-17,1693.44,monthly
117,synthetic_user_117@example.com,0,rappi,105.14,expense,2025-11-07,1693.44,monthly
117,synthetic_user_117@example.com,0,Ingreso adicional,75.57,expense,2025-11-19,1693.44,monthly
117,synthetic_user_117@example.com,0,Otro,119.85,expense,2025-11-10,1693.44,monthly
117,synthetic_user_117@example.com,0,Ocio,82.72,expense,2025-11-03,1693.44,monthly
117,synthetic_user_117@example.com,0,Ingreso adicional,112.06,expense,2025-11-07,1693.44,monthly
117,synthetic_user_117@example.com,0,rappi,185.34,expense,2025-11-12,1693.44,monthly
117,synthetic_user_117@example.com,0,rappi,92.11,expense,2025-11-19,1693.44,monthly
117,synthetic_user_117@example.com,0,Suscripciones,38.7,expense,2025-11-27,1693.44,monthly
117,synthetic_user_117@example.com,0,Ingreso adicional,103.33,expense,2025-11-21,1693.44,monthly
117,synthetic_user_117@example.com,0,Ocio,120.87,expense,2025-11-03,1693.44,monthly
117,synthetic_user_117@example.com,0,Ocio,132.75,expense,2025-11-19,1693.44,monthly
117,synthetic_user_117@example.com,0,Salud,168.5,expense,2025-11-20,1693.44,monthly
117,synthetic_user_117@example.com,0,Educacion,118.65,expense,2025-11-06,1693.44,monthly
117,synthetic_user_117@example.com,0,Ingreso Base,1765.87,income,2025-12-08,1693.44,monthly
117,synthetic_user_117@example.com,0,Inversion,232.47,investment,2025-12-30,1693.44,monthly
117,synthetic_user_117@example.com,0,Otro,107.19,expense,2025-12-08,1693.44,monthly
117,synthetic_user_117@example.com,0,Alimentacion,105.72,expense,2025-12-08,1693.44,monthly
117,synthetic_user_117@example.com,0,Alimentacion,90.4,expense,2025-12-10,1693.44,monthly
117,synthetic_user_117@example.com,0,Otro,114.16,expense,2025-12-03,1693.44,monthly
117,synthetic_user_117@example.com,0,Salud,132.43,expense,2025-12-27,1693.44,monthly
117,synthetic_user_117@example.com,0,Salud,65.4,expense,2025-12-14,1693.44,monthly
117,synthetic_user_117@example.com,0,Suscripciones,68.86,expense,2025-12-23,1693.44,monthly
117,synthetic_user_117@example.com,0,Salud,116.87,expense,2025-12-26,1693.44,monthly
117,synthetic_user_117@example.com,0,rappi,111.51,expense,2025-12-15,1693.44,monthly
117,synthetic_user_117@example.com,0,Otro,97.0,expense,2025-12-27,1693.44,monthly
117,synthetic_user_117@example.com,0,Compras,126.05,expense,2025-12-04,1693.44,monthly
117,synthetic_user_117@example.com,0,Educacion,114.82,expense,2025-12-04,1693.44,monthly
117,synthetic_user_117@example.com,0,Ingresos,88.24,expense,2025-12-03,1693.44,monthly
117,synthetic_user_117@example.com,0,Transporte,92.05,expense,2025-12-26,1693.44,monthly
117,synthetic_user_117@example.com,0,Ingreso Base,1737.99,income,2026-01-07,1693.44,monthly
117,synthetic_user_117@example.com,0,Inversion,191.81,investment,2026-01-10,1693.44,monthly
117,synthetic_user_117@example.com,0,Ocio,175.08,expense,2026-01-20,1693.44,monthly
117,synthetic_user_117@example.com,0,Compras,149.72,expense,2026-01-09,1693.44,monthly
117,synthetic_user_117@example.com,0,Educacion,177.04,expense,2026-01-10,1693.44,monthly
117,synthetic_user_117@example.com,0,Salud,152.09,expense,2026-01-01,1693.44,monthly
117,synthetic_user_117@example.com,0,Educacion,224.47,expense,2026-01-17,1693.44,monthly
117,synthetic_user_117@example.com,0,Ocio,155.88,expense,2026-01-18,1693.44,monthly
117,synthetic_user_117@example.com,0,rappi,144.72,expense,2026-01-13,1693.44,monthly
117,synthetic_user_117@example.com,0,rappi,156.08,expense,2026-01-14,1693.44,monthly
117,synthetic_user_117@example.com,0,rappi,237.24,expense,2026-01-27,1693.44,monthly
117,synthetic_user_117@example.com,0,Ingreso Base,1599.96,income,2026-02-06,1693.44,monthly
117,synthetic_user_117@example.com,0,Inversion,203.46,investment,2026-03-01,1693.44,monthly
117,synthetic_user_117@example.com,0,Salud,112.74,expense,2026-02-23,1693.44,monthly
117,synthetic_user_117@example.com,0,Salud,79.88,expense,2026-02-24,1693.44,monthly
117,synthetic_user_117@example.com,0,rappi,102.68,expense,2026-02-24,1693.44,monthly
117,synthetic_user_117@example.com,0,Vivienda,106.9,expense,2026-02-04,1693.44,monthly
117,synthetic_user_117@example.com,0,Compras,125.54,expense,2026-02-03,1693.44,monthly
117,synthetic_user_117@example.com,0,Educacion,79.95,expense,2026-02-17,1693.44,monthly
117,synthetic_user_117@example.com,0,Salud,103.89,expense,2026-02-04,1693.44,monthly
117,synthetic_user_117@example.com,0,Vivienda,97.62,expense,2026-02-27,1693.44,monthly
117,synthetic_user_117@example.com,0,Salud,123.59,expense,2026-02-17,1693.44,monthly
117,synthetic_user_117@example.com,0,Otro,92.2,expense,2026-02-02,1693.44,monthly
117,synthetic_user_117@example.com,0,Alimentacion,43.57,expense,2026-02-12,1693.44,monthly
117,synthetic_user_117@example.com,0,Salud,57.28,expense,2026-02-20,1693.44,monthly
117,synthetic_user_117@example.com,0,Otro,111.88,expense,2026-02-03,1693.44,monthly
117,synthetic_user_117@example.com,0,Ingreso adicional,118.66,expense,2026-02-12,1693.44,monthly
117,synthetic_user_117@example.com,0,Educacion,84.86,expense,2026-02-07,1693.44,monthly
117,synthetic_user_117@example.com,0,Salud,115.23,expense,2026-02-10,1693.44,monthly
117,synthetic_user_117@example.com,0,Ingreso Base,1828.02,income,2026-03-08,1693.44,monthly
117,synthetic_user_117@example.com,0,Inversion,138.21,investment,2026-03-26,1693.44,monthly
117,synthetic_user_117@example.com,0,Educacion,133.39,expense,2026-03-20,1693.44,monthly
117,synthetic_user_117@example.com,0,Ocio,151.5,expense,2026-03-17,1693.44,monthly
117,synthetic_user_117@example.com,0,Ocio,144.5,expense,2026-03-06,1693.44,monthly
117,synthetic_user_117@example.com,0,Educacion,126.38,expense,2026-03-22,1693.44,monthly
117,synthetic_user_117@example.com,0,Educacion,171.59,expense,2026-03-06,1693.44,monthly
117,synthetic_user_117@example.com,0,Ingreso adicional,124.43,expense,2026-03-22,1693.44,monthly
117,synthetic_user_117@example.com,0,rappi,125.34,expense,2026-03-08,1693.44,monthly
117,synthetic_user_117@example.com,0,Vivienda,130.72,expense,2026-03-06,1693.44,monthly
117,synthetic_user_117@example.com,0,Ocio,42.49,expense,2026-03-21,1693.44,monthly
117,synthetic_user_117@example.com,0,Otro,163.17,expense,2026-03-24,1693.44,monthly
117,synthetic_user_117@example.com,0,Otro,112.87,expense,2026-03-23,1693.44,monthly
117,synthetic_user_117@example.com,0,Gastos generales,163.99,expense,2026-03-15,1693.44,monthly
117,synthetic_user_117@example.com,0,Ingreso adicional,87.4,expense,2026-03-24,1693.44,monthly
117,synthetic_user_117@example.com,0,Ingreso Base,1601.45,income,2026-04-07,1693.44,monthly
117,synthetic_user_117@example.com,0,Inversion,170.32,investment,2026-04-23,1693.44,monthly
117,synthetic_user_117@example.com,0,Salud,152.95,expense,2026-04-26,1693.44,monthly
117,synthetic_user_117@example.com,0,Compras,147.57,expense,2026-04-11,1693.44,monthly
117,synthetic_user_117@example.com,0,rappi,108.56,expense,2026-04-17,1693.44,monthly
117,synthetic_user_117@example.com,0,Compras,62.71,expense,2026-04-03,1693.44,monthly
117,synthetic_user_117@example.com,0,rappi,110.6,expense,2026-04-10,1693.44,monthly
117,synthetic_user_117@example.com,0,Educacion,178.82,expense,2026-04-20,1693.44,monthly
117,synthetic_user_117@example.com,0,Alimentacion,131.07,expense,2026-04-13,1693.44,monthly
117,synthetic_user_117@example.com,0,Salud,101.79,expense,2026-04-05,1693.44,monthly
117,synthetic_user_117@example.com,0,rappi,103.04,expense,2026-04-18,1693.44,monthly
117,synthetic_user_117@example.com,0,rappi,94.84,expense,2026-04-23,1693.44,monthly
118,synthetic_user_118@example.com,0,Ingreso Base,529.77,income,2025-11-08,646.44,monthly
118,synthetic_user_118@example.com,0,Inversion,42.18,investment,2025-12-02,646.44,monthly
118,synthetic_user_118@example.com,0,Ingresos,31.38,expense,2025-11-07,646.44,monthly
118,synthetic_user_118@example.com,0,Servicios,26.58,expense,2025-11-12,646.44,monthly
118,synthetic_user_118@example.com,0,Otro,25.13,expense,2025-11-19,646.44,monthly
118,synthetic_user_118@example.com,0,Suscripciones,13.12,expense,2025-11-21,646.44,monthly
118,synthetic_user_118@example.com,0,Servicios,7.43,expense,2025-11-06,646.44,monthly
118,synthetic_user_118@example.com,0,Alimentacion,24.69,expense,2025-11-16,646.44,monthly
118,synthetic_user_118@example.com,0,Servicios,12.66,expense,2025-11-23,646.44,monthly
118,synthetic_user_118@example.com,0,Servicios,14.05,expense,2025-11-18,646.44,monthly
118,synthetic_user_118@example.com,0,Servicios,19.18,expense,2025-11-05,646.44,monthly
118,synthetic_user_118@example.com,0,Educacion,13.98,expense,2025-11-20,646.44,monthly
118,synthetic_user_118@example.com,0,Servicios,28.82,expense,2025-11-25,646.44,monthly
118,synthetic_user_118@example.com,0,Vivienda,30.83,expense,2025-11-12,646.44,monthly
118,synthetic_user_118@example.com,0,Suscripciones,13.1,expense,2025-11-25,646.44,monthly
118,synthetic_user_118@example.com,0,Suscripciones,17.56,expense,2025-11-22,646.44,monthly
118,synthetic_user_118@example.com,0,Ingreso adicional,20.06,expense,2025-11-26,646.44,monthly
118,synthetic_user_118@example.com,0,Suscripciones,21.01,expense,2025-11-23,646.44,monthly
118,synthetic_user_118@example.com,0,Otro,29.69,expense,2025-11-07,646.44,monthly
118,synthetic_user_118@example.com,0,Ingresos,21.63,expense,2025-11-03,646.44,monthly
118,synthetic_user_118@example.com,0,Suscripciones,20.16,expense,2025-11-02,646.44,monthly
118,synthetic_user_118@example.com,0,Ingreso Base,638.93,income,2025-12-08,646.44,monthly
118,synthetic_user_118@example.com,0,Inversion,87.66,investment,2025-12-16,646.44,monthly
118,synthetic_user_118@example.com,0,Servicios,47.77,expense,2025-12-25,646.44,monthly
118,synthetic_user_118@example.com,0,Otro,77.77,expense,2025-12-16,646.44,monthly
118,synthetic_user_118@example.com,0,Gastos generales,19.29,expense,2025-12-01,646.44,monthly
118,synthetic_user_118@example.com,0,Suscripciones,79.37,expense,2025-12-19,646.44,monthly
118,synthetic_user_118@example.com,0,Otro,66.46,expense,2025-12-01,646.44,monthly
118,synthetic_user_118@example.com,0,Suscripciones,90.07,expense,2025-12-07,646.44,monthly
118,synthetic_user_118@example.com,0,Alimentacion,56.08,expense,2025-12-19,646.44,monthly
118,synthetic_user_118@example.com,0,Servicios,77.27,expense,2025-12-24,646.44,monthly
118,synthetic_user_118@example.com,0,Ingreso Base,691.34,income,2026-01-07,646.44,monthly
118,synthetic_user_118@example.com,0,Inversion,82.03,investment,2026-01-16,646.44,monthly
118,synthetic_user_118@example.com,0,Suscripciones,26.82,expense,2026-01-20,646.44,monthly
118,synthetic_user_118@example.com,0,Servicios,35.09,expense,2026-01-19,646.44,monthly
118,synthetic_user_118@example.com,0,Suscripciones,26.51,expense,2026-01-15,646.44,monthly
118,synthetic_user_118@example.com,0,Otro,14.85,expense,2026-01-25,646.44,monthly
118,synthetic_user_118@example.com,0,Servicios,29.91,expense,2026-01-03,646.44,monthly
118,synthetic_user_118@example.com,0,Servicios,31.45,expense,2026-01-25,646.44,monthly
118,synthetic_user_118@example.com,0,Salud,36.75,expense,2026-01-13,646.44,monthly
118,synthetic_user_118@example.com,0,Suscripciones,35.43,expense,2026-01-27,646.44,monthly
118,synthetic_user_118@example.com,0,Servicios,44.95,expense,2026-01-04,646.44,monthly
118,synthetic_user_118@example.com,0,rappi,31.49,expense,2026-01-26,646.44,monthly
118,synthetic_user_118@example.com,0,rappi,49.14,expense,2026-01-10,646.44,monthly
118,synthetic_user_118@example.com,0,Educacion,43.97,expense,2026-01-02,646.44,monthly
118,synthetic_user_118@example.com,0,Suscripciones,58.36,expense,2026-01-20,646.44,monthly
118,synthetic_user_118@example.com,0,rappi,27.7,expense,2026-01-03,646.44,monthly
118,synthetic_user_118@example.com,0,Educacion,21.16,expense,2026-01-10,646.44,monthly
118,synthetic_user_118@example.com,0,Servicios,36.33,expense,2026-01-26,646.44,monthly
118,synthetic_user_118@example.com,0,Ingreso Base,594.38,income,2026-02-06,646.44,monthly
118,synthetic_user_118@example.com,0,Inversion,58.59,investment,2026-02-12,646.44,monthly
118,synthetic_user_118@example.com,0,Ingreso adicional,34.42,expense,2026-02-23,646.44,monthly
118,synthetic_user_118@example.com,0,rappi,33.85,expense,2026-02-13,646.44,monthly
118,synthetic_user_118@example.com,0,Suscripciones,32.95,expense,2026-02-16,646.44,monthly
118,synthetic_user_118@example.com,0,Vivienda,20.98,expense,2026-02-16,646.44,monthly
118,synthetic_user_118@example.com,0,Suscripciones,33.58,expense,2026-02-14,646.44,monthly
118,synthetic_user_118@example.com,0,Servicios,10.97,expense,2026-02-05,646.44,monthly
118,synthetic_user_118@example.com,0,rappi,35.26,expense,2026-02-04,646.44,monthly
118,synthetic_user_118@example.com,0,Suscripciones,37.1,expense,2026-02-07,646.44,monthly
118,synthetic_user_118@example.com,0,rappi,10.79,expense,2026-02-24,646.44,monthly
118,synthetic_user_118@example.com,0,Ingreso adicional,32.12,expense,2026-02-06,646.44,monthly
118,synthetic_user_118@example.com,0,rappi,22.41,expense,2026-02-03,646.44,monthly
118,synthetic_user_118@example.com,0,Suscripciones,8.43,expense,2026-02-26,646.44,monthly
118,synthetic_user_118@example.com,0,Ingreso adicional,23.34,expense,2026-02-21,646.44,monthly
118,synthetic_user_118@example.com,0,Servicios,18.16,expense,2026-02-21,646.44,monthly
118,synthetic_user_118@example.com,0,rappi,23.48,expense,2026-02-03,646.44,monthly
118,synthetic_user_118@example.com,0,rappi,15.26,expense,2026-02-17,646.44,monthly
118,synthetic_user_118@example.com,0,Suscripciones,27.78,expense,2026-02-24,646.44,monthly
118,synthetic_user_118@example.com,0,Suscripciones,22.72,expense,2026-02-15,646.44,monthly
118,synthetic_user_118@example.com,0,Servicios,19.05,expense,2026-02-20,646.44,monthly
118,synthetic_user_118@example.com,0,Ingreso Base,654.06,income,2026-03-08,646.44,monthly
118,synthetic_user_118@example.com,0,Inversion,107.19,investment,2026-03-17,646.44,monthly
118,synthetic_user_118@example.com,0,Suscripciones,44.44,expense,2026-03-10,646.44,monthly
118,synthetic_user_118@example.com,0,Servicios,36.94,expense,2026-03-22,646.44,monthly
118,synthetic_user_118@example.com,0,Gastos generales,69.66,expense,2026-03-19,646.44,monthly
118,synthetic_user_118@example.com,0,Servicios,59.17,expense,2026-03-23,646.44,monthly
118,synthetic_user_118@example.com,0,Gastos generales,50.72,expense,2026-03-26,646.44,monthly
118,synthetic_user_118@example.com,0,Servicios,2.0,expense,2026-03-04,646.44,monthly
118,synthetic_user_118@example.com,0,rappi,31.4,expense,2026-03-12,646.44,monthly
118,synthetic_user_118@example.com,0,Ingresos,60.07,expense,2026-03-24,646.44,monthly
118,synthetic_user_118@example.com,0,Servicios,57.61,expense,2026-03-15,646.44,monthly
118,synthetic_user_118@example.com,0,Ingreso adicional,57.68,expense,2026-03-22,646.44,monthly
118,synthetic_user_118@example.com,0,Vivienda,43.26,expense,2026-03-12,646.44,monthly
118,synthetic_user_118@example.com,0,Ingreso Base,687.43,income,2026-04-07,646.44,monthly
118,synthetic_user_118@example.com,0,Inversion,68.41,investment,2026-04-23,646.44,monthly
118,synthetic_user_118@example.com,0,Ingresos,65.31,expense,2026-04-17,646.44,monthly
118,synthetic_user_118@example.com,0,Compras,35.09,expense,2026-04-25,646.44,monthly
118,synthetic_user_118@example.com,0,Compras,73.61,expense,2026-04-23,646.44,monthly
118,synthetic_user_118@example.com,0,Servicios,42.35,expense,2026-04-22,646.44,monthly
118,synthetic_user_118@example.com,0,Ingreso adicional,73.67,expense,2026-04-17,646.44,monthly
118,synthetic_user_118@example.com,0,rappi,66.34,expense,2026-04-08,646.44,monthly
118,synthetic_user_118@example.com,0,Servicios,45.36,expense,2026-04-09,646.44,monthly
118,synthetic_user_118@example.com,0,Ingreso adicional,39.11,expense,2026-04-15,646.44,monthly
119,synthetic_user_119@example.com,0,Ingreso Base,2119.51,income,2025-11-08,2287.76,monthly
119,synthetic_user_119@example.com,0,Otro,148.34,expense,2025-11-06,2287.76,monthly
119,synthetic_user_119@example.com,0,Ingreso adicional,150.26,expense,2025-11-21,2287.76,monthly
119,synthetic_user_119@example.com,0,Ingresos,62.82,expense,2025-11-14,2287.76,monthly
119,synthetic_user_119@example.com,0,Transporte,271.52,expense,2025-11-06,2287.76,monthly
119,synthetic_user_119@example.com,0,Transporte,117.53,expense,2025-11-07,2287.76,monthly
119,synthetic_user_119@example.com,0,Transporte,152.75,expense,2025-11-04,2287.76,monthly
119,synthetic_user_119@example.com,0,Otro,209.85,expense,2025-11-26,2287.76,monthly
119,synthetic_user_119@example.com,0,Alimentacion,177.29,expense,2025-11-25,2287.76,monthly
119,synthetic_user_119@example.com,0,Vivienda,175.46,expense,2025-11-14,2287.76,monthly
119,synthetic_user_119@example.com,0,Transporte,193.1,expense,2025-11-01,2287.76,monthly
119,synthetic_user_119@example.com,0,Ingreso adicional,65.89,expense,2025-11-01,2287.76,monthly
119,synthetic_user_119@example.com,0,Ingreso adicional,32.95,expense,2025-11-25,2287.76,monthly
119,synthetic_user_119@example.com,0,Ocio,146.57,expense,2025-11-11,2287.76,monthly
119,synthetic_user_119@example.com,0,Ingreso Base,2079.24,income,2025-12-08,2287.76,monthly
119,synthetic_user_119@example.com,0,Salud,81.59,expense,2025-12-09,2287.76,monthly
119,synthetic_user_119@example.com,0,Ingreso adicional,34.37,expense,2025-12-11,2287.76,monthly
119,synthetic_user_119@example.com,0,Salud,145.29,expense,2025-12-22,2287.76,monthly
119,synthetic_user_119@example.com,0,Educacion,125.91,expense,2025-12-01,2287.76,monthly
119,synthetic_user_119@example.com,0,Otro,124.01,expense,2025-12-26,2287.76,monthly
119,synthetic_user_119@example.com,0,Otro,52.51,expense,2025-12-04,2287.76,monthly
119,synthetic_user_119@example.com,0,Servicios,139.99,expense,2025-12-04,2287.76,monthly
119,synthetic_user_119@example.com,0,Ingreso adicional,168.81,expense,2025-12-20,2287.76,monthly
119,synthetic_user_119@example.com,0,Salud,119.59,expense,2025-12-15,2287.76,monthly
119,synthetic_user_119@example.com,0,Otro,98.6,expense,2025-12-13,2287.76,monthly
119,synthetic_user_119@example.com,0,Educacion,68.84,expense,2025-12-27,2287.76,monthly
119,synthetic_user_119@example.com,0,Compras,68.46,expense,2025-12-16,2287.76,monthly
119,synthetic_user_119@example.com,0,Ingreso adicional,137.16,expense,2025-12-07,2287.76,monthly
119,synthetic_user_119@example.com,0,Ingreso adicional,83.18,expense,2025-12-09,2287.76,monthly
119,synthetic_user_119@example.com,0,Ingreso adicional,117.74,expense,2025-12-01,2287.76,monthly
119,synthetic_user_119@example.com,0,Alimentacion,115.48,expense,2025-12-14,2287.76,monthly
119,synthetic_user_119@example.com,0,Educacion,67.48,expense,2025-12-09,2287.76,monthly
119,synthetic_user_119@example.com,0,Ingreso Base,2408.47,income,2026-01-07,2287.76,monthly
119,synthetic_user_119@example.com,0,Ingreso adicional,66.45,expense,2026-01-09,2287.76,monthly
119,synthetic_user_119@example.com,0,Suscripciones,135.8,expense,2026-01-11,2287.76,monthly
119,synthetic_user_119@example.com,0,Ingresos,160.23,expense,2026-01-24,2287.76,monthly
119,synthetic_user_119@example.com,0,Otro,16.0,expense,2026-01-15,2287.76,monthly
119,synthetic_user_119@example.com,0,Otro,173.81,expense,2026-01-15,2287.76,monthly
119,synthetic_user_119@example.com,0,Educacion,110.3,expense,2026-01-16,2287.76,monthly
119,synthetic_user_119@example.com,0,Alimentacion,112.2,expense,2026-01-11,2287.76,monthly
119,synthetic_user_119@example.com,0,Otro,130.81,expense,2026-01-22,2287.76,monthly
119,synthetic_user_119@example.com,0,Suscripciones,118.31,expense,2026-01-24,2287.76,monthly
119,synthetic_user_119@example.com,0,Suscripciones,142.38,expense,2026-01-11,2287.76,monthly
119,synthetic_user_119@example.com,0,Compras,115.0,expense,2026-01-10,2287.76,monthly
119,synthetic_user_119@example.com,0,Transporte,96.01,expense,2026-01-18,2287.76,monthly
119,synthetic_user_119@example.com,0,Otro,2.0,expense,2026-01-19,2287.76,monthly
119,synthetic_user_119@example.com,0,Ingreso adicional,72.39,expense,2026-01-15,2287.76,monthly
119,synthetic_user_119@example.com,0,Suscripciones,74.46,expense,2026-01-22,2287.76,monthly
119,synthetic_user_119@example.com,0,Suscripciones,211.33,expense,2026-01-07,2287.76,monthly
119,synthetic_user_119@example.com,0,Salud,57.49,expense,2026-01-04,2287.76,monthly
119,synthetic_user_119@example.com,0,Ingreso Base,2598.45,income,2026-02-06,2287.76,monthly
119,synthetic_user_119@example.com,0,Otro,178.19,expense,2026-02-19,2287.76,monthly
119,synthetic_user_119@example.com,0,Salud,121.9,expense,2026-02-15,2287.76,monthly
119,synthetic_user_119@example.com,0,Ingresos,210.78,expense,2026-02-01,2287.76,monthly
119,synthetic_user_119@example.com,0,Ocio,107.76,expense,2026-02-14,2287.76,monthly
119,synthetic_user_119@example.com,0,Ingresos,139.08,expense,2026-02-02,2287.76,monthly
119,synthetic_user_119@example.com,0,Transporte,109.18,expense,2026-02-02,2287.76,monthly
119,synthetic_user_119@example.com,0,Transporte,168.83,expense,2026-02-11,2287.76,monthly
119,synthetic_user_119@example.com,0,Alimentacion,114.77,expense,2026-02-06,2287.76,monthly
119,synthetic_user_119@example.com,0,Suscripciones,176.19,expense,2026-02-09,2287.76,monthly
119,synthetic_user_119@example.com,0,Otro,64.51,expense,2026-02-12,2287.76,monthly
119,synthetic_user_119@example.com,0,Suscripciones,137.56,expense,2026-02-15,2287.76,monthly
119,synthetic_user_119@example.com,0,Servicios,96.88,expense,2026-02-22,2287.76,monthly
119,synthetic_user_119@example.com,0,Ingreso adicional,108.72,expense,2026-02-17,2287.76,monthly
119,synthetic_user_119@example.com,0,Educacion,114.75,expense,2026-02-15,2287.76,monthly
119,synthetic_user_119@example.com,0,Otro,131.3,expense,2026-02-14,2287.76,monthly
119,synthetic_user_119@example.com,0,Transporte,131.44,expense,2026-02-04,2287.76,monthly
119,synthetic_user_119@example.com,0,Ingreso Base,2293.01,income,2026-03-08,2287.76,monthly
119,synthetic_user_119@example.com,0,Otro,201.39,expense,2026-03-01,2287.76,monthly
119,synthetic_user_119@example.com,0,Salud,324.29,expense,2026-03-09,2287.76,monthly
119,synthetic_user_119@example.com,0,Suscripciones,396.35,expense,2026-03-20,2287.76,monthly
119,synthetic_user_119@example.com,0,Transporte,284.33,expense,2026-03-01,2287.76,monthly
119,synthetic_user_119@example.com,0,Salud,163.13,expense,2026-03-05,2287.76,monthly
119,synthetic_user_119@example.com,0,Suscripciones,289.96,expense,2026-03-22,2287.76,monthly
119,synthetic_user_119@example.com,0,Salud,345.36,expense,2026-03-22,2287.76,monthly
119,synthetic_user_119@example.com,0,Educacion,257.05,expense,2026-03-05,2287.76,monthly
119,synthetic_user_119@example.com,0,Ingreso Base,2700.69,income,2026-04-07,2287.76,monthly
119,synthetic_user_119@example.com,0,Ingreso adicional,148.55,expense,2026-04-12,2287.76,monthly
119,synthetic_user_119@example.com,0,Otro,96.83,expense,2026-04-16,2287.76,monthly
119,synthetic_user_119@example.com,0,Educacion,246.58,expense,2026-04-24,2287.76,monthly
119,synthetic_user_119@example.com,0,Educacion,202.51,expense,2026-04-22,2287.76,monthly
119,synthetic_user_119@example.com,0,rappi,131.21,expense,2026-04-19,2287.76,monthly
119,synthetic_user_119@example.com,0,Vivienda,84.79,expense,2026-04-10,2287.76,monthly
119,synthetic_user_119@example.com,0,Ingreso adicional,197.05,expense,2026-04-09,2287.76,monthly
119,synthetic_user_119@example.com,0,Suscripciones,148.78,expense,2026-04-14,2287.76,monthly
119,synthetic_user_119@example.com,0,Alimentacion,300.37,expense,2026-04-21,2287.76,monthly
119,synthetic_user_119@example.com,0,Salud,159.52,expense,2026-04-22,2287.76,monthly
119,synthetic_user_119@example.com,0,Compras,244.77,expense,2026-04-13,2287.76,monthly
119,synthetic_user_119@example.com,0,Ocio,147.55,expense,2026-04-21,2287.76,monthly
119,synthetic_user_119@example.com,0,Ingreso adicional,180.63,expense,2026-04-25,2287.76,monthly
120,synthetic_user_120@example.com,0,Ingreso Base,1203.18,income,2025-11-08,1151.13,monthly
120,synthetic_user_120@example.com,0,Inversion,8.29,investment,2025-11-25,1151.13,monthly
120,synthetic_user_120@example.com,0,Ingresos,82.32,expense,2025-11-20,1151.13,monthly
120,synthetic_user_120@example.com,0,Gastos generales,122.39,expense,2025-11-07,1151.13,monthly
120,synthetic_user_120@example.com,0,Transporte,108.34,expense,2025-11-19,1151.13,monthly
120,synthetic_user_120@example.com,0,Servicios,55.98,expense,2025-11-16,1151.13,monthly
120,synthetic_user_120@example.com,0,Ingresos,80.33,expense,2025-11-07,1151.13,monthly
120,synthetic_user_120@example.com,0,Ocio,82.48,expense,2025-11-16,1151.13,monthly
120,synthetic_user_120@example.com,0,Servicios,109.33,expense,2025-11-03,1151.13,monthly
120,synthetic_user_120@example.com,0,Ingresos,79.36,expense,2025-11-24,1151.13,monthly
120,synthetic_user_120@example.com,0,Gastos generales,57.49,expense,2025-11-05,1151.13,monthly
120,synthetic_user_120@example.com,0,Ingresos,79.15,expense,2025-11-22,1151.13,monthly
120,synthetic_user_120@example.com,0,Servicios,96.32,expense,2025-11-22,1151.13,monthly
120,synthetic_user_120@example.com,0,Ocio,86.98,expense,2025-11-20,1151.13,monthly
120,synthetic_user_120@example.com,0,Ingreso Base,1226.96,income,2025-12-08,1151.13,monthly
120,synthetic_user_120@example.com,0,Inversion,9.66,investment,2025-12-21,1151.13,monthly
120,synthetic_user_120@example.com,0,Servicios,19.21,expense,2025-12-27,1151.13,monthly
120,synthetic_user_120@example.com,0,Ingreso adicional,43.33,expense,2025-12-06,1151.13,monthly
120,synthetic_user_120@example.com,0,Transporte,55.01,expense,2025-12-14,1151.13,monthly
120,synthetic_user_120@example.com,0,Ingreso adicional,92.02,expense,2025-12-05,1151.13,monthly
120,synthetic_user_120@example.com,0,Ingreso adicional,22.57,expense,2025-12-06,1151.13,monthly
120,synthetic_user_120@example.com,0,Compras,35.31,expense,2025-12-06,1151.13,monthly
120,synthetic_user_120@example.com,0,Compras,29.24,expense,2025-12-07,1151.13,monthly
120,synthetic_user_120@example.com,0,Otro,52.85,expense,2025-12-04,1151.13,monthly
120,synthetic_user_120@example.com,0,Salud,58.76,expense,2025-12-24,1151.13,monthly
120,synthetic_user_120@example.com,0,Servicios,53.98,expense,2025-12-20,1151.13,monthly
120,synthetic_user_120@example.com,0,Gastos generales,64.57,expense,2025-12-23,1151.13,monthly
120,synthetic_user_120@example.com,0,Salud,14.79,expense,2025-12-26,1151.13,monthly
120,synthetic_user_120@example.com,0,Ingresos,50.99,expense,2025-12-18,1151.13,monthly
120,synthetic_user_120@example.com,0,Alimentacion,27.0,expense,2025-12-07,1151.13,monthly
120,synthetic_user_120@example.com,0,Ocio,64.98,expense,2025-12-26,1151.13,monthly
120,synthetic_user_120@example.com,0,Ingresos,34.65,expense,2025-12-15,1151.13,monthly
120,synthetic_user_120@example.com,0,Gastos generales,48.88,expense,2025-12-10,1151.13,monthly
120,synthetic_user_120@example.com,0,Ingresos,53.02,expense,2025-12-26,1151.13,monthly
120,synthetic_user_120@example.com,0,Servicios,39.39,expense,2025-12-08,1151.13,monthly
120,synthetic_user_120@example.com,0,Ingreso Base,1066.15,income,2026-01-07,1151.13,monthly
120,synthetic_user_120@example.com,0,Inversion,6.3,investment,2026-01-27,1151.13,monthly
120,synthetic_user_120@example.com,0,Otro,102.55,expense,2026-01-12,1151.13,monthly
120,synthetic_user_120@example.com,0,Salud,120.95,expense,2026-01-11,1151.13,monthly
120,synthetic_user_120@example.com,0,Ingreso adicional,40.12,expense,2026-01-25,1151.13,monthly
120,synthetic_user_120@example.com,0,Salud,51.79,expense,2026-01-14,1151.13,monthly
120,synthetic_user_120@example.com,0,Ingresos,64.15,expense,2026-01-09,1151.13,monthly
120,synthetic_user_120@example.com,0,Educacion,99.83,expense,2026-01-10,1151.13,monthly
120,synthetic_user_120@example.com,0,Ingresos,77.58,expense,2026-01-25,1151.13,monthly
120,synthetic_user_120@example.com,0,Gastos generales,126.48,expense,2026-01-10,1151.13,monthly
120,synthetic_user_120@example.com,0,Vivienda,58.58,expense,2026-01-13,1151.13,monthly
120,synthetic_user_120@example.com,0,Ocio,71.4,expense,2026-01-19,1151.13,monthly
120,synthetic_user_120@example.com,0,Ingreso adicional,80.23,expense,2026-01-21,1151.13,monthly
120,synthetic_user_120@example.com,0,Suscripciones,46.82,expense,2026-01-17,1151.13,monthly
120,synthetic_user_120@example.com,0,Ingreso Base,1218.58,income,2026-02-06,1151.13,monthly
120,synthetic_user_120@example.com,0,Inversion,9.21,investment,2026-02-28,1151.13,monthly
120,synthetic_user_120@example.com,0,Transporte,57.69,expense,2026-02-18,1151.13,monthly
120,synthetic_user_120@example.com,0,Otro,76.05,expense,2026-02-18,1151.13,monthly
120,synthetic_user_120@example.com,0,Educacion,145.68,expense,2026-02-19,1151.13,monthly
120,synthetic_user_120@example.com,0,Ingresos,58.02,expense,2026-02-24,1151.13,monthly
120,synthetic_user_120@example.com,0,Otro,55.63,expense,2026-02-10,1151.13,monthly
120,synthetic_user_120@example.com,0,Compras,46.55,expense,2026-02-27,1151.13,monthly
120,synthetic_user_120@example.com,0,Gastos generales,73.82,expense,2026-02-24,1151.13,monthly
120,synthetic_user_120@example.com,0,Educacion,100.04,expense,2026-02-03,1151.13,monthly
120,synthetic_user_120@example.com,0,Suscripciones,117.91,expense,2026-02-26,1151.13,monthly
120,synthetic_user_120@example.com,0,Ocio,91.74,expense,2026-02-22,1151.13,monthly
120,synthetic_user_120@example.com,0,Compras,69.69,expense,2026-02-04,1151.13,monthly
120,synthetic_user_120@example.com,0,Ingresos,18.31,expense,2026-02-18,1151.13,monthly
120,synthetic_user_120@example.com,0,Salud,93.44,expense,2026-02-12,1151.13,monthly
120,synthetic_user_120@example.com,0,Salud,11.6,expense,2026-02-25,1151.13,monthly
120,synthetic_user_120@example.com,0,Ingreso Base,1307.77,income,2026-03-08,1151.13,monthly
120,synthetic_user_120@example.com,0,Inversion,8.32,investment,2026-03-12,1151.13,monthly
120,synthetic_user_120@example.com,0,Servicios,62.21,expense,2026-03-19,1151.13,monthly
120,synthetic_user_120@example.com,0,Ingresos,85.67,expense,2026-03-07,1151.13,monthly
120,synthetic_user_120@example.com,0,Ocio,52.38,expense,2026-03-10,1151.13,monthly
120,synthetic_user_120@example.com,0,Ingreso adicional,117.4,expense,2026-03-11,1151.13,monthly
120,synthetic_user_120@example.com,0,Ingresos,100.55,expense,2026-03-01,1151.13,monthly
120,synthetic_user_120@example.com,0,Ingresos,61.4,expense,2026-03-25,1151.13,monthly
120,synthetic_user_120@example.com,0,Ingresos,79.48,expense,2026-03-16,1151.13,monthly
120,synthetic_user_120@example.com,0,Servicios,40.06,expense,2026-03-08,1151.13,monthly
120,synthetic_user_120@example.com,0,Suscripciones,83.26,expense,2026-03-19,1151.13,monthly
120,synthetic_user_120@example.com,0,Compras,32.45,expense,2026-03-08,1151.13,monthly
120,synthetic_user_120@example.com,0,Transporte,80.94,expense,2026-03-21,1151.13,monthly
120,synthetic_user_120@example.com,0,Servicios,86.69,expense,2026-03-11,1151.13,monthly
120,synthetic_user_120@example.com,0,Otro,67.64,expense,2026-03-24,1151.13,monthly
120,synthetic_user_120@example.com,0,Ingreso Base,1071.15,income,2026-04-07,1151.13,monthly
120,synthetic_user_120@example.com,0,Inversion,9.87,investment,2026-04-17,1151.13,monthly
120,synthetic_user_120@example.com,0,Salud,50.57,expense,2026-04-01,1151.13,monthly
120,synthetic_user_120@example.com,0,Suscripciones,42.03,expense,2026-04-07,1151.13,monthly
120,synthetic_user_120@example.com,0,Ingresos,39.05,expense,2026-04-03,1151.13,monthly
120,synthetic_user_120@example.com,0,Transporte,75.28,expense,2026-04-19,1151.13,monthly
120,synthetic_user_120@example.com,0,Ocio,64.82,expense,2026-04-17,1151.13,monthly
120,synthetic_user_120@example.com,0,Servicios,57.38,expense,2026-04-19,1151.13,monthly
120,synthetic_user_120@example.com,0,Ingresos,70.73,expense,2026-04-12,1151.13,monthly
120,synthetic_user_120@example.com,0,Salud,51.41,expense,2026-04-15,1151.13,monthly
120,synthetic_user_120@example.com,0,Ingreso adicional,99.37,expense,2026-04-04,1151.13,monthly
120,synthetic_user_120@example.com,0,Ingreso adicional,70.12,expense,2026-04-19,1151.13,monthly
120,synthetic_user_120@example.com,0,Servicios,25.91,expense,2026-04-01,1151.13,monthly
120,synthetic_user_120@example.com,0,Servicios,57.35,expense,2026-04-22,1151.13,monthly
120,synthetic_user_120@example.com,0,Alimentacion,54.31,expense,2026-04-15,1151.13,monthly
120,synthetic_user_120@example.com,0,Servicios,68.83,expense,2026-04-17,1151.13,monthly
120,synthetic_user_120@example.com,0,rappi,33.4,expense,2026-04-22,1151.13,monthly
120,synthetic_user_120@example.com,0,Servicios,68.73,expense,2026-04-27,1151.13,monthly
120,synthetic_user_120@example.com,0,Salud,57.19,expense,2026-04-11,1151.13,monthly
